battery_id,cycle_uid,capacity,discharge_capacity,voltage_area,internal_resistance,coulombic_efficiency,temp_rise,voltage_drop_rate,dvdq_mean,dvdq_std,cycle_number,SoH
B0005,5122,1.8564874208181568,1.8622082913896925,12995.576751754848,0.2169199660688924,2.0,14.657850760070517,-0.0002058103011911,0.187996773702579,1.0814398610113014,1,1.0
B0005,5124,1.846327249719927,1.8521588067986772,12958.520691570684,0.0,2.0,14.349103366116635,-0.0002049342474538,2.743463921165005,25.52186669707332,2,0.9945272071416716
B0005,5126,1.835349194223408,1.8305573589032884,12912.43915309018,26.272329435834337,2.0,14.086184088788611,-0.0002003457208312,0.2628214240547714,1.3769003348256998,3,0.9886138595081708
B0005,5128,1.8352625275821128,1.8520676920024888,12838.803385055717,0.2355838393543536,2.0,14.11170503829952,-0.0002063511666635,0.2008833270479208,1.0598035704859974,4,0.9885671763794174
B0005,5130,1.8346455082120416,1.840466770409012,12832.621353931749,0.0943676360347693,2.0,14.148336412244756,-0.0002060825901955,0.6266551328682402,3.7235408912751113,5,0.9882348178817772
B0005,5132,1.8356616600675493,1.841679477280969,12900.307868070531,0.0,2.0,14.238912671220184,-0.0002053059634514,1.4499639116974328,11.673241593867502,6,0.9887821697485945
B0005,5134,1.8351461429226603,1.840590979460265,12899.545121090718,0.2705732614308204,2.0,14.13321514402649,-0.0002112417233429,1.292580884528307,10.044458911951727,7,0.9885044855913476
B0005,5136,1.8257567905665533,1.8261409202100451,12669.919929950192,29.117159992795266,2.0,13.807440926954207,-0.0002046357368874,0.0730331750304766,0.7178311439882877,8,0.9834468955151549
B0005,5138,1.8247738529891333,1.830338577696294,12583.403695863324,0.0,2.0,13.892700544578547,-0.0002131344056759,0.1107194887652667,0.6997221205453287,9,0.9829174345738104
B0005,5140,1.824613268496936,1.825154362360376,12586.498508086444,0.2192909840385107,2.0,13.967055928205554,-0.000214347138691,0.630456748565506,3.1978116813026,10,0.9828309354731992
B0005,5142,1.8246195526864504,1.8358131526132837,12497.886922527689,0.2501781770337254,2.0,14.111783954118906,-0.0002203679117112,0.2017252559514398,1.094479615705217,11,0.982834320462208
B0005,5145,1.814201935767392,1.8196543040758224,12392.204106219702,0.9250873550021848,2.0,13.783228330673383,-0.0002159360083441,0.1157153643863441,0.5586842392239706,12,0.977222853989428
B0005,5147,1.8137521577549047,1.81357370857578,12322.671165021944,0.3230624792631001,2.0,13.851003828633864,-0.0002173981742681,0.1765562472600936,0.991864166943872,13,0.9769805803238794
B0005,5149,1.8134404914735824,1.8190442133908529,12312.253855529372,5.785527950681774,2.0,14.073945713386744,-0.0002192861220313,0.2396077790514551,1.260238917671158,14,0.9768127007692818
B0005,5151,1.8025980036306504,1.7972520104446723,12267.180632113306,0.2122503601113495,2.0,13.752105212735056,-0.0002109002301961,0.3824050234673912,2.200285191841212,15,0.9709723768751648
B0005,5153,1.80210690024615,1.8075568831626525,12184.507825166738,0.4709713156661479,2.0,13.753499802910367,-0.0002173837622384,0.2159114960083702,1.1814962091577372,16,0.9707078432300708
B0005,5155,1.802579500826209,1.808222329193781,12116.035286033672,0.6812528808398118,2.0,13.879332323897623,-0.000219209554331,0.054642745165974,0.3031264896147198,17,0.9709624103091468
B0005,5157,1.8030683142834096,1.808723835484247,12042.704710366084,0.0,2.0,14.097960023062305,-0.0002261922681077,0.3696431785990241,3.236595080112896,18,0.9712257104811376
B0005,5159,1.802777624719604,1.8228431458336305,12052.376363237468,0.2822927910866213,2.0,14.19317616248692,-0.0002239866482329,0.2395153327463458,1.759169800921916,19,0.971069130069902
B0005,5162,1.8470259949329195,1.8526045946102436,12737.16953848632,0.2720291198866218,2.0,13.639261549267736,-0.0002091107681467,0.4107405229643813,2.1583094251434813,20,0.994903587398902
B0005,5166,1.847417311283644,1.8532099961480748,12594.261882514242,0.0788883675373586,2.0,14.076425661278716,-0.0002192112396115,0.7417633406255396,5.130665071674687,21,0.995114370594272
B0005,5170,1.8361774213478947,1.84177348928288,12527.585804150742,92.34374034066408,2.0,13.949929137040598,-0.0002144509136606,9.46905587425949,92.14269375841135,22,0.989059985409806
B0005,5174,1.825780747577624,1.8315681510119768,12421.797809804792,0.1033652833391542,2.0,13.949098048167984,-0.0002067033104145,0.0867244039926554,0.4479078993926314,23,0.9834597999985366
B0005,5178,1.8251136435078368,1.830760246465145,12466.903951908444,0.0,2.0,14.111915651300135,-0.000212732657663,0.2695796046954548,1.7684164711216153,24,0.9831004632950898
B0005,5182,1.825581504220376,1.8418811544565272,12189.770164348582,0.0007949893012121,2.0,14.24836182467642,-0.0002207144597384,0.1535287338474937,0.8992439533341389,25,0.9833524772367372
B0005,5186,1.814031127508391,1.81967164150676,12197.966380889337,0.0,2.0,14.04755884397575,-0.0002064757722778,1.7970468097521957,14.720207823219624,26,0.977130847840027
B0005,5190,1.8147691941158937,1.82529031819368,12124.318516298,0.0006134888445629,2.0,14.301102714927108,-0.000220137015232,0.4661645039326836,3.2641652549183897,27,0.9775284086310274
B0005,5194,1.813969388710352,1.8095825895633972,12105.463830917986,106.43489165298593,2.0,14.435181032170991,-0.0002223135711962,0.9894035908738676,6.080193860779924,28,0.9770975921350076
B0005,5198,1.802765665167823,1.8083239355886047,12126.8623112939,0.2822927910866213,2.0,14.206048215810238,-0.0002140358753904,1.0236128819613148,6.834266209829172,29,0.971062688037682
B0005,5202,1.804077040117352,1.8093925598709264,12052.168118216476,0.1016125815567306,2.0,14.393510529371245,-0.0002202464730093,0.5634052634528347,4.308880119742989,30,0.9717690623092357
B0005,5206,1.8518025516704488,1.8516984182462692,12342.860395869691,0.6545086506486988,2.0,14.675104217917593,-0.0002103512138248,0.1985373798372392,1.5128043334502126,31,0.9974764875349148
B0005,5210,1.8307038456739428,1.833434500502917,12158.61244358766,43.29036623336557,2.0,14.290883122822844,-0.00021191144811,0.2363536986132392,1.923259551075202,32,0.9861116348782738
B0005,5214,1.8199041089501269,1.82552007406922,12090.442151475516,0.0007622568837481,2.0,14.317186759156945,-0.0002114723459688,0.2783056719007649,2.1173293321101445,33,0.9802943389447216
B0005,5218,1.809307963702852,1.8119253457013376,12049.66420621194,0.9243443623855296,2.0,14.325167230088624,-0.0002109942034886,0.3191085152035251,2.268728738107754,34,0.9745867078945716
B0005,5222,1.80460990458052,1.80997986098923,11976.867791103836,8.595524742105813,2.0,14.34073567336112,-0.00021656179272,0.9010502174388868,9.30414899275735,35,0.9720560906279804
B0005,5226,1.7993770651972192,1.8023123999303856,11989.106945658028,0.2822927910866213,2.0,14.37021457918933,-0.0002129289528631,0.4873910956998424,3.397803989169876,36,0.9692374130950108
B0005,5230,1.7884432335370462,1.7911338382526294,11950.882788286366,0.2822927910866213,2.0,14.309518758624671,-0.000210697073253,0.1869419016152974,1.3539186191612027,37,0.9633478867036308
B0005,5234,1.7829230484252725,1.788452292848102,11878.79780781186,0.0008718475566098,2.0,14.56117128104573,-0.0002141142224738,0.4291239077723408,3.0387820348129924,38,0.9603744299218226
B0005,5238,1.7730337158018288,1.7785540456090476,11847.052100114555,0.0006303520459502,2.0,14.533030810159808,-0.0002112614731159,0.34690015038226,2.789494909365378,39,0.9550475246530082
B0005,5242,1.773037755078937,1.7868391559393857,11805.352071032648,0.2822927910866213,2.0,14.9625397645524,-0.000217500986631,0.6364612575639442,7.752622364085845,40,0.9550497004162604
B0005,5246,1.7678721106662054,1.768157653381721,11812.746675356218,120.00607347010254,2.0,14.688133791771747,-0.0002153651317506,0.4760189206943903,5.069880569404894,41,0.9522672175646096
B0005,5250,1.762315070409309,1.7648265387304267,11781.014766520122,0.758639145404717,2.0,14.619817529533126,-0.0002158762998054,0.2471404144919955,2.1528884834606736,42,0.9492739086983168
B0005,5254,1.7676172924938447,1.7733436305792147,11820.10360308422,1.1989430752768422,2.0,14.512437052253588,-0.0002183510362289,0.4959285705747429,2.791164783085775,43,0.9521299593373236
B0005,5256,1.762668359743147,1.7601147505764203,11769.19643849753,0.8724554202256205,2.0,14.446743805244108,-0.0002177409236529,0.1864512278815584,1.298845191685995,44,0.949464208578551
B0005,5260,1.7517304870664143,1.757374978738392,11693.658780966123,0.2055602478942758,2.0,14.77141986808013,-0.0002174354278045,0.0904312338736337,0.5485566572010604,45,0.9435725054869608
B0005,5264,1.7418496047960008,1.744620397296994,11630.378106457822,117.32636904126494,2.0,14.636820142997838,-0.0002162649312825,0.1014230628356213,1.05369443613509,46,0.9382501520146928
B0005,5268,1.7360913511847138,1.7386201492030702,11586.791129643494,0.0,2.0,14.968103989604948,-0.0002192022024583,0.7082316949477983,7.553569421208778,47,0.9351484592444022
B0005,5270,1.7936240148573608,1.790722259788455,11851.1148330259,47.48630859998888,2.0,13.971474283998704,-0.0002200861699162,4.593022105428211,57.87670716236558,48,0.9661385230754256
B0005,5274,1.7831890223273277,1.7913113132907783,11860.966050968367,14.11699754406981,2.0,14.1893208710724,-0.0002169856220005,0.0533685511860369,0.69760824724755,49,0.960517697201241
B0005,5278,1.7673642076278957,1.7700880957637233,11751.5256866411,20.9922108566724,2.0,14.352750938616811,-0.0002165471935341,0.0960592260381607,0.7289417663448942,50,0.9519936347583844
B0005,5282,1.7570177850353066,1.7598278568883672,11668.24479319786,0.0,2.0,14.59308788329048,-0.0002210499962115,0.1385399566430802,0.8153956002032453,51,0.9464205172265512
B0005,5286,1.7468706179837907,1.7499511421068557,11635.655118017938,0.3100092789376522,2.0,14.583992702544728,-0.0002203658803059,0.1667007698677044,0.8823330002606498,52,0.9409547290193552
B0005,5290,1.7417172507457144,1.7446925959372892,11593.768364669637,0.6074959350892857,2.0,14.916816161989626,-0.0002240414179594,1.6612079408524316,20.58297801538149,53,0.9381788592880078
B0005,5294,1.7364225056478186,1.7362915909239185,11591.273235399332,0.1869116531725814,2.0,14.907795449799693,-0.0002237699712081,0.8273807863554561,9.875948121320535,54,0.9353268361401416
B0005,5298,1.7263217239235826,1.7265165338165631,11553.230796868658,0.1313736979128568,2.0,14.846410858502423,-0.0002231673495093,1.1652578338000663,13.426827234761888,55,0.92988603346571
B0005,5302,1.7158065389330133,1.7186369691168597,11523.995556711994,157.084296568961,2.0,14.870772818342672,-0.0002194417316994,0.2745343925666285,1.7661744596477984,56,0.9242220117908768
B0005,5306,1.710533351135192,1.7133480288301208,11478.939367464263,0.2822927910866213,2.0,14.99559080785681,-0.0002231178728477,0.6766754245182101,5.958132414520987,57,0.9213816005181208
B0005,5310,1.706014499648521,1.708639569656708,11481.039585663266,0.1169355747051377,2.0,15.18272393604056,-0.0002231912424621,0.2704747621856046,1.7280390971699326,58,0.9189475137389712
B0005,5314,1.7003110272642588,1.70019833789109,11448.198883548866,0.8557186562179329,2.0,14.887531313672792,-0.0002239753526766,0.5106427293589004,2.779241936081952,59,0.91587532896664
B0005,5318,1.6945798601797897,1.6943716802061903,11436.90536700908,0.2311199472919488,2.0,15.0296220455676,-0.000225370548306,0.1941748697141119,1.443867406548567,60,0.9127882263985314
B0005,5322,1.6849029086609286,1.687662783612273,11375.226175431018,35.007958491611376,2.0,14.964020866727513,-0.0002245134680137,0.7621027954763444,10.564147768384135,61,0.9075757205607076
B0005,5326,1.6744741591159715,1.6771092019617837,11373.86172597541,42.00251269806578,2.0,15.11516662982816,-0.0002197895539352,0.5227976300535081,5.789719868923843,62,0.9019582574806932
B0005,5330,1.6745692479879102,1.6772515523618836,11330.800320742905,0.2822927910866213,2.0,15.320418838082048,-0.0002262536892251,0.7050902515274194,6.330401099970004,63,0.9020094772578232
B0005,5334,1.663716375981405,1.6664402616930845,11304.481141911134,0.2822927910866213,2.0,14.680949392468833,-0.0002235342163014,0.4469798858829625,3.1129017356041397,64,0.8961635599169331
B0005,5336,1.659013868748246,1.661858949342098,11309.271593989532,0.1673954789716803,2.0,15.118650554275362,-0.0002234522255438,0.2412736362888102,1.548708277040219,65,0.8936305466681351
B0005,5340,1.6538540573335014,1.659490727290284,11261.384255857489,0.0,2.0,15.387670747790338,-0.0002267256487062,0.8359099272554382,9.272260960455432,66,0.8908512057704356
B0005,5344,1.642653782130131,1.64823264394314,11226.207163896515,0.2822927910866213,2.0,15.357516117801923,-0.0002224257393601,0.489988429134372,3.7066467951077593,67,0.8848181591266644
B0005,5348,1.6378578430223698,1.6407625632675602,11184.00318050602,32.6765026769922,2.0,15.470975282060667,-0.0002256206227663,0.7279889953168944,5.733277003181698,68,0.8822348186450749
B0005,5352,1.6327350407099108,1.632986173885845,11186.64066961734,0.7666744344484554,2.0,15.479585461421642,-0.0002238738039138,0.3871333714100726,3.3675280347249044,69,0.8794754127611388
B0005,5356,1.6277528915533617,1.6278078481877754,11145.588995385364,2.870307161594992,2.0,15.53059336201693,-0.0002282332508586,1.6550333199119844,12.644629511964244,70,0.8767917699307697
B0005,5360,1.622125485521159,1.624927719737965,11102.67157600139,0.2673691843068954,2.0,15.646825298645222,-0.0002294205538619,3.977188101003309,41.38558536640158,71,0.8737605584239755
B0005,5364,1.6113256603765849,1.614076274351381,11109.399502129094,0.3340883062260233,2.0,15.530598815157909,-0.0002217965859049,2.6259338732604096,28.49810822090693,72,0.8679432148624368
B0005,5368,1.6065631397488385,1.6065830593912298,11071.151509052132,0.0,2.0,15.659654187854656,-0.0002262969207736,0.6330649236191551,4.01192647851721,73,0.865377875300024
B0005,5372,1.6015142233917594,1.601822449072397,11031.112219058678,0.0,2.0,15.721449284438634,-0.000228093434565,0.4228289506781616,2.995988115259882,74,0.8626582682073706
B0005,5376,1.590369231400328,1.595911542366847,11006.458520326862,180.5594810041667,2.0,15.636341061271429,-0.0002212187812678,-0.0818157047182892,10.254404276514434,75,0.8566549999565575
B0005,5380,1.5857889968242211,1.5858569944247098,10993.89989537419,0.5429784159876806,2.0,15.755889915907437,-0.000224332685826,0.4119634649578093,2.764755989634576,76,0.8541878490754121
B0005,5384,1.5849430707374117,1.58796873149791,10980.573208124382,33.02422785455346,2.0,15.538056333201084,-0.0002262176284446,0.3626397869835525,3.0253002516682583,77,0.8537321895986371
B0005,5386,1.5955263892495937,1.5984457053584982,10998.368283732205,1.1936616209228694,2.0,15.368933837825796,-0.0002292889993764,0.4910702074061671,2.5677827792182097,78,0.8594329115068512
B0005,5390,1.5747301747801037,1.5749631073729622,10922.585923246108,0.2822927910866213,2.0,15.606757420264358,-0.0002237089978978,1.620637748475963,18.13408829125842,79,0.8482309964083233
B0005,5394,1.5649019950937946,1.5679549938516069,10884.532567865865,0.0,2.0,15.859606799435497,-0.0002231376010466,0.9110477028339582,5.268857165844636,80,0.8429370312695895
B0005,5398,1.5597659473370362,1.5626818266654003,10884.76656042668,0.0,2.0,15.954230974235012,-0.0002221494204206,0.7569394626890584,6.059380919699509,81,0.8401704907053152
B0005,5402,1.5594815668184234,1.5593425421577596,10872.805831238356,0.2822927910866213,2.0,16.054095683780297,-0.0002267307467388,1.055695561541832,8.102648944574696,82,0.8400173086716404
B0005,5406,1.55468935359061,1.5545947985787,10846.50578709157,0.0,2.0,15.777355515521691,-0.0002242508763255,0.4135604607805265,3.594797617994264,83,0.8374359751414074
B0005,5410,1.5488741079890418,1.5461772407316026,10835.518865660184,0.2442686032401325,2.0,15.907662330384,-0.0002273941256811,1.3622641559884738,8.930473968195292,84,0.8343035835418967
B0005,5414,1.538236598942558,1.5383482589516728,10768.90182572629,0.0,2.0,15.826652801690564,-0.0002257600759303,3.326605287072045,28.61752138599464,85,0.8285736718133293
B0005,5418,1.527914258251028,1.528271863398792,10731.458318005232,0.0,2.0,15.954254937496124,-0.0002202108057896,0.8989049727160882,6.049680030069289,86,0.8230135260370757
B0005,5422,1.5285252629756445,1.5311944057329028,10725.229780833672,0.4151401986995071,2.0,16.22438162361843,-0.0002277745658865,0.6642363613008877,3.800707444513548,87,0.8233426447360579
B0005,5426,1.522647325284378,1.528527961481745,10739.439890251955,0.0,2.0,16.010197903713696,-0.0002207976682374,0.9306989792403464,8.220391837278243,88,0.8201764839394089
B0005,5430,1.5174859938489869,1.5205978310704111,10704.838614078686,0.1533375537608673,2.0,16.000714537246417,-0.0002200546528388,0.7130351248102047,5.837340143369021,89,0.8173963242800902
B0005,5433,1.605818899130659,1.606090395519893,11192.19125061167,0.2822927910866213,2.0,15.984518757535913,-0.0002264297331707,0.8813639359310594,6.62100164761956,90,0.8649769888680269
B0005,5436,1.5638491446744425,1.566981190365803,10845.294183491107,0.4400964792816616,2.0,15.805869620507847,-0.0002345582781049,0.2806633090981275,1.448948940977484,91,0.8423699116610505
B0005,5440,1.5480915247767786,1.553600056658978,10807.415754199068,0.0007165646694876,2.0,15.83625204877994,-0.0002303202430513,0.2521008705411134,1.3540631187569565,92,0.8338820438085877
B0005,5444,1.5323755631868592,1.5354532295968568,10782.295348555082,0.4318504124089882,2.0,15.786648035540566,-0.0002215565106069,0.5898271976926474,4.324162238213669,93,0.8254166152720489
B0005,5448,1.5269528268489705,1.5273598992337225,10726.096226009313,0.252398249465499,2.0,16.034013758102205,-0.0002284546001191,0.5193621683623967,2.79221962090008,94,0.8224956494324318
B0005,5452,1.5169573017136326,1.5199763075992612,10698.003971095091,0.7896084209203575,2.0,16.03829558806815,-0.0002239357018202,1.0002597112808411,8.97469147510464,95,0.817111543392579
B0005,5456,1.511897596014269,1.5151162567163945,10659.118097298697,42.75303469675333,2.0,16.114170174548434,-0.0002253587824299,0.3651903747046776,2.585619300606206,96,0.8143861246029738
B0005,5460,1.5065638960681105,1.5069925475640369,10661.26977305315,0.0710905386690523,2.0,16.104541751657766,-0.0002230845980482,0.3672293397641372,2.4174001233774214,97,0.8115131183620761
B0005,5464,1.5015453526671363,1.5045239508927848,10619.422159786243,0.6819206002821798,2.0,16.17603498891534,-0.0002265035628611,2.5505381184703597,29.916133904577045,98,0.8088098717121405
B0005,5468,1.4908444050400238,1.493612393727643,10594.890406092443,21.857245637014,2.0,16.08822821247103,-0.0002187964828103,0.423531072742753,3.0550336559495186,99,0.8030457886878685
B0005,5472,1.485868384561201,1.4833245482918351,10597.617274227625,50.22337939319253,2.0,16.075180635911064,-0.0002172388276228,0.2546866609897709,1.42534927056479,100,0.8003654470798279
B0005,5476,1.480413677976106,1.483242911703034,10557.05041025018,0.4969909303883765,2.0,16.172690974475017,-0.0002191105387174,1.3368715967152336,10.432144542063591,101,0.7974272604140162
B0005,5480,1.4752095869031632,1.478111626048806,10521.905506501058,0.4185933292216807,2.0,16.200476804496205,-0.0002197272326629,0.3348698060490879,1.6646941968394924,102,0.7946240682056632
B0005,5484,1.4859035988304024,1.4862456196586242,10541.279886007636,0.4074590500292728,2.0,16.249829217416593,-0.0002258521182063,0.6856968544678796,4.926920851184192,103,0.800384415303801
B0005,5487,1.4960918298136696,1.4991930314461606,10594.762023936204,0.2395547445123342,2.0,15.950679075004995,-0.0002284234934897,0.2270075575415934,1.089123568004122,104,0.8058723226653156
B0005,5491,1.4808005946928984,1.4836583409472397,10512.06240046607,0.2501639956379914,2.0,16.155240265711747,-0.0002289199280089,0.5759309927439602,3.279572642957384,105,0.7976356737393389
B0005,5495,1.4697543268466824,1.4727036656262296,10484.1154434059,0.0007815157686894,2.0,16.16183503433765,-0.0002231050714741,0.8373536344087975,5.3909430341593945,106,0.7916855834115801
B0005,5499,1.4539012274845928,1.4566784471012555,10368.121909931497,2.847824501845357,2.0,16.250618473737948,-0.0002238509318591,2.172169819429125,17.75439594942217,107,0.7831462853887026
B0005,5503,1.454146206723569,1.456966061271269,10440.989240878256,0.2930141614930677,2.0,16.315984698207895,-0.0002173511617859,0.854588070101062,5.258657755874965,108,0.7832782438583529
B0005,5507,1.455023751906683,1.4550314207475024,10403.062160397993,104.82036434570269,2.0,16.35810597845816,-0.0002243641090611,0.4656923624557755,4.687235929310215,109,0.7837509350133122
B0005,5511,1.449042163761236,1.4518366463592267,10405.579980122711,1027.130495661586,2.0,16.34813032962434,-0.0002217373005757,0.0483567342423599,12.516512591202318,110,0.7805289427291895
B0005,5515,1.4386709371480566,1.4411331100358873,10379.307624965666,0.2822927910866213,2.0,16.264047929098393,-0.0002152071364523,1.1801857158298883,7.068651640831891,111,0.7749424644709049
B0005,5519,1.433445432156979,1.444530263270541,10337.844305724702,0.2822927910866213,2.0,16.385090063420744,-0.0002159226002444,0.3431352572672045,1.732092625717326,112,0.7721277376203589
B0005,5523,1.4333958900838095,1.4335079786231053,10333.264928907529,0.2341270936134926,2.0,16.474277928646178,-0.0002194324254084,0.3548641260372456,2.283453362557652,113,0.7721010517012334
B0005,5527,1.42806487344776,1.4311431248760578,10339.178478904909,79.97570572495268,2.0,16.333572416135485,-0.0002150022933478,4.514068928795646,46.94085798098577,114,0.7692294908297355
B0005,5531,1.4229203181741186,1.4258337652649828,10303.122220127689,0.4005715823248532,2.0,16.35504081899435,-0.0002158186108475,0.7420432980677852,5.564612444455881,115,0.7664583676775117
B0005,5535,1.417429032731308,1.422904658135005,10262.459340326595,0.0005166097859549,2.0,16.43792865465601,-0.0002170873687012,0.656264736204964,4.310498245356736,116,0.7635004777498813
B0005,5539,1.412409228794446,1.4179433529099623,10222.725885846208,0.0,2.0,16.581995687465167,-0.0002173327284815,0.408382633529832,2.001754387769767,117,0.7607965521102183
B0005,5543,1.412578792940193,1.4154049964971247,10216.911325269026,0.2604953259593872,2.0,16.626489690750258,-0.000220923206946,0.5007034755045126,3.788980316451121,118,0.7608878881159706
B0005,5547,1.4075983731469897,1.4103518927617875,10237.959897583729,0.5429391532339594,2.0,16.42538348162702,-0.0002161181500034,0.321438456782286,1.361714131214949,119,0.7582051768100097
B0005,5551,1.4333920485221476,1.4338059102872582,10289.555237885652,1.2530701622233946,2.0,16.01011809255472,-0.0002235749718737,0.3667443901350415,1.8719002963064173,120,0.7720989824377315
B0005,5553,1.4382550176792908,1.4438234322062464,10338.310489578716,0.103832079629087,2.0,16.130416435129057,-0.0002246563420248,0.3924063662956844,2.377743667071247,121,0.7747184287655713
B0005,5557,1.4173547174485526,1.4201400895562115,10270.53666628592,0.2822927910866213,2.0,16.138546219451303,-0.0002165332078236,0.3463534077064682,2.2504518351319445,122,0.7634604477007024
B0005,5561,1.406981663677643,1.4125633001489288,10232.313122568688,0.1491475483209277,2.0,16.318801182774273,-0.0002137690103938,0.2721777113294777,1.2867184761834527,123,0.757872985240904
B0005,5565,1.4012037783587623,1.406986597186905,10187.203266176572,0.000662339986741,2.0,16.481748907587207,-0.000213648390098,0.2874910580364048,1.5796115558305697,124,0.7547607178190571
B0005,5569,1.3967008232726328,1.3994873461826969,10187.880830427874,0.5234313726161383,2.0,16.536440254271152,-0.0002137530887896,4.825221818140125,50.22893813608249,125,0.7523351936621818
B0005,5573,1.391284788852726,1.3916131132024632,10119.366832834792,0.1394063659523189,2.0,16.564718984299457,-0.0002148543557379,0.4671067796135243,3.5168782025973626,126,0.749417837821699
B0005,5577,1.3862287677978349,1.3864015614305265,10117.54413358144,2468.1593356738263,2.0,16.617226929254592,-0.000211341194572,1.38272340781167,11.664604212792682,127,0.7466944037718939
B0005,5581,1.3804366761974138,1.3832480679849246,10114.189361222228,0.0,2.0,16.626935357218827,-0.000208642474179,1.065642886188233,6.581168794582703,128,0.7435744841131501
B0005,5585,1.3752364150256224,1.3782288895652446,10080.502095336658,0.724505341750192,2.0,16.631867304783004,-0.0002100512557813,0.9023321510652862,5.5775801354436165,129,0.740773354887346
B0005,5589,1.3705128024895008,1.3760403622821893,10041.422798620097,0.2780058652003468,2.0,16.725445225337303,-0.0002122899254408,0.4910730036881017,2.7853680381662977,130,0.7382289732324249
B0005,5593,1.37050855662704,1.3735266635715964,10032.413234300788,28.886864542276907,2.0,16.797668142189874,-0.0002136233863071,13.45090904147539,160.40083249883466,131,0.7382266861916331
B0005,5597,1.3647355108681518,1.367647487113573,10033.283736646445,0.1454336238939977,2.0,16.80616922046252,-0.0002097409108726,16.46134762260876,163.36489663360575,132,0.7351170256067291
B0005,5601,1.375392016895762,1.378347477695246,10075.854754255,0.4010515763923993,2.0,16.400860856474477,-0.0002118715328291,0.5245167463544986,3.106229441424213,133,0.7408571700903982
B0005,5603,1.3861115151535393,1.386153894427024,10128.326912677923,0.4227676312948226,2.0,16.389136047076708,-0.0002148208508215,0.831023825429555,5.509409740915634,134,0.746631245442362
B0005,5605,1.369850003583894,1.3726460341903446,10086.94621747566,0.525192172263207,2.0,16.588301804379274,-0.0002078258699085,0.3602232399953511,1.5413643309035625,135,0.7378719555127385
B0005,5609,1.3647827949260758,1.3648002675356457,10036.368224523174,0.7340340997410147,2.0,16.826541333136333,-0.0002114638408814,2.820240683032271,27.548757378854027,136,0.7351424952422321
B0005,5613,1.3543220466259964,1.3546030025694646,10009.21878836506,0.2822927910866213,2.0,16.836512039376533,-0.0002032208634823,1.6827775829640117,14.02650943365045,137,0.7295077959801873
B0005,5617,1.3546417018378962,1.3576800946731262,10011.388338588094,0.103796341479187,2.0,16.86411154086126,-0.0002062255189778,0.4513650218882041,2.012206071231361,138,0.7296799787853684
B0005,5621,1.354703921319241,1.3604753412263026,10003.74615926464,0.2822927910866213,2.0,16.804853615121868,-0.0002098551712101,8.213427356954723,97.02041175011406,139,0.7297134934112404
B0005,5625,1.349314997503458,1.352035321921492,9963.75729559753,105.99270314133148,2.0,16.87967510910264,-0.0002083459765712,-14.320946042207003,189.62344221642505,140,0.7268107407422197
B0005,5629,1.3441891937970554,1.344455640139486,9923.47509323455,0.2822927910866213,2.0,16.995276489983507,-0.000210255163022,4.041282209456958,37.38819246457984,141,0.7240497181525037
B0005,5633,1.3389913790695755,1.341941286404825,9924.193755428838,0.5418575254120835,2.0,17.06703993798398,-0.0002052118824293,0.6364798656390297,4.616885164756921,142,0.7212499067079483
B0005,5637,1.3389145230206971,1.344547421205372,9922.919942343498,0.0005601213103531,2.0,17.107024954305132,-0.000206487862524,0.6594159039240907,3.001156320036144,143,0.7212085080709221
B0005,5641,1.3340066759761655,1.3398171492699738,9901.43887921844,0.1095936606718164,2.0,16.945504919263865,-0.0002031412404191,1.6873243069490564,14.543103633285677,144,0.7185648881952922
B0005,5645,1.3286444309174914,1.3285697377439314,9895.210409257154,0.2822927910866213,2.0,17.04263381440642,-0.0002019406414138,0.754061692859605,4.679422503248089,145,0.7156765060826297
B0005,5649,1.323170899227622,1.3206047567405603,9856.18295738118,0.2822927910866213,2.0,17.146061501310335,-0.0001990518367124,0.7417350121746974,4.548668052596145,146,0.712728179243196
B0005,5653,1.3181691588445197,1.3212064312818697,9861.099668861456,0.1945223916266097,2.0,17.230767232558478,-0.0001945107106447,0.2672590369682276,1.139642166392674,147,0.7100339835664495
B0005,5657,1.3184664436640334,1.3217059050222524,9868.647817372388,0.0,2.0,17.188428942368493,-0.0001956742681,0.3258552855231485,1.7743887988799434,148,0.7101941165230105
B0005,5661,1.318293040102702,1.323829972127853,9822.064824605364,0.1106924315753346,2.0,17.178859234884563,-0.000201370202413,0.2934169792562304,1.465405663761635,149,0.7101007124097442
B0005,5665,1.323872422244268,1.3267322290076649,9850.595609226726,0.3277226634726425,2.0,17.074514409785763,-0.0001980368681655,0.507248058723368,2.477323723074857,150,0.7131060557689289
B0005,5668,1.3601216766554785,1.3575398775472598,9964.645546237289,0.2822927910866213,2.0,16.811456161135776,-0.0002149223355728,0.5640758679424746,2.8027423635141138,151,0.7326317762261327
B0005,5672,1.3395306867947354,1.342341621517892,9899.593498213542,0.1893035500910621,2.0,16.854845880447176,-0.0002081031648405,0.5971707203258011,2.8091043592681806,152,0.7215404057003532
B0005,5676,1.3290286565120697,1.3344792669215713,9871.473917893847,0.2822927910866213,2.0,16.883295227709333,-0.0002022676429472,0.378963351088415,1.6586876702867972,153,0.7158834698305494
B0005,5680,1.3236741274998955,1.3265684459831906,9867.007613492277,1.8593578760199447,2.0,16.960114582662673,-0.0001991004872892,0.4668214319160437,2.068209559143529,154,0.7129992439790139
B0005,5684,1.318633896753293,1.316124181025808,9831.798515261087,0.002032316097306,2.0,17.054593074165023,-0.0001990260054384,0.9951937112638992,7.37033585127386,155,0.7102843154047167
B0005,5688,1.3134751321324272,1.316337259001306,9836.508407583784,0.2822927910866213,2.0,17.076234999880487,-0.0001942764725911,0.3198597230148075,1.4905535323879162,156,0.7075055383642602
B0005,5692,1.3132020634442203,1.3185349230580636,9791.77728632154,0.8068396149545601,2.0,17.110051344706037,-0.000200404022365,0.9098183493300956,6.236926234822385,157,0.7073584494666222
B0005,5696,1.3077959946944353,1.3111677980674024,9792.88907696749,0.2112879505824988,2.0,17.11304348625484,-0.0001957102623495,0.6148293619922434,3.58284176905087,158,0.7044464616507271
B0005,5700,1.3030329186405918,1.3087368973666875,9761.285232580332,0.0005800923818615,2.0,17.13893617316182,-0.000193544747909,1.7075375009181708,16.81027020328726,159,0.7018808229071345
B0005,5704,1.3033573559038203,1.3092016673136964,9757.848524397872,0.0004066168056576,2.0,17.200746296233348,-0.0001968970495438,0.7783932355588113,4.132786409641791,160,0.7020555815721221
B0005,5708,1.3034100438655642,1.3062221832599648,9717.793268200368,0.0,2.0,17.288190869964865,-0.0002030659907079,1.6716561867096784,12.582169256384228,161,0.7020839620292979
B0005,5712,1.2978870806495706,1.3010542064923696,9720.773689595364,41.46396171253579,2.0,17.189499124142696,-0.0001955407510237,2.046910250832297,20.01104566919869,162,0.6991090088170862
B0005,5716,1.2980735056918902,1.3009167967126642,9713.065233112688,0.8122272442999794,2.0,17.326234021435575,-0.0001996098798649,0.3699277781486397,1.811583571832708,163,0.6992094269724849
B0005,5720,1.293463613844243,1.2964489671501744,9690.74869659929,0.3734344575384175,2.0,17.249863714488413,-0.000196439331694,0.5082569147394835,2.9613546171932343,164,0.6967263011532884
B0005,5724,1.288003392619118,1.2909942441071331,9696.241584279054,33.10420016681526,2.0,17.184371334361302,-0.0001900502015189,0.4047753815656887,2.59467715381123,165,0.6937851440175623
B0005,5728,1.2874525221379407,1.29025583069337,9689.993150049746,0.0,2.0,17.216942218078458,-0.000192531602887,0.8214930394979045,6.091817957898376,166,0.6934884167276276
B0005,5732,1.3090153642307354,1.306287548876052,9734.17671591264,0.2822927910866213,2.0,16.12740383108906,-0.00020461407205,2.1560534251694228,19.53071640663393,167,0.705103277055252
B0005,5734,1.3250793286429356,1.3278477810692249,9811.893740105412,3.786866476695611,2.0,15.96007943266408,-0.0002139626553571,0.5306613380627827,2.968530841265678,168,0.7137561578838875
B0006,4506,2.035337591005598,2.0466862715427148,13103.48232078955,0.0084130808749383,2.0,14.892402164032069,-0.000192741140627,-0.0001970733081297,0.0006663682969319,1,1.0
B0006,4508,2.025140246031412,2.03154394759594,13058.923303599116,33.18613592860112,2.0,14.614419485126056,-0.0001941514195342,-0.2707435713382459,2.664011872966332,2,0.9949898508143076
B0006,4510,2.013326371345464,2.024752925156555,13005.045146983372,0.079431732791223,2.0,14.301600404582969,-0.0001921249401752,3.237804575374115e-05,0.0027643722647201,3,0.9891854698908896
B0006,4512,2.0132846655407413,2.013275945595366,12941.951857897946,46.38994589793329,2.0,14.201631957461885,-0.0001890445943224,-0.2826304678257417,2.767426089930619,4,0.9891649790372312
B0006,4514,2.000528337624771,2.011953536848868,12917.555092238965,0.0454245954238977,2.0,14.350205069409824,-0.0001988411193819,-0.0002322127977872,0.0008766097582597,5,0.9828975529491258
B0006,4516,2.0138990759931645,2.0250948823295176,13030.28678072546,0.0454245954238977,2.0,14.50295526641672,-0.0001944831419989,-0.0002410408578511,0.0007142249189276,6,0.989466850557287
B0006,4518,2.013101105626967,2.039051014759945,13021.625713396816,0.0454245954238977,2.0,14.618998075271003,-0.0002005164812438,-0.0002793312492172,0.0008568675695932,7,0.98907479256665
B0006,4520,1.96878982627284,1.979871515428616,12729.225786517389,91.99068672847348,2.0,13.984205362919573,-0.0001968962754624,-0.0669605334971191,0.6484757325547448,8,0.9673038197560736
B0006,4522,1.9681661764334244,1.9683945345587424,12655.478017268177,0.0273765498143572,2.0,14.167366354380595,-0.0001970397216553,-0.0002336130417265,0.0007542127459117,9,0.966997408749776
B0006,4524,1.9572307917560536,1.9681355599539176,12638.464911215302,0.0271415074349115,2.0,14.477533674853092,-0.0002054713990884,-0.0009628124222769,0.0066057155377075,10,0.9616246466459876
B0006,4526,1.9455991514129352,1.9570084266142973,12576.45825755864,0.147771880199717,2.0,14.014941311545346,-0.0002013287969578,-0.0002959302087684,0.0008930340669993,11,0.9559098009149796
B0006,4529,1.934750504484113,1.934570508000508,12442.789697038088,0.064738062749619,2.0,14.18991383907284,-0.000201919766118,-0.000181359670053,0.0010547347075667,12,0.9505796547137972
B0006,4531,1.9232799539368028,1.922945005087564,12372.852900809336,0.5972183134143352,2.0,13.746072569043424,-0.0002025517146214,8.716470641784907e-05,0.0033697657026818,13,0.9449439554578114
B0006,4533,1.911889930948487,1.923461924655134,12361.133989961618,0.1173153282996547,2.0,14.146993760925168,-0.0002063624701763,1.0572718223219049e-05,0.0028507683368676,14,0.939347820920401
B0006,4535,1.9010667141979305,1.9122390717118125,12274.809996972494,0.0,2.0,14.402037614469172,-0.0002129904600589,-0.0002963088934285,0.0009996017598445,15,0.9340301690486008
B0006,4537,1.8891989948061456,1.9006614281503835,12192.556332730588,150.9097142047461,2.0,14.60590179498804,-0.000211225123882,-0.015877814055433,0.1493507298452717,16,0.9281993331989462
B0006,4539,1.878278372248849,1.889480068018992,12136.948561541509,23.146624201972504,2.0,14.3063488708693,-0.0002070758332486,-0.046013701346917,0.4358054077460537,17,0.922833824005014
B0006,4541,1.8675697161520208,1.8788096812159545,12054.973192327576,0.0358292906835787,2.0,14.413945917488942,-0.0002150024708656,-0.0006072798931776,0.0031119531022165,18,0.9175724579573612
B0006,4543,1.8675892574453767,1.8878324506570503,12043.55640977427,0.0454245954238977,2.0,14.320918581783722,-0.0002163692807743,0.1215304892404823,1.1552044459233677,19,0.9175820589657848
B0006,4546,1.979626548250818,1.985749428826165,12793.492494825345,0.0240756397335228,2.0,13.037950118070915,-0.0002012045867805,-0.0003878929466301,0.0013256305760842,20,0.9726281070025072
B0006,4550,1.9575499080884025,1.9738056988776345,12670.204490732496,0.0,2.0,12.996805882959716,-0.0001984446382232,-0.0002707676882134,0.00085693450148,21,0.9617814345585968
B0006,4554,1.9458150170787551,1.9569991014977948,12581.127332421904,0.0658929976611959,2.0,13.108718229485884,-0.0002050073226375,-0.0003236179793657,0.0010398122447972,22,0.956015859814876
B0006,4558,1.9242461121680088,1.9406597907136605,12445.319438794526,0.0,2.0,12.935037764819526,-0.0002029339533173,-0.0002793925910139,0.0009053034880303,23,0.945418647339628
B0006,4562,1.945981133142164,1.9511999741698745,12525.014786023185,0.0003759928505508,2.0,13.266017993577467,-0.0002046391325718,-0.0002637953832555,0.0007665526455386,24,0.9560974757905956
B0006,4566,1.901407930553079,1.9013326779580948,12228.575407769786,0.1159699107443197,2.0,12.987207576587792,-0.0002045147523552,-0.0002680418299393,0.0007409999849885,25,0.9341978151219876
B0006,4570,1.878674213680085,1.8954830931842344,12172.404226339271,0.0,2.0,13.624120247347044,-0.0002187993796671,0.2697462547865757,2.575620393861257,26,0.923028308415357
B0006,4574,1.8683061328264217,1.8853992629523644,12116.74443987489,0.4222552376285121,2.0,13.43082888658464,-0.0002146967540676,0.2860018431155863,2.7152031661580978,27,0.9179342734506016
B0006,4578,1.8560244070083,1.8670721457157264,12092.06037113033,0.1948637646809706,2.0,13.515770965843815,-0.0002197744374464,1.2537154625861222,12.02211289442641,28,0.9119000283836428
B0006,4582,1.8451997961855773,1.850825957126696,12074.701212319222,0.0002619762614774,2.0,13.439233640122072,-0.0002196833092998,0.3443763959967685,2.106628661106228,29,0.9065816915777204
B0006,4586,1.857228890885317,1.8688760569089715,12038.69950042441,81.73466417306486,2.0,13.653014798359973,-0.000221986900847,0.0894363300173136,1.8323383056268805,30,0.9124918141799352
B0006,4590,1.924776088909064,1.932976812165382,12341.4112013374,0.0001898334878754,2.0,13.522056482056122,-0.0002029081424424,-0.0002574639141772,0.0007799841290423,31,0.9456790349742868
B0006,4594,1.8822317526092551,1.8901259909848644,12132.503504346409,0.0183580692064497,2.0,13.223167429228386,-0.0002093146834599,0.1963797547249381,2.32871553666278,32,0.9247761948322796
B0006,4598,1.855276687885587,1.871492930142739,12041.702725091383,0.1410833414012343,2.0,13.33481233087095,-0.0002158536640632,0.0198659055796774,0.2137907274308214,33,0.9115326597829658
B0006,4602,1.839250891718188,1.8525463628480676,11980.823813905074,0.0454245954238977,2.0,13.572112390416212,-0.0002221714110103,0.1860770668939219,2.152278085974824,34,0.9036588818710268
B0006,4606,1.8185396073994429,1.8343401242234925,11891.88377655694,0.0,2.0,13.462556417219542,-0.0002278022706435,0.113660094863155,0.8808751411215431,35,0.8934830346748316
B0006,4610,1.8134770059567056,1.8267680870624143,11892.37056871107,0.0120373414847856,2.0,13.642076863730214,-0.0002291294678541,0.0624228795623516,0.5137901984194531,36,0.8909956824708977
B0006,4614,1.7971018450305436,1.807880999222136,11836.332795062084,0.0454245954238977,2.0,13.603333018416755,-0.0002326631192749,0.1005207066796388,0.8467688965376545,37,0.8829502550201761
B0006,4618,1.7810046294120476,1.797439412625523,11755.024355447831,0.1106718304326214,2.0,13.89408030404496,-0.0002344192334265,0.0764342115697683,0.4660682769389555,38,0.8750413873759919
B0006,4622,1.7710130422682329,1.787310979243366,11707.55169158042,6.629358929851271e-05,2.0,14.124703983964949,-0.0002389900140055,0.7228478045137378,6.306783546253392,39,0.8701323309187394
B0006,4626,1.7604712448170945,1.7762613765894313,11672.923256594177,14.732186142867093,2.0,14.189275957831027,-0.0002361617754067,0.0350707276523163,3.5423354740612867,40,0.8649529456915791
B0006,4630,1.7502913788006589,1.763637620170306,11674.878294066782,0.0454245954238977,2.0,14.224450098843274,-0.0002366754995677,0.1995776602930937,1.77378469122928,41,0.8599513842496731
B0006,4634,1.7394925037732578,1.7502277513734017,11624.392784767126,0.0391535593792503,2.0,14.129085915408169,-0.0002406412263298,0.1245880095836135,1.1464180420000345,42,0.8546456919285944
B0006,4638,1.7546766553637203,1.765568881063821,11678.049451696894,0.0,2.0,14.595662442876332,-0.0002390201783849,0.118194319042133,0.6927497191841218,43,0.8621059538809914
B0006,4640,1.7659390941842177,1.7790590257245933,11647.771259604147,0.0454245954238977,2.0,14.246595719103269,-0.0002390222888286,0.1792374973075458,1.324896068429675,44,0.8676394038945261
B0006,4644,1.7337887419624838,1.746904603152421,11549.34698035536,39.359759495242734,2.0,14.60248798117872,-0.000237713402447,0.1517805852824151,1.2188864371467802,45,0.8518433254632082
B0006,4648,1.713325912040734,1.7293801805036837,11465.166275379004,1.5019806144295984,2.0,14.668240167556124,-0.0002401492223917,0.1066414285400066,0.687064797133664,46,0.8417895486292435
B0006,4652,1.7024077813673466,1.713274663664896,11419.35342138268,0.9001346618221269,2.0,14.875011094550722,-0.0002425792772241,2.5039530381781248,25.601471686912728,47,0.8364252637451849
B0006,4654,1.82371946178183,1.8369207056597616,11783.634411901789,0.0025973254730248,2.0,13.194130992754754,-0.0002200407511433,0.6084582968106933,7.756820472176812,48,0.8960279954741002
B0006,4658,1.8081284050314708,1.821674634645264,11763.015907131015,0.0172223944503462,2.0,13.63664104579968,-0.0002305057285715,0.3553611854653719,4.508332428902156,49,0.8883678132914206
B0006,4662,1.7757610945034283,1.7889200885885437,11625.00134002647,0.3255074645474858,2.0,13.892347441658554,-0.0002385311485787,0.1915391164729638,1.508124820090181,50,0.8724651391251901
B0006,4666,1.7447409841836798,1.7555458625024918,11526.837250076533,0.0,2.0,14.221989805859929,-0.0002418059695655,0.1507718430275646,0.9680417855059488,51,0.8572243699983239
B0006,4670,1.729207034132373,1.7453983157220254,11487.914996405718,0.1581406082336577,2.0,14.31872394187446,-0.0002392868829952,0.0798845107241123,0.5807457232833556,52,0.8495922454210777
B0006,4674,1.7081086552553244,1.7239607541679745,11434.510811153015,8.065009458881158e-05,2.0,14.5353401156375,-0.0002411016175377,0.279438727038065,2.7126473929682846,53,0.8392262113192732
B0006,4678,1.6975954237461768,1.7080310645887709,11424.066604993244,0.0157298403997101,2.0,14.670245695688712,-0.0002420394984088,0.6835943026744068,5.396517012221712,54,0.8340608610817466
B0006,4682,1.6820634524029463,1.6952620671601002,11381.089434498066,0.1244622601884818,2.0,14.623224185540604,-0.0002411011453349,0.3996408047466099,2.204050343284204,55,0.8264297086813447
B0006,4686,1.6714768322295086,1.6846424856391418,11337.85961629145,0.0187549208563049,2.0,14.782824034723678,-0.0002408803430596,0.1513591939328314,0.7352852821159804,56,0.821228301199745
B0006,4690,1.6607591387047655,1.6741254323123975,11278.977382153644,0.0,2.0,15.032986586470184,-0.0002434846573302,17.443204047055637,174.7150660729374,57,0.8159624948921792
B0006,4694,1.651121015038069,1.6617061448015988,11272.648603069774,0.0454245954238977,2.0,15.289226934813517,-0.0002454258455538,0.148597340019718,0.906796265620981,58,0.8112271017518528
B0006,4698,1.640134925619093,1.656097102377699,11237.33686794683,71.59767125127067,2.0,15.034144879860651,-0.0002429585900971,0.0538828169741604,1.252499898497658,59,0.8058294274458678
B0006,4702,1.629199941616544,1.6425875791104567,11222.291777794033,0.0393710801635895,2.0,15.11825516212637,-0.0002430961455175,0.2292871163867469,1.7856516197244734,60,0.8004568622012264
B0006,4706,1.6088496302961666,1.6251491549543966,11154.611137384614,0.1065808627527699,2.0,15.184513309205446,-0.0002362077125577,0.6066658747270879,6.160862851750544,61,0.7904583678923177
B0006,4710,1.6035244898969248,1.6168526568181152,11129.192003000571,38.82156802123584,2.0,15.553391061284543,-0.00024270447585,0.1902655595146604,2.6737915861131936,62,0.7878420253146665
B0006,4714,1.5989712144027983,1.612112746455131,11098.75406092406,0.0454245954238977,2.0,15.68824632546627,-0.0002409815472925,1.832059794921992,22.98313177708028,63,0.7856049146190022
B0006,4718,1.5876273123575604,1.6034651674335805,11058.931709003931,0.0432005619663045,2.0,14.608606570841228,-0.000240486607139,0.1150831744262318,0.5054314549359689,64,0.780031440176547
B0006,4720,1.5829719744686166,1.5961834545314888,11066.18909225518,30.149184483987742,2.0,14.87340389782068,-0.0002377334179807,0.1625127400379017,1.499679561767854,65,0.7777441842886215
B0006,4724,1.567137636713563,1.5806346107231977,11004.035672653608,0.0687334993810377,2.0,15.09493383703698,-0.0002388401590688,0.1180481706858784,0.6299264966556516,66,0.7699644735295673
B0006,4728,1.5613446139713882,1.5747608435027642,10966.59553315342,0.0441889005211353,2.0,15.21948308277602,-0.0002373713185017,0.1577021915807401,0.7005936056586283,67,0.7671182514739364
B0006,4732,1.551171189279042,1.5645971347354302,10932.833345078952,0.0776976500446737,2.0,15.245394025692146,-0.0002328808226953,0.3237392310301933,1.9692154225680172,68,0.7621198547768461
B0006,4736,1.5406741606295171,1.55951315305701,10920.665175593826,0.0008901541106864,2.0,15.362180912094344,-0.0002347959046188,0.1739471427088446,1.1324192247419569,69,0.7569624653118686
B0006,4740,1.5253138744624433,1.5437399684073494,10876.427826844498,0.0525644677952269,2.0,15.402215171976565,-0.0002317797115438,0.1730620472306516,0.8875883330679778,70,0.7494156650980108
B0006,4744,1.5301570318067428,1.549070292214347,10850.696567649771,0.9765938645185236,2.0,15.414535232139135,-0.0002298947111638,0.7051849399354624,7.56987485090791,71,0.7517952002501654
B0006,4748,1.524656683447409,1.5407260504220188,10840.347532768268,0.053422676268438,2.0,15.507484331500631,-0.0002302400967614,0.2137473124100593,1.0379737389153447,72,0.7490927746753415
B0006,4752,1.5145492986655429,1.525374964965028,10822.221165065064,0.0257422548085608,2.0,15.478770398981872,-0.0002200238306733,0.1518117533770454,0.9180329691694226,73,0.7441268246400591
B0006,4756,1.509391504602082,1.5228514008664051,10776.75874790529,0.0454245954238977,2.0,15.588967364715929,-0.0002238647192944,0.9620198179735028,6.3326379468489655,74,0.7415927024943012
B0006,4760,1.5039974333050703,1.5176426683147208,10732.564147570793,0.4506876202985611,2.0,15.699750315047003,-0.0002259079997848,0.5276200934683514,3.995186019045598,75,0.7389424928579004
B0006,4764,1.4935201918040188,1.5043549775847411,10733.32514773535,0.0280328805556567,2.0,15.660531623822308,-0.0002180123654827,0.4125403475349884,3.7727168862485128,76,0.7337948251946333
B0006,4768,1.4876323024497422,1.506297733474999,10714.204747832093,0.0,2.0,15.976566816943368,-0.0002201951558827,0.2831320410682451,1.5248366434962042,77,0.7309019933714036
B0006,4770,1.5302876214401704,1.5487157326633674,10745.999317536529,25.669461359995548,2.0,15.982611053975424,-0.0002388400807126,1.296115745241084,23.95007412905654,78,0.7518593614163546
B0006,4774,1.5040760088360112,1.5175139947757932,10670.459380901992,7.70648983216055e-05,2.0,16.221517545581822,-0.0002240008610858,0.3939713636773296,2.16303431233363,79,0.7389810985080334
B0006,4778,1.4887593608730894,1.5076093465679827,10611.519719051796,0.0,2.0,16.637911291508274,-0.0002280655451538,0.4333500594276509,2.690072053207089,80,0.7314557385723608
B0006,4782,1.4782779285546637,1.4942577772957868,10628.364098500768,0.1348213565254522,2.0,16.6040616036012,-0.0002137208620121,0.1951331690488864,0.8898868383757204,81,0.7263060118809538
B0006,4786,1.478459982215684,1.4918701703243975,10622.913632298403,89.09702276890077,2.0,16.62657479013228,-0.0002145561989135,0.2308284385868027,1.7439541710300162,82,0.7263954583009604
B0006,4790,1.473214844899973,1.4867577733353583,10598.381751932047,0.0398984137372462,2.0,16.45609457241742,-0.0002166021078793,1.9935228748349192,23.231247569015284,83,0.7238184227571322
B0006,4794,1.4675164935067897,1.4809542016313595,10576.845530649714,83.5837125868852,2.0,16.542286045039976,-0.0002140488729138,0.4955105966145857,3.5912845393304225,84,0.7210187145326269
B0006,4798,1.4516292657521337,1.467826578251007,10503.415687239294,0.0409257613950275,2.0,16.521709029096847,-0.0002150611226769,0.1524322276280467,0.8049003666269644,85,0.7132130179126344
B0006,4802,1.4519237720967175,1.4651656953694503,10470.823152726609,0.0454245954238977,2.0,16.74142425380074,-0.0002113019359962,1.2127496353908358,9.733647611532405,86,0.7133577144710261
B0006,4806,1.4471484694777743,1.4578735538587884,10485.79287770708,0.0491054187111046,2.0,16.84783320060267,-0.0002063796997627,0.171528432734678,0.9679470486292816,87,0.7110115176336829
B0006,4810,1.4468538105659885,1.4630882457673322,10475.620364055383,0.0,2.0,16.789861135890806,-0.000205523634033,0.2462284485503682,2.055017352348716,88,0.7108667461161282
B0006,4814,1.4416741930284678,1.4551580231739298,10450.338302777684,0.0707828523658775,2.0,16.733838028196814,-0.0002056756142064,0.2405491901495573,1.809679380229196,89,0.708321901683239
B0006,4817,1.5935866593100128,1.606844686970298,10970.834794359344,0.2163280357704625,2.0,16.72476446653631,-0.0002358210604655,0.7877008483519807,8.479136184376557,90,0.7829593804744059
B0006,4820,1.5463902376915637,1.5623130088353112,10638.087563835266,0.0749790680473239,2.0,15.855463538729516,-0.0002388009074759,1.8585654152460105,20.795550667726225,91,0.759770882494014
B0006,4824,1.51470559175661,1.5256970888667425,10576.383781793556,42.43995944189802,2.0,15.873502036758698,-0.0002326506584661,0.5286955531256946,7.567305732100336,92,0.7442036144029749
B0006,4828,1.4989786083335404,1.5124699061778533,10532.218212239906,0.0,2.0,16.016702725006205,-0.0002267554777684,2.2477389583670995,18.73045556940392,93,0.7364766488653811
B0006,4832,1.4831110745410492,1.49908866899248,10493.027631248066,0.0,2.0,16.108457384689306,-0.0002235802104734,0.4149658477612393,2.776269412473564,94,0.7286806282628964
B0006,4836,1.4729664825468278,1.4865008315239168,10452.115416956774,62.29110874671821,2.0,16.29507708512815,-0.0002215667729895,0.2927633225307245,1.7353860347346766,95,0.7236963976177928
B0006,4840,1.4627604396099307,1.4737833348851572,10426.526859978698,0.0,2.0,16.320514584670153,-0.0002187247539418,0.1542277737632064,0.7651576162478034,96,0.7186819749578868
B0006,4844,1.4518364681062514,1.473236997749786,10411.44090999135,0.0454245954238977,2.0,16.398636529709936,-0.0002155405218609,0.3757491034118596,3.4659535882813275,97,0.7133148203630159
B0006,4848,1.4468670644030392,1.4603448796355976,10378.193681131455,0.0185467161379075,2.0,16.32959657192967,-0.0002142325800414,0.2525543379790368,1.2769127883725584,98,0.7108732579778997
B0006,4852,1.441380399427779,1.4627340557463928,10343.502042122744,0.0454245954238977,2.0,16.449937051251812,-0.0002121912538895,0.5144826868251104,3.924573108534713,99,0.7081775553094546
B0006,4856,1.431210744960774,1.4496547946249558,10341.959737688036,0.2306468444208037,2.0,16.526043209190135,-0.0002108920652867,0.2878817004516463,1.7116266553029034,100,0.7031810109956533
B0006,4860,1.4260247179525716,1.4443504185675995,10304.352476109603,0.0,2.0,16.60461660474551,-0.0002113057557625,0.4151494930276681,2.704078951291606,101,0.7006330174681323
B0006,4864,1.420487649966195,1.4339821920500624,10276.02884072398,0.0,2.0,16.530162798996816,-0.0002041650788417,1.5098613485050711,17.732525612089685,102,0.6979125508434085
B0006,4868,1.4207006230355006,1.4393670385623358,10303.072422313726,0.0454245954238977,2.0,17.19716748216711,-0.0002022326298062,0.3297937843151434,2.237110096236622,103,0.6980171885557206
B0006,4871,1.452255804330839,1.4654132706771328,10368.929602141228,0.0454245954238977,2.0,16.395649469102565,-0.0002152931102165,0.2501025882103748,1.4205913952629936,104,0.7135208482113887
B0006,4875,1.431557632772571,1.4447862082725744,10290.423049423433,0.5850513076580978,2.0,16.556105135692235,-0.0002075959928799,0.3615979919347478,1.8026998525778957,105,0.7033514435633659
B0006,4879,1.415015751158943,1.4310499992298442,10234.380914545814,0.0473524813186711,2.0,16.726870375325934,-0.0002094963227989,0.3671324030991784,1.8205613031463983,106,0.6952241030736463
B0006,4883,1.4097311506517451,1.4230848966646652,10144.70454620454,52.10047181283951,2.0,16.73276826708202,-0.0002036823293397,0.7377839941669443,7.350615356570372,107,0.6926276785146194
B0006,4887,1.404917318129309,1.415809166284383,10207.199232227078,0.0454245954238977,2.0,16.835422363734608,-0.0001926371346402,0.3675442950837838,2.866706477825827,108,0.6902625512041874
B0006,4891,1.395164296571563,1.4085747387520258,10185.191217636077,0.0445818554085414,2.0,16.724282856650756,-0.0001918962769475,0.2456488503247998,1.5005264063695474,109,0.6854707065486149
B0006,4895,1.3945343832614077,1.4107599517185865,10178.207291333165,70.72572145560903,2.0,16.761795491152004,-0.0001927388464771,0.3669927972149454,2.610513006899637,110,0.6851612181802287
B0006,4899,1.3893171179312644,1.4000789538158092,10139.165684227764,0.1758652997479005,2.0,16.8760850361365,-0.0001944667317147,0.6996002218667652,5.85262696027119,111,0.6825978766720686
B0006,4903,1.3838379472327809,1.3971834590957624,10102.948056299596,0.0164285001613414,2.0,16.97303547927223,-0.0001917872020106,0.1445670011694346,0.7172345487282746,112,0.6799058560840853
B0006,4907,1.3736814238195123,1.387193258326583,10093.384126415796,0.0454245954238977,2.0,17.052164888651514,-0.0001916397782354,0.5804888586190747,5.986419431855951,113,0.674915763306282
B0006,4911,1.3786059891863676,1.3946939936557088,10104.109196730293,0.0313492172663244,2.0,16.918428446324175,-0.0001902427386796,0.17205291640126,0.7086828965728775,114,0.6773352957654757
B0006,4915,1.3737600299108574,1.3848982590961645,10068.388009242675,0.0296243532068665,2.0,16.917630679150065,-0.0001892301161237,0.3695268177451981,2.775726720370285,115,0.6749543839713218
B0006,4919,1.3682580583942712,1.3813456753465658,10037.290467992696,50.45835029471147,2.0,17.019297769390597,-0.0001836124448397,0.0496870396508731,2.820279451950806,116,0.6722511609085237
B0006,4923,1.3633024037317505,1.3793918150385698,10000.058386682244,3.917304150299118e-05,2.0,17.154715991163542,-0.0001838202812312,0.1840882813570918,0.9242796426205868,117,0.6698163536881292
B0006,4927,1.35809661401726,1.3718326305933348,10005.579925658654,0.0,2.0,16.96475287567625,-0.0001797491575635,0.2439817170070739,1.9200202939168187,118,0.6672586503678075
B0006,4931,1.353269090999531,1.3748882882179962,10001.09534723446,0.0003748337165691,2.0,16.978205078252486,-0.0001844603597932,0.2047619975713465,1.1686821948562065,119,0.6648867966571198
B0006,4935,1.3841605738237488,1.400604221869724,10071.769609783025,0.0269637381882543,2.0,16.435293279665206,-0.0001877143208825,0.1943084165068153,0.8627833742101347,120,0.6800643686533974
B0006,4937,1.4051467790651473,1.426614612506104,10129.216135914528,0.0454245954238977,2.0,16.642185797977223,-0.000201826493558,0.4617100897828094,2.51326698227712,121,0.6903752897183545
B0006,4941,1.378719022627353,1.3972839762061835,10041.096440969326,0.0454245954238977,2.0,16.840517980081152,-0.000195194612045,0.2132597099865644,1.0628409679384831,122,0.6773908312410081
B0006,4945,1.3682657783199066,1.3815160541085336,10013.40175544834,0.0454723526952415,2.0,16.921204759400762,-0.0001843795120326,0.3858271327853834,2.4125738758187767,123,0.6722549538545536
B0006,4949,1.3573151296618016,1.3761340336575565,9957.673725852395,55.864817222391885,2.0,17.113487883820376,-0.0001864482668019,0.2401545089739742,2.020690857268244,124,0.6668746922672389
B0006,4953,1.3524934638801596,1.3633003033619595,9973.675562434211,0.0873086004040383,2.0,17.002583956357622,-0.0001766868633066,0.4182392500085056,2.7075295306384133,125,0.6645057163278422
B0006,4957,1.3474099151661236,1.369076648000524,9901.788821291804,0.0454245954238977,2.0,17.134086674615357,-0.0001808640050223,0.4315968166614666,3.0764688490346805,126,0.6620080723318286
B0006,4961,1.3370075130842318,1.3560555686317857,9898.232810570576,0.0190251145650281,2.0,17.160426252694617,-0.0001769593209068,1.5803159725084526,12.719259980681256,127,0.656897174696045
B0006,4965,1.3312352966718526,1.3496491470046192,9897.20404957572,0.0454245954238977,2.0,17.231237730000267,-0.0001736134933945,0.4576291600377098,3.02666934692736,128,0.6540611751852576
B0006,4969,1.3259303781727645,1.3392208783632744,9868.139200332193,0.0086805398073911,2.0,17.01528457424838,-0.0001666756241655,0.8848727591010506,5.795063026658683,129,0.6514547680110713
B0006,4973,1.321578743867529,1.339929375339174,9828.87954123241,0.0454245954238977,2.0,17.303091926475116,-0.0001722561788366,0.2997982617820188,2.0485011281486574,130,0.6493167274597319
B0006,4977,1.321225074066109,1.3370625330203607,9834.931667779472,0.0,2.0,17.241789095303552,-0.0001612956605355,0.3767164993197678,2.619657067598665,131,0.6491429627717592
B0006,4981,1.3156485301862682,1.326258038438164,9840.741001157692,0.0286361867232596,2.0,17.210407312966645,-0.0001592795600994,0.5408223868242582,2.8135019182435523,132,0.6464031008911139
B0006,4985,1.3209025697502388,1.328740848678082,9878.070315166808,0.5111372033690628,2.0,16.70981424312243,-0.0001582442969368,0.2613952029729567,1.6017393238775917,133,0.648984510278524
B0006,4987,1.3474328767273906,1.358477850320937,9925.136839310464,0.0062207083089409,2.0,16.09583352694173,-0.000178741358945,0.2429018925981104,1.2297967218862416,134,0.6620193537828117
B0006,4989,1.3260128072353616,1.3367341616227992,9894.751490738074,0.0758592459627094,2.0,16.092772868269634,-0.0001634314010579,0.2391768013749226,1.121175293797244,135,0.6514952669744675
B0006,4993,1.3101186784831065,1.3288776123087245,9850.24618156294,0.2304942637699099,2.0,16.25818411215144,-0.0001618080464134,7.322580041114025,86.31004996315735,136,0.643686179763337
B0006,4997,1.30521620229393,1.318477665022925,9816.151054090233,0.0454245954238977,2.0,16.326501693099573,-0.0001524864096456,0.4003299040379544,2.3858227765601283,137,0.6412775001365069
B0006,5001,1.3004061951355774,1.318912765948992,9810.067166646131,0.0,2.0,16.42964802231131,-0.0001578275683444,0.2700539984052575,1.5660639170463917,138,0.6389142523000749
B0006,5005,1.300235735841116,1.31906206217,9820.9363186033,0.1263486007670387,2.0,16.243960817404794,-0.0001506526112034,0.5640936086775081,3.31898959777568,139,0.6388305024124815
B0006,5009,1.2895066722480757,1.308422815414826,9776.418326277017,0.196250469581034,2.0,16.394547215453496,-0.0001528292738941,0.3920399738848271,2.7196282282787854,140,0.6335591097744969
B0006,5013,1.279253057384795,1.3061241721391172,9740.26799337168,0.0454245954238977,2.0,16.422981200958777,-0.0001459143021962,0.191719331705845,0.6668150372366909,141,0.6285213141239901
B0006,5017,1.2792078171714618,1.2925791202591883,9751.20103804672,0.0789715740121035,2.0,16.4501250742936,-0.0001387774094519,0.4287045836829954,3.5713451647605194,142,0.6284990867482796
B0006,5021,1.274036760902923,1.295383945994911,9753.573115012166,0.0,2.0,16.47929034878843,-0.0001393470752403,0.2998068040290941,1.230425009532127,143,0.6259584486293798
B0006,5025,1.2741273923001468,1.2903076159193203,9723.562931089957,0.0,2.0,16.36975449933658,-0.0001393413733032,1.0694860809689677,6.83503256890705,144,0.6260029775555019
B0006,5029,1.263763942644078,1.279985993585715,9724.138741140476,1.357523323070098e-05,2.0,16.4225558434303,-0.0001315323688299,20.018964803259856,239.9834135915308,145,0.6209112179860496
B0006,5033,1.2581373688955233,1.2742857839155115,9688.82610711476,0.148930958659661,2.0,16.46124883699155,-0.0001271054760848,0.6262558938073685,2.9716242245363267,146,0.618146775481072
B0006,5037,1.253259864055301,1.2718116625800715,9671.588096028758,0.0197714976154526,2.0,16.688875038302136,-0.0001314509450572,0.3186788031220234,1.9074683908408567,147,0.6157503647520722
B0006,5041,1.2532313315493426,1.2720488319122791,9687.15074616252,0.0182539353632732,2.0,16.761351471800868,-0.0001317424757144,0.4885351171904908,2.4521738602137733,148,0.6157363461901961
B0006,5045,1.2480874960313575,1.2590681368640204,9657.895386264496,1.099029280791812,2.0,16.491141191953762,-0.0001243947573813,0.4471078638762267,2.854695915983387,149,0.6132090821428379
B0006,5049,1.2534354284944844,1.2751370584502826,9693.558915560992,0.0454245954238977,2.0,16.93156414827736,-0.0001181082106755,2.088311895280517,22.845566987782767,150,0.6158366228941904
B0006,5052,1.28980487732669,1.3035338986051064,9809.94924522376,0.0132564154426619,2.0,17.18324610098144,-0.0001442833750357,0.2501753347731717,1.756824569005763,151,0.6337056235911394
B0006,5056,1.2635402021758837,1.2798460193222432,9733.367045103412,0.1273938253824516,2.0,17.24931464482875,-0.0001294118126762,0.4958822723340592,3.1992114370036053,152,0.6208012900462411
B0006,5060,1.2479761706842851,1.2697062144505424,9710.735376300994,0.0454245954238977,2.0,17.25419643705902,-0.0001202325733825,0.2034183067639671,1.2602062420410904,153,0.6131543858862737
B0006,5064,1.2321202877943334,1.2504759451281011,9701.052436909067,120.852157118303,2.0,17.10160061180461,-0.0001139656214863,0.168527754900796,2.127964452295815,154,0.6053640895934027
B0006,5068,1.2271137666213534,1.2457013912000594,9663.80353420233,0.0,2.0,17.537345437430023,-0.0001150688030583,0.4377385432744342,2.863427822392348,155,0.6029042906907026
B0006,5072,1.2217397581377356,1.227120824741838,9675.441638283362,0.1165098663572008,2.0,17.446154508851624,-0.0001047791816911,1.671311039561269,12.998381958071976,156,0.6002639382954212
B0006,5076,1.211102678915174,1.2272481341118595,9638.656656971256,0.0454245954238977,2.0,17.47915966550358,-0.0001039513224411,0.4046097918765549,2.021389775820277,157,0.5950377393250057
B0006,5080,1.2056159765131735,1.2245193415274789,9632.039405784264,0.0454245954238977,2.0,17.56041623867007,-0.0001015422216468,0.2627239326596988,1.2538368266270246,158,0.5923420182680926
B0006,5084,1.2008936262717274,1.2196504362115366,9595.417412242285,0.0089256375145799,2.0,17.63192970340284,-0.0001018577342726,0.2732537093845143,1.4304726459307018,159,0.5900218379391315
B0006,5088,1.1905903985558337,1.2089781943531024,9614.242972881118,0.0454245954238977,2.0,17.520815138061693,-9.180168131017624e-05,0.4084073452308883,2.248512214309949,160,0.5849596665522202
B0006,5092,1.185179251041941,1.2068677681330349,9583.61469703308,0.1305164835117029,2.0,17.495528379332743,-8.969354192892494e-05,0.7274942095867483,5.690800538833947,161,0.5823010670462684
B0006,5096,1.1796706818144624,1.2010713187954254,9575.97494155506,0.0001890803667496,2.0,17.482958828766606,-9.03950705435684e-05,0.5532150240710205,3.1338527765803468,162,0.5795946024028492
B0006,5100,1.1745952836753917,1.1962156273028377,9578.591723588424,0.1313268643515666,2.0,17.57751316769076,-8.28772967439196e-05,1.1969658770516114,10.860977592964614,163,0.5771009629390572
B0006,5104,1.15381833159625,1.1727721189792617,9551.17621417078,0.0001983211150055,2.0,17.446332020862727,-7.032436749981052e-05,0.3914856217500807,2.057196012769031,164,0.5668928519254556
B0006,5108,1.1644009557372264,1.1778549268164633,9567.018112833215,0.0001312903246716,2.0,17.478776226672306,-7.27706582064792e-05,0.72600612957816,6.079368367820391,165,0.5720922960804411
B0006,5112,1.1587974947916069,1.1803452764059248,9545.090656601828,0.0,2.0,17.662574971508338,-7.647606095165799e-05,0.5949808010477519,5.969994684262805,166,0.5693392093343496
B0006,5116,1.1749748834769171,1.191167698757955,9600.70860785499,65.68969021117839,2.0,16.425717799722797,-7.892205751379734e-05,0.836965733223126,11.328148804229446,167,0.5772874675283711
B0006,5118,1.1856752327929356,1.1990270980602986,9671.976226426152,446.8424747841379,2.0,16.33199773545587,-9.460162401809078e-05,0.5437865555564606,4.548702455564911,168,0.582544752296905
B0007,5738,1.89105229539079,1.9188883846898417,12962.18065897427,0.504854316471583,2.0,16.663889304038456,-0.000239670952435,0.2129546007572628,1.579119035933746,1,1.0
B0007,5740,1.880637027686859,1.908448980906817,12935.78652028559,0.0,2.0,15.990679993775723,-0.0002343700176818,0.7225576178590079,6.070295622939321,2,0.9944923428456648
B0007,5742,1.8806626717011388,1.9088366275274,12874.73469719082,0.2429295979047506,2.0,15.954129929779668,-0.0002362657234727,0.1113405571533128,0.8411990268786319,3,0.9945059035569906
B0007,5744,1.8807709009833444,1.9036403633402776,12815.470493949144,0.2860016382004011,2.0,16.067115415437886,-0.0002363071412927,0.1016735386327404,0.8323030376269849,4,0.9945631358622364
B0007,5746,1.879450872828505,1.9120514373777255,12798.56006913041,8.749430943836064e-05,2.0,16.128098745953576,-0.0002409765472092,0.1948699270748957,1.619340493004875,5,0.9938650969142622
B0007,5748,1.8807003517117404,1.8974417205257488,12901.0158116468,0.0255131172280566,2.0,15.53792755352528,-0.0002270603985812,0.3152463541332464,2.795643145545444,6,0.9945258289766596
B0007,5750,1.8799352523566075,1.8966091394955664,12906.774216287486,0.0001994998054837,2.0,15.54584865858864,-0.0002250265938608,0.0846325230002931,0.4402680394137354,7,0.9941212397661984
B0007,5752,1.88150881240388,1.898187278750877,12656.71589859998,0.0466588236633574,2.0,15.58269960679129,-0.0002331965212181,0.1486748245312993,1.253324246003627,8,0.9949533479268812
B0007,5754,1.8696907870385844,1.897270417382937,12610.284210242997,0.133053372926836,2.0,15.691638556861696,-0.0002207585187381,0.2252132191577305,1.6111648556106433,9,0.9887039039563996
B0007,5756,1.870052380139199,1.897901209122966,12584.605950777011,0.0251120505497928,2.0,15.859985124035948,-0.0002314307793717,0.0338596514903667,0.2106806840384726,10,0.9888951165957832
B0007,5758,1.8700442394188577,1.897930698737272,12499.009370389256,0.1831973439911719,2.0,15.789854053032036,-0.000240296920901,5.397815639457665,51.906164106987816,11,0.988890811733162
B0007,5761,1.8596518987766364,1.8930308538518148,12387.565232046203,0.0,2.0,15.837338790919723,-0.0002342111909373,0.0049906265477993,0.0485685382833556,12,0.9833952785490448
B0007,5763,1.8590746560862208,1.8758711012922984,12329.479954808823,15.260450605426524,2.0,15.661925097297118,-0.0002312930365918,0.0898691818683585,0.9655154955185928,13,0.9830900290898824
B0007,5765,1.8590084577709232,1.8818633876606143,12316.386740940456,0.061833088081961,2.0,16.030078648572996,-0.0002370201212824,0.2712505433577385,2.1308511947493023,14,0.983055023016566
B0007,5767,1.8593622586957048,1.881733296830503,12277.982703294803,0.0420667767859368,2.0,15.10479539493743,-0.000226109648839,-0.0001527088236799,0.0017846467085126,15,0.9832421151057928
B0007,5769,1.8587355450601035,1.8751631800692767,12204.992416384111,27.9321439075702,2.0,15.623101101990724,-0.0002263691736796,0.0057463699794338,1.3676510065554262,16,0.9829107051087616
B0007,5771,1.847817291322145,1.859640110830958,12150.52926375402,0.061833088081961,2.0,15.694518365833884,-0.0002230692933338,-0.0166431635517523,0.1556795942417709,17,0.977137065868551
B0007,5773,1.8485252916137047,1.864381871149284,12099.900213477897,0.0001253831551455,2.0,15.24614070457806,-0.0002197748373618,-0.0003247418467753,0.0011033013761526,18,0.9775114607455648
B0007,5775,1.848378951850034,1.8594449724176287,12090.868968400891,0.1868217337235732,2.0,15.429469745731607,-0.0002248972643875,-0.0003110589692356,0.00116392668724,19,0.9774340753850292
B0007,5778,1.8807805437609768,1.8868658014451511,12710.81935245137,0.0375724496925837,2.0,15.597588875988944,-0.0002380194764188,0.2729864508484182,2.508342535941799,20,0.9945682350219244
B0007,5782,1.88147215974436,1.9092959949472688,12597.033450593968,0.0887248097825338,2.0,15.66031231762631,-0.0002371327166457,0.2319999485652838,1.8823306566979976,21,0.9949339657767368
B0007,5786,1.8810954313244783,1.8924726892461752,12552.17853760245,0.061833088081961,2.0,15.050733509516522,-0.0002267320646564,11.04905320760828,106.57536568473382,22,0.9947347494881128
B0007,5790,1.8710089649779995,1.8937399154505012,12404.9732923414,0.0,2.0,15.504992451368125,-0.0002267696378091,0.134751496519784,1.2167740012632406,23,0.9894009644991608
B0007,5794,1.8701995151941373,1.8879150137676148,12474.238013740503,53.81168441285907,2.0,15.84419031806269,-0.0002243082274465,-0.1379344210127719,2.056644525178361,24,0.9889729225111972
B0007,5798,1.8706715362800983,1.881988808214892,12244.673685615096,92.5605577865918,2.0,14.710781261554768,-0.0002181986376649,-0.0399996713241381,0.3784505730693195,25,0.9892225301434724
B0007,5802,1.8596124644020169,1.882098776244804,12225.043592097449,0.0285524234869643,2.0,15.267950761832903,-0.0002271914381177,-0.0003561075874196,0.0013766665968501,26,0.9833744254109716
B0007,5806,1.860033909718346,1.8661356201422683,12181.061363350094,0.1773191120149261,2.0,15.157814858032644,-0.0002139902859461,-0.0003991919107339,0.0015678754455452,27,0.9835972882674648
B0007,5810,1.8591653109160768,1.8700561077835471,12157.98886294016,0.0,2.0,15.39338601647924,-0.0002232604872706,-0.0003461221325717,0.0012886581251253,28,0.9831379679174216
B0007,5814,1.8481398178778288,1.8699707803693648,12152.294468528344,0.2344032626887482,2.0,15.650713378304276,-0.0002239108490775,-0.0003576610089976,0.0011402555508386,29,0.9773076198804468
B0007,5818,1.849201702126164,1.8600716060154203,12104.049821339468,0.0579471548592096,2.0,14.83078266998048,-0.0002173880320226,-0.0002547559430058,0.0006021536155335,30,0.9778691507545128
B0007,5822,1.8834677437950849,1.899684597378176,12368.921921077575,0.1026401305783331,2.0,15.42753609726032,-0.0002166535248007,0.1329340722521891,1.4823051413409465,31,0.995989242807197
B0007,5826,1.8628211117905844,1.8788148030377023,12189.463290454278,0.1407727483329514,2.0,15.094755084955786,-0.0002149727840838,-0.0003670005942758,0.0012914369690859,32,0.9850711777410832
B0007,5830,1.852085039652352,1.8682047536919053,12122.000523637977,0.1443129708726253,2.0,14.96069355904352,-0.0002147706153883,-0.0002605248853779,0.0012805423829547,33,0.979393877243154
B0007,5834,1.8469504648208708,1.8604879799013176,12073.572532932889,0.061833088081961,2.0,15.290646827894069,-0.0002188934506226,-0.0003424563315297,0.0012935677265782,34,0.9766786827220948
B0007,5838,1.836828431169018,1.853057767607903,12015.316060308633,0.0617694570598145,2.0,15.115339086849463,-0.000217822865928,0.0001505972670959,0.0063742905202322,35,0.9713260895248976
B0007,5842,1.837161961967228,1.8533287403213,12015.110048268569,0.0073593409276793,2.0,15.302292272613911,-0.0002196104054101,-0.0003461886915778,0.0012054430658004,36,0.97150246264743
B0007,5846,1.8316722583718847,1.84767243001658,11970.105016882582,0.079835633893962,2.0,15.062973176900725,-0.000222785360109,-0.0002097098980616,0.0020940687259637,37,0.9685994738677316
B0007,5850,1.8211470951317783,1.837588221867083,11909.694240465662,0.064468337320524,2.0,15.235495879038025,-0.0002190423335088,-9.335182873645108e-05,0.0030690346079954,38,0.9630337032828774
B0007,5854,1.816506091511515,1.83304097164104,11871.17125905941,0.0393217072398428,2.0,15.2733600754672,-0.0002216523856446,0.0078031340966006,0.1081110154207771,39,0.960579512231908
B0007,5858,1.811381560150456,1.8270964992807053,11839.0831199694,0.0220776209261125,2.0,15.593039643085657,-0.0002206071705496,-0.0001569086533986,0.0023575335083911,40,0.9578696287593303
B0007,5862,1.8116056333939583,1.8280155529978288,11844.804336642444,0.0911321118681534,2.0,15.560902812296874,-0.0002247765659737,-0.0002604189973208,0.0015639765475767,41,0.9579881200586186
B0007,5866,1.8060548955557405,1.8220143793151111,11807.618989456634,0.0414707471570147,2.0,15.408676545000056,-0.0002244821472583,-0.0002068096938413,0.0019623492638574,42,0.9550528559986308
B0007,5870,1.8132041826994056,1.8242522281403215,11851.364804608544,0.061833088081961,2.0,15.092197649487122,-0.0002284360843679,-0.0355581156064181,0.3313969367430142,43,0.9588334426916012
B0007,5872,1.8062641938283528,1.822377886241951,11799.702729993653,0.061833088081961,2.0,15.085586838161674,-0.0002255417882387,-0.0168061289793389,0.2187028889320243,44,0.9551635342031009
B0007,5876,1.7958310249900458,1.811824766684967,11720.75613591334,1.1048989487282996,2.0,15.197759659920774,-0.0002281872122007,-0.0001959832883735,0.0021788690014338,45,0.9496464108196084
B0007,5880,1.7858852600390451,1.8020325245868032,11661.463807520886,191.22393179649868,2.0,15.35746629162292,-0.0002255699560324,-0.1099588958780578,1.4463814975635882,46,0.9443870295876656
B0007,5884,1.780326860450275,1.7963174845735297,11618.958216660492,0.0192048594527756,2.0,15.508016590661434,-0.0002289712887237,-0.0003155691553415,0.0011238118586273,47,0.9414477139472056
B0007,5886,1.8150756899575573,1.8308173884733296,11888.5696790378,0.0446607185971963,2.0,14.579205448966526,-0.0002200292352459,-0.0003288052325285,0.0010655113733365,48,0.9598231071565728
B0007,5890,1.815702515484584,1.832125941997117,11896.723728574689,0.1928499238005135,2.0,14.974927852233597,-0.0002210812609461,-0.000260287017251,0.0011751428830958,49,0.960154576322473
B0007,5894,1.800243217805667,1.8164808044029488,11785.150085472496,0.0,2.0,14.87185623593371,-0.0002224361658495,-0.0003097463182903,0.0010695550535705,50,0.9519796053200332
B0007,5898,1.7904476205609308,1.8065069807371896,11709.61200327209,0.0090133972268412,2.0,15.099330522546683,-0.00022561282262,-0.0003373585254347,0.0011337719439763,51,0.946799633688042
B0007,5902,1.780343032300132,1.7960286135294723,11658.140276126433,0.0070701845473617,2.0,15.68965133864398,-0.0002320014715284,-0.0003464496923014,0.0013275833418307,52,0.9414562657201504
B0007,5906,1.775328769596812,1.7940106608718345,11618.988627687895,0.1943657482790001,2.0,15.979022118479511,-0.0002323776249537,2.941158366479915,38.74503253279549,53,0.9388046929870528
B0007,5910,1.770262973473285,1.7889034997604696,11616.679428944084,0.0110349566739693,2.0,15.967468246647089,-0.0002356438422817,0.2285933836562486,2.8449918335979745,54,0.936125869066702
B0007,5914,1.760081061854204,1.778832392539657,11574.480434994774,0.0496071764525008,2.0,15.801179060326216,-0.0002369317795789,1.893902635751631,20.92935728001767,55,0.9307416120348376
B0007,5918,1.749647593537689,1.771052508461178,11524.211945640129,0.0,2.0,16.103829970320383,-0.0002397859745923,0.4628616428033005,5.822478435783931,56,0.9252243302854406
B0007,5922,1.749650075059311,1.7685289436462936,11493.290248818594,16.656702375757234,2.0,16.154801611039723,-0.000242869364977,0.2743679284600848,3.729961224354211,57,0.9252256425292258
B0007,5926,1.745028739214683,1.7636206795476257,11486.718195484384,78.56210821264871,2.0,16.352541033127952,-0.0002434530367651,0.4068525865650851,3.725543503394852,58,0.922781851918098
B0007,5930,1.739645745528673,1.7608902177163297,11459.576183034127,0.0536583787977091,2.0,16.027220155322308,-0.0002454870201439,0.2059250925424385,2.485827669783333,59,0.919935291989993
B0007,5934,1.7285642277717963,1.7522032849131457,11439.41668528969,0.2490877955878467,2.0,16.13479026968964,-0.0002491757111149,0.2407625094551212,2.9690730464234334,60,0.9140753177397376
B0007,5938,1.723900324588418,1.7425793180173443,11384.624147439514,0.274252599873825,2.0,16.025845107309344,-0.000245487006399,0.2881584163982549,2.57615135353514,61,0.9116090172599748
B0007,5942,1.7139788776485192,1.7352938872151178,11362.648485499354,0.0,2.0,16.366894761333967,-0.0002528746862666,0.2462439241053037,2.349570993527444,62,0.9063624955407812
B0007,5946,1.7139701997004613,1.7328457356676326,11345.763705912888,30.66409333745593,2.0,16.373997889160826,-0.0002458851287658,0.1059548538671599,1.033340365979393,63,0.9063579065888634
B0007,5950,1.7036521173638766,1.7250900646616618,11295.185369385868,0.0001709994164696,2.0,15.885839485252728,-0.0002576316440715,3.199516518959131,39.21092503012967,64,0.9009016416501656
B0007,5952,1.7040137474382486,1.7201541905469038,11302.621995662908,0.5023375559374818,2.0,16.290778322660966,-0.000253160545687,0.9591960658647836,8.265772238842196,65,0.9010928738414982
B0007,5956,1.6935716157343033,1.7122982840102694,11266.159467205827,0.061833088081961,2.0,16.28550487149496,-0.0002505662307761,0.2131851472254276,1.9991722926940576,66,0.8955710108399318
B0007,5960,1.6876577363877656,1.7117261557044403,11231.935834436605,0.0003715424519532,2.0,16.39430326418946,-0.0002484533753332,0.1261420416799676,1.3748308804653393,67,0.8924437153331117
B0007,5964,1.6830744356583152,1.69380304533262,11195.055074063215,0.1729890166872326,2.0,16.451522426994373,-0.0002516025949527,0.1472802717795872,1.1908397904239016,68,0.8900200379231206
B0007,5968,1.6779270142025482,1.6992884814817817,11184.851253006917,3.3903274772819166e-05,2.0,16.49051511460139,-0.0002558044339131,0.2010895271326186,1.4062665747841847,69,0.8872980500287017
B0007,5972,1.6732060275966172,1.6866174239421414,11155.215872047684,0.0024646542023156,2.0,16.469181496886456,-0.0002562840990023,0.2139174006807534,2.405239089391345,70,0.884801563486559
B0007,5976,1.6674367208253988,1.686293244790143,11112.984971308591,0.0974620005126862,2.0,16.532629211075015,-0.000257424509461,0.416139592456567,3.491361095360044,71,0.8817507188402843
B0007,5980,1.6622662630667526,1.6839253234129716,11106.089382159891,0.061833088081961,2.0,16.55795794333635,-0.0002592360696267,0.1326775593100527,0.8494104706992274,72,0.8790165492082501
B0007,5984,1.6574243065763063,1.6762821346055323,11068.505013242717,0.1144965763269069,2.0,16.664989702621256,-0.000263519085398,0.2579874067075901,2.016289505587082,73,0.87645609305257
B0007,5988,1.652538684928734,1.6742360488474946,11035.60695248047,0.0001142384634585,2.0,16.706920112731826,-0.0002622837675077,0.4409496841690977,4.529918537043853,74,0.8738725464951953
B0007,5992,1.6472174627573322,1.6661160071161585,11000.219629914884,3.126780486914596,2.0,16.704362632607538,-0.0002626411364383,1.68305447551885,15.067069616155276,75,0.8710586517211737
B0007,5996,1.6364136810898071,1.6604113591151448,10988.575165542275,0.0251723432844867,2.0,16.79605259562331,-0.0002655482404736,0.6254493896920623,7.0804130903053615,76,0.8653455460107404
B0007,6000,1.6362554312048496,1.6576110349021973,10987.752462478258,0.0924261040291962,2.0,16.633569236408714,-0.0002667887044187,1.4354715633382809,15.814934450882744,77,0.8652618625053486
B0007,6002,1.641119179218384,1.6652194818691997,10991.148214079098,0.1216921637088166,2.0,16.473488247775023,-0.0002666926839303,0.1929370146783865,1.318141819306074,78,0.8678338421514901
B0007,6006,1.6315700789656966,1.650216487753016,10921.106005497524,0.3686813277085834,2.0,16.38198122986315,-0.0002655715874748,0.143103709060854,1.0292302762497056,79,0.8627842196339309
B0007,6010,1.621213282987236,1.6425914532666186,10877.76808245301,0.0,2.0,16.99209159956994,-0.0002698455173543,0.6518249437812202,5.503374163943833,80,0.8573074826850354
B0007,6014,1.6164273214762122,1.6431881449782877,10880.96256485644,0.0614332749373099,2.0,17.096686983831102,-0.0002677092958227,0.1894101631657828,1.8689799700056329,81,0.8547766370163623
B0007,6018,1.615823510161921,1.6426764432746872,10872.198841199435,0.0,2.0,17.17258187122918,-0.0002707103378074,0.2598223918907558,2.564931896282232,82,0.8544573379066747
B0007,6022,1.61672418029789,1.6353874285785346,10854.334293480206,0.0490953466973727,2.0,16.77168819370353,-0.0002682901394593,0.1581375291218228,1.1975831621159303,83,0.8549336177737964
B0007,6026,1.6108655863730026,1.6267867192397325,10845.604685484655,0.0416520804235339,2.0,16.814923935159232,-0.0002680697692231,0.2704583514189489,1.793033224394351,84,0.851835557535501
B0007,6030,1.6006603374309376,1.6222017847630317,10771.085670539978,0.061833088081961,2.0,16.781049207508403,-0.0002740361868553,0.9031348872941012,9.63283766023019,85,0.8464389595847521
B0007,6034,1.5959174487005665,1.6200660273669971,10719.554362358023,0.0544481586125181,2.0,17.249922862366454,-0.0002807224755844,5.0087321221055285,61.73556058557791,86,0.8439308910654778
B0007,6038,1.5962179519462243,1.6125162141969906,10739.18524852396,98.67073176537998,2.0,17.164062689944853,-0.0002703212186291,0.5746759196129972,5.905275256521014,87,0.8440897990165642
B0007,6042,1.5958065114633972,1.6223861058701017,10738.178275975726,0.061833088081961,2.0,17.08102249689383,-0.0002726061304174,0.8182640989285813,8.061138597542039,88,0.8438722267771133
B0007,6046,1.5906507821480704,1.6148755833213395,10692.31254939839,0.0786421672203184,2.0,17.35031928727601,-0.0002813582373448,0.2966396370817895,2.723494940925244,89,0.8411458456358337
B0007,6049,1.6888211161855506,1.7156762683166855,11213.226266827874,0.0001807411785984,2.0,17.160564312332532,-0.0002731319606352,0.2299334926759236,1.9811753936383028,90,0.893058917673428
B0007,6052,1.6259938279733204,1.6498268198597812,10861.088220892803,0.1555820891059782,2.0,16.878580961346774,-0.0002733594275126,0.9750927056518132,7.758963028459076,91,0.8598354640622486
B0007,6056,1.6157433862812898,1.6397848779880182,10810.134302227962,19.729247797150386,2.0,16.914867731248055,-0.0002761004291612,-0.7497114328615166,12.417420882362189,92,0.8544149679093845
B0007,6060,1.6056626764846538,1.6267719671037348,10777.198729577402,43.26507456140613,2.0,17.018172043806842,-0.0002735006062775,1.4286885426719842,11.66835331381624,93,0.8490842270191371
B0007,6064,1.5949746921524348,1.619103890032283,10733.781271239935,321.31983209519694,2.0,16.94004243654198,-0.0002745473297711,0.3656277603442028,3.1933132107600986,94,0.8434323556466374
B0007,6068,1.5904102438871943,1.6143751884418989,10699.216007644907,0.0519930725773515,2.0,17.0975425180475,-0.0002770815293561,0.2994702795062495,2.1651249323793342,95,0.841018647534828
B0007,6072,1.5853517062988178,1.609391800025064,10669.223933113495,0.061833088081961,2.0,17.08608372760252,-0.0002774267873339,4.545124433265003,53.26700954583969,96,0.8383436619721834
B0007,6076,1.5799737147242376,1.6038477947764471,10663.094967627409,0.0990211777417734,2.0,17.019459085793027,-0.0002767013732903,0.770860145968008,6.163820266300903,97,0.8354997471911441
B0007,6080,1.5752185465278068,1.5992866874755258,10628.869893150108,0.0280790934311911,2.0,17.045902313381696,-0.0002789600112524,0.4938416953222871,4.178956783841894,98,0.8329851852152426
B0007,6084,1.569798484648868,1.5886481247896878,10595.609694897008,0.3171876859801844,2.0,17.075023870498367,-0.0002783445751703,1.2932564625927578,15.15691317767256,99,0.8301190234003898
B0007,6088,1.5702565375950357,1.5891175496274448,10602.421882629133,0.004273052595991,2.0,17.005481885313692,-0.0002737267624396,0.2461376098644709,1.818553295039382,100,0.830361244595057
B0007,6092,1.565249873909438,1.589264675038086,10552.788590653488,0.0090644010052803,2.0,17.332578783902257,-0.0002856671359139,0.4798943784926321,5.383968990444733,101,0.8277136902689282
B0007,6096,1.559633933561147,1.5836197231855471,10518.285425029457,0.0092832114225307,2.0,17.2382506881749,-0.000283383316065,0.1871229157049616,1.652951419335425,102,0.8247439467235069
B0007,6100,1.5649820533392105,1.5892166649270043,10548.609702426498,86.00051303671053,2.0,17.1439125332487,-0.0002812595140448,1.980941789888895,21.353951558667376,103,0.8275720651161599
B0007,6103,1.57497949984227,1.5967083319361393,10604.181093165049,0.049268939775283,2.0,17.088469642584005,-0.0002837955556068,0.3718530494106999,2.9776504460710003,104,0.8328587758683834
B0007,6107,1.5652811168780458,1.5892072865439322,10520.0513904548,0.0,2.0,17.294305137066566,-0.0002898871029727,0.3716964606043901,3.176597553392929,105,0.8277302117414882
B0007,6111,1.559755497470126,1.5811473813143893,10504.756096946812,0.0002625940715373,2.0,17.0546278173547,-0.0002760158121417,0.276883069677708,2.193295549559636,106,0.8248082304608076
B0007,6115,1.549897685670499,1.5714241627338192,10378.120846605443,0.5031719994548546,2.0,17.43741692716166,-0.0002930021267415,0.5736323475250615,4.408968585690851,107,0.8195953593923267
B0007,6119,1.543877153134502,1.5652958907185437,10446.583109796076,0.0122254165624787,2.0,17.31345300224252,-0.000283603895127,0.8497711464103518,8.894512800547247,108,0.8164116650277281
B0007,6123,1.5450187488690073,1.5690513527139904,10418.567971145094,0.0060965412826307,2.0,17.371272594119127,-0.0002886758048374,0.4585203068603352,4.681068637057863,109,0.8170153478223752
B0007,6127,1.5445940154102908,1.5631369290862165,10421.993775718449,58.59361947191538,2.0,17.161265295736197,-0.0002828049435602,0.8121018263679255,7.606340571826312,110,0.816790746176111
B0007,6131,1.5343086721758876,1.5584985340492004,10378.996242085912,0.0,2.0,17.263038043551482,-0.0002883204964476,0.7226303559338515,7.043641061452934,111,0.8113517938745419
B0007,6135,1.5287603942958483,1.5526478055212554,10344.746331831078,63.38011177549706,2.0,17.396331486573494,-0.0002867574539031,0.3352828270240689,2.585320080781248,112,0.8084178306554588
B0007,6139,1.5289260249179843,1.5502229175100792,10340.801233590666,0.1744659254643898,2.0,17.443515497243474,-0.000290962128025,0.5030288666865367,3.544785428239679,113,0.8085054171397351
B0007,6143,1.529091650133123,1.5560464903978184,10336.384477538157,0.000173998870889,2.0,17.56391574971399,-0.0002939551038022,0.8500832067842001,5.851341037912707,114,0.8085930007647584
B0007,6147,1.5239059324661248,1.5428243935586536,10302.871008885177,0.0052862777411609,2.0,17.46393418143761,-0.0002934238144101,1.173986616230252,12.457283410694403,115,0.8058507616000151
B0007,6151,1.5186675419100617,1.5428281037473242,10272.00893142304,0.0,2.0,17.430860736265572,-0.0002896878852662,0.3831125626930181,3.231359225380233,116,0.8030806686899294
B0007,6155,1.5136482266426952,1.5378971804827442,10229.511356623088,0.0080644146549756,2.0,17.58542704457306,-0.000294938601729,0.3766236774579622,2.648321290677935,117,0.8004264241301146
B0007,6159,1.5136050185229033,1.535182819179023,10230.182072808324,0.2393067526694208,2.0,17.620427810623756,-0.0002961711541252,0.5350778588043067,3.534784443838865,118,0.8004035754125528
B0007,6163,1.5139470614867965,1.5353531014595998,10234.878809404943,0.061833088081961,2.0,17.58390819426034,-0.0002966018635247,2.143724864906099,24.934375423919786,119,0.8005844498202711
B0007,6167,1.5339599193158786,1.5551931570016309,10298.79180794112,0.1075503297139186,2.0,16.672779466592516,-0.0002945410550056,3.236504954046516,28.68896347149442,120,0.8111673712327889
B0007,6169,1.5391372798653098,1.5577357747464728,10359.592080451535,0.0113506040933718,2.0,16.453761799755664,-0.0002868227758501,0.1715552477421038,1.1149907161068002,121,0.8139051911027366
B0007,6173,1.5236247972838737,1.545228842860047,10270.67847393463,0.4445486899470244,2.0,16.94434372567103,-0.000295397384743,0.3391054966719461,2.2058917662547928,122,0.8057020955991137
B0007,6177,1.5135813035589147,1.5349171873367045,10236.515173350745,0.061833088081961,2.0,16.922553739271727,-0.0002917384714272,0.214802967897812,1.5720831053240825,123,0.8003910347947992
B0007,6181,1.5077850749847914,1.5319414812780168,10195.520176714705,32.52299572121883,2.0,16.99033285094061,-0.0002918503897019,0.6045557257513102,6.313171330300855,124,0.797325953734772
B0007,6185,1.5031960676037333,1.5243957471070462,10198.16348538872,0.1461926521154779,2.0,17.033038240766658,-0.0002915194109747,0.5089372857009361,3.6877045265699695,125,0.7948992586125676
B0007,6189,1.497822059699588,1.5191439559968776,10130.77588645355,0.0445347166188791,2.0,17.012157198182734,-0.0002930721046812,1.049704330751474,11.384138047419862,126,0.7920574504207774
B0007,6193,1.492848534633516,1.5196628285623437,10128.731450981251,8.935282648115396e-05,2.0,17.005038461122467,-0.0002918601608783,0.6211082300727914,4.905924664392812,127,0.7894274199989884
B0007,6197,1.492414389867026,1.511405198708657,10126.51100244894,0.1003964798742955,2.0,17.016782642444458,-0.0002900338847661,0.5627258344196491,4.3675137438765885,128,0.7891978415957107
B0007,6201,1.487482776538081,1.51165932380623,10077.286653306111,0.013025419347175,2.0,17.29355415618371,-0.0002999938348767,1.4630230250353555,16.99590386157994,129,0.7865899743564149
B0007,6205,1.482535148640411,1.509340534507449,10050.164214600274,3.543983997773143e-05,2.0,17.22109044982874,-0.0002977675530799,1.372817885929514,11.08286384824563,130,0.783973638515397
B0007,6209,1.4827874322228984,1.5015092594729862,10052.71478787555,0.061833088081961,2.0,17.06984186591832,-0.0002923792015321,0.4898816812429984,3.37469895246398,131,0.7841070476141841
B0007,6213,1.476971179775059,1.501202788116461,10045.730459582552,0.061833088081961,2.0,17.318625284366192,-0.0002961710861853,1.3620563597526718,13.25772179785406,132,0.7810313778074761
B0007,6217,1.4819015554137276,1.5004091638305666,10081.506772275854,0.061833088081961,2.0,16.384161992571762,-0.0002940074280699,0.3835787074228754,2.625911741681968,133,0.7836385905485969
B0007,6219,1.4981366198874824,1.5195404333240596,10136.990664799612,0.0003674658778806,2.0,16.548295658919642,-0.0002946546243197,1.4559605958126471,11.746560602215002,134,0.792223791768746
B0007,6221,1.4820775214392872,1.506387879307272,10088.671300189151,0.061833088081961,2.0,16.762604627889182,-0.0002954741741594,4.390138510178712,52.52475957336158,135,0.7837316424573085
B0007,6225,1.4771155312812152,1.4986663905759017,10039.910677155072,0.0751126705639236,2.0,17.034484163016334,-0.000301927263268,0.8970017183863273,5.666450130187744,136,0.7811077117652985
B0007,6229,1.4720772783056488,1.4988862086247057,9997.45761087146,0.1039597684592345,2.0,17.203833486449753,-0.0003018750880843,0.5967932885824773,3.6156534167306,137,0.7784434528297595
B0007,6233,1.472248013656454,1.4829121959181866,10009.592131023965,27.392558795413883,2.0,16.828028296876788,-0.0002959298481182,0.8420049180642245,5.698816565325817,138,0.778533738725724
B0007,6237,1.4670106672274663,1.4912951550448168,10013.735691656777,1324.5431618189273,2.0,16.89708589034805,-0.0002969298103963,1.4062893162860957,13.493357746831258,139,0.775764197956411
B0007,6241,1.461767249533538,1.4833124092316186,9977.638871187708,0.019980133148079,2.0,16.944030107902453,-0.0002976346928886,0.5606328576382265,4.39531126277634,140,0.7729914466651282
B0007,6245,1.4566952670489708,1.4810992482604357,9937.630312023875,0.4182341090786282,2.0,16.985031703507076,-0.0002978651075972,11.27694801720944,137.1696673285017,141,0.7703093513592872
B0007,6249,1.451354972758956,1.4754005145485865,9930.593468895178,0.0,2.0,17.106287748245737,-0.0002986847930425,0.3202775083191531,2.222513733223604,142,0.7674853711324945
B0007,6253,1.451615926257375,1.4757541745385134,9934.75950308334,98.00162115339891,2.0,17.14308195684779,-0.0002961477749256,3.8914793596308126,43.62562573709395,143,0.7676233649357621
B0007,6257,1.4468161332173683,1.470724401384161,9913.344631710828,0.127228457407489,2.0,16.86806990014602,-0.0002966564621192,1.5383986878919709,13.742158909360928,144,0.7650852050701119
B0007,6261,1.4467570607768785,1.470772428651049,9888.948291016704,0.1127960097549682,2.0,17.262178635203135,-0.0003042272406033,0.7518524390800063,5.173812027524614,145,0.7650539672029023
B0007,6265,1.4413797481446793,1.4629173026919862,9852.448022165245,0.0078314995026915,2.0,17.354182721393872,-0.000301797593876,0.3067547664400331,1.9625551360846645,146,0.7622104114507394
B0007,6269,1.4362456252208178,1.460078329093972,9853.907513718485,3.999825213673781,2.0,17.335183559204996,-0.0002971997576654,4.473153755108087,42.0993299229821,147,0.7594954559011889
B0007,6273,1.4368154153924828,1.4606610539867997,9858.34711646217,0.0673183160576537,2.0,17.26745836118312,-0.0003005097211479,1.5183834280622686,13.014835485270524,148,0.759796764422933
B0007,6277,1.4362945145860049,1.4603905713641618,9815.884575500417,0.0021624218352425,2.0,17.40617404047704,-0.0003058941002017,0.2986338121795696,2.288167366264091,149,0.7595213088960036
B0007,6281,1.4418575315878015,1.4634493824838313,9838.18071529085,0.1142362663484766,2.0,17.45641091760828,-0.0003029838531719,0.2581131196657374,1.6126343906503628,150,0.7624630662526647
B0007,6284,1.4672063484781797,1.4861114083860325,9984.002852380629,18.345485572458013,2.0,16.748279499192112,-0.0002949782744485,0.5977343441102791,4.705832129783129,151,0.7758676753965592
B0007,6288,1.4518640367848883,1.47312189416116,9898.693037266825,0.0089460399738913,2.0,17.052090504249723,-0.0003038267563906,0.6370079618559467,5.809702544815219,152,0.7677545672975995
B0007,6292,1.44713797527485,1.4659371840288942,9874.201494637226,0.0,2.0,16.86501865606789,-0.0002938748750819,0.2376074263382972,1.213573512700732,153,0.7652553971151792
B0007,6296,1.441790586562399,1.4659566253881844,9870.802023424823,0.0612796930297276,2.0,16.957517682633757,-0.0002948269504656,0.1116264477465723,0.6198199166656462,154,0.7624276653144856
B0007,6300,1.431630947911111,1.458491387163486,9835.07395465783,0.0002400545865358,2.0,17.035093043706308,-0.0002963401206782,0.4502923425237959,2.8727991334886527,155,0.7570551863639823
B0007,6304,1.4318084249673686,1.4562485333170343,9828.403327489332,0.0711350396048706,2.0,17.382681712316252,-0.0002956999465005,0.2208599356416553,1.199862945716328,156,0.7571490373149529
B0007,6308,1.4262562585106868,1.450586654429083,9788.67622385453,0.7497173556371277,2.0,17.120442351633706,-0.0002992218276769,0.4172255932791714,3.8582992849075097,157,0.7542130177927987
B0007,6312,1.4260877528924911,1.4421541027692153,9790.956725823551,0.0261925767933783,2.0,17.06963432214357,-0.0002951466242465,1.0616046861580872,6.485096596926504,158,0.7541239109930522
B0007,6316,1.4212633510031694,1.4452868070955158,9742.242356650484,0.0598635522141968,2.0,17.378906912991877,-0.0003048602559769,5.180406702330027,49.59053880807174,159,0.7515727378176299
B0007,6320,1.4163272748795108,1.4379600856373609,9755.274873316834,0.0293388029016325,2.0,17.135220749707166,-0.0002983638904106,0.3131021905407887,1.8267216856169293,160,0.7489625106252409
B0007,6324,1.4165781829175994,1.440405982932107,9712.443091137557,0.061833088081961,2.0,17.428417255649293,-0.0003081634375141,1.1914320215386378,8.421308033461754,161,0.7490951923277513
B0007,6328,1.4108401729425175,1.4346319260504707,9719.573676051165,0.0795423997021049,2.0,17.148390424593945,-0.0002983322123668,6.250818718772319,58.836826361314166,162,0.7460608976183625
B0007,6332,1.4109949628347804,1.435185991273794,9704.004032823912,0.0618967191041076,2.0,17.4238273887079,-0.0003060435331926,6.3693324729013145,72.7572812797245,163,0.7461427514584917
B0007,6336,1.40617142903988,1.4305920908436542,9685.514753992982,0.1480556367144538,2.0,17.247055772478852,-0.0003004727347605,1.1134445672830484,10.688967952903274,164,0.7435920373366997
B0007,6340,1.4063358479692922,1.4303510411135454,9675.679131306397,41.49552841617869,2.0,17.45043950913455,-0.0003061790445936,0.8017938459751532,6.853579171272454,165,0.7436789830704655
B0007,6344,1.4004552399066514,1.4245795757362758,9681.255685077786,0.0160841395002075,2.0,17.20609643868576,-0.0002986537317101,6.49784383191127,56.301473711785086,166,0.7405692816217144
B0007,6348,1.4217865046055154,1.448606324773397,9717.543201787488,0.1057950122185453,2.0,16.424222971873284,-0.0003077252532819,46.56600229594269,560.514101434837,167,0.7518493846367692
B0007,6350,1.4324552720625434,1.4596729599932632,9815.2672587616,198.08040721227545,2.0,15.832225353059052,-0.000303318145434,0.2987590165490187,2.589913727493665,168,0.7574910940083355
B0018,6355,1.8550045207910817,1.8684904704296237,12111.615485894954,0.0653408681847917,2.0,14.28368525478474,-0.0002181832693885,0.1917903739802528,1.915651061532997,1,1.0
B0018,6359,1.8431955317089987,1.8513931757478288,12104.48493481716,0.0831555871774622,2.0,13.836475708407905,-0.0002181856248004,0.5456396306915137,5.697386436048307,2,0.993633983664338
B0018,6363,1.8396018424355425,1.8503416854510155,12064.793082148088,0.0586977279991715,2.0,13.786366536415194,-0.000218324051049,0.5319569666721076,5.586290127622353,3,0.9916966895859798
B0018,6367,1.8306736044962053,1.844247296481808,12037.094219593488,0.0304495285548326,2.0,13.836290962324924,-0.0002201178617348,0.3499261727590897,2.9082344397440263,4,0.9868836350412232
B0018,6370,1.8327002069419656,1.843566572552352,12098.643972160367,0.0336411771504562,2.0,13.790314776068024,-0.0002223445601717,0.281882423858173,2.013440692117419,5,0.9879761404357094
B0018,6372,1.8285288846046388,1.842238542753539,12088.548647145562,0.0,2.0,13.476102138629884,-0.00022328929311,0.1363118576625495,1.402878617540738,6,0.9857274546289774
B0018,6374,1.8212011895697924,1.8322832607531927,12050.79778491586,0.0002844899643444,2.0,13.32804685870595,-0.0002187202715709,0.2913774908917745,2.351615137934667,7,0.9817772243450524
B0018,6376,1.815170010643328,1.8235838232030648,12001.776499798823,0.0,2.0,13.46006929064541,-0.0002221108203021,0.1559428316062197,1.15218873425803,8,0.9785259228744272
B0018,6379,1.8042980520967649,1.821119688041474,11967.118294475858,0.0,2.0,13.635935829808798,-0.0002228858568056,0.292187421295207,1.9335129355300744,9,0.9726650430627024
B0018,6382,1.8231002302844224,1.837200076262493,12050.733018617208,0.3172315301999329,2.0,13.927078910422768,-0.000222767877655,0.1539264130885937,1.1655197187064252,10,0.9828009634752516
B0018,6384,1.8121253520255487,1.8261410359996355,12030.164463984564,0.0002967175164026,2.0,13.565040139414409,-0.0002222706561517,0.4208939284913764,3.936980374744525,11,0.9768846014740458
B0018,6386,1.8046916382117768,1.8132790116094737,11982.271992249942,0.0465401131420804,2.0,13.40501034239788,-0.000223825961621,0.1566142951348154,1.22346552010957,12,0.9728772183488542
B0018,6388,1.790844349786295,1.7934342944401018,11931.98223457175,0.0586977279991715,2.0,13.317272956696788,-0.0002208011806493,0.6373745053282376,5.83189206190135,13,0.9654123910288772
B0018,6391,1.783470722841926,1.7919809720800488,11875.965527447444,0.0,2.0,13.61783534569523,-0.000221809831732,0.5464252692006902,3.047795616133914,14,0.9614373996680884
B0018,6394,1.7809386125310702,1.7924996929755752,11895.60016325144,0.0586977279991715,2.0,13.828385143139766,-0.0002278577874368,0.3673406230908149,2.5579331347132346,15,0.9600723839592448
B0018,6396,1.771209039672698,1.7825521755828078,11876.859423507613,0.0738912456258385,2.0,13.687706278063596,-0.0002267272120671,0.455400157079054,3.713301650183024,16,0.9548273439880092
B0018,6398,1.7686303996707076,1.78067128494903,11831.349036274649,0.016001187513654,2.0,13.411846369342328,-0.0002281240775366,0.283313646293461,1.6358312028712398,17,0.9534372449488484
B0018,6400,1.7536304801917124,1.7596275427981858,11806.118237232991,0.0090402629427353,2.0,13.358066823923906,-0.0002251408292352,0.2301643045940595,1.3620045278480468,18,0.945351054693852
B0018,6403,1.7462197416415093,1.758053891066043,11743.17814881395,1.0764599909317917e-05,2.0,13.66215593755816,-0.0002280276035715,0.4977210567153598,4.576458270137922,19,0.9413560571253056
B0018,6406,1.7376647337053737,1.7498021327191335,11689.25702708179,0.0586977279991715,2.0,13.76136197360665,-0.0002301642152823,0.3284465672804934,1.9505050520254252,20,0.9367442042482638
B0018,6408,1.7315166735475835,1.740406337223424,11648.924800834717,0.0586977279991715,2.0,13.794547543435534,-0.0002286340657305,1.4789699170874016,15.477691847531151,21,0.933429894181155
B0018,6410,1.7085949894470602,1.7174028076579115,11641.22012118126,0.0,2.0,13.778547434628235,-0.0002292204405388,0.2587029829836644,1.9502923318904588,22,0.9210732212762566
B0018,6412,1.711469957068211,1.720276980670851,11586.770133907545,0.0,2.0,13.818491438228628,-0.0002289762595987,0.6586844631283195,4.884317774875594,23,0.9226230652733616
B0018,6415,1.7075021373272627,1.725739155138628,11568.825448397092,0.0586977279991715,2.0,13.840293853640487,-0.0002279799636501,0.1319640614309235,0.8293575849018614,24,0.9204840841029782
B0018,6418,1.7492382064360228,1.755070207140857,11726.144297388324,8.381482559255327,2.0,13.943530502744352,-0.0002293795460529,1.4352167084212448,13.800806410662904,25,0.9429832579006578
B0018,6420,1.7327697147429957,1.747931748596954,11697.770275431092,0.0,2.0,13.955530105766227,-0.0002326436655019,1.1285273134667348,10.020580400351946,26,0.934105386440806
B0018,6422,1.7222313328292376,1.73749705231231,11690.251681778298,0.0002104697767253,2.0,13.640866838048542,-0.0002264549429472,0.2184589204129025,1.3037218911779582,27,0.9284243318688938
B0018,6424,1.711846298984729,1.7182170685827185,11657.094488808409,0.0417979084161816,2.0,13.600241361796863,-0.0002277162444669,0.2694365467878044,1.7755794638833096,28,0.9228259445182906
B0018,6427,1.699267835126687,1.7147788441514054,11600.12416706256,0.4392454623331095,2.0,13.881694976096846,-0.0002327642363254,1.5555618544923315,11.22800128555431,29,0.916045117993578
B0018,6430,1.6940366439243106,1.7032298303178977,11576.0602700417,35.634091714963354,2.0,13.741253257248696,-0.0002279462624533,0.5535944253369117,3.473967450760554,30,0.9132250757005568
B0018,6432,1.6819027078768087,1.6912400924040851,11539.202282592472,0.0198960090649505,2.0,13.837282223884705,-0.000226280773484,2.41903799465325,18.130273822505718,31,0.9066838862255427
B0018,6434,1.6769770618433686,1.689164548247336,11500.29720740331,0.0002711122802503,2.0,13.964744983363506,-0.000231522370141,0.5875660327806796,4.195138402485127,32,0.9040285579078848
B0018,6436,1.6655229306478936,1.6751629978591909,11461.71695091259,0.1505675618931251,2.0,13.846103645514107,-0.0002328507062862,2.8236236343802683,21.582812880160827,33,0.8978538391580942
B0018,6439,1.6571924575832084,1.666699488228353,11451.511951311031,0.0263311540442957,2.0,13.973935264543249,-0.0002280291429446,0.3612619074642679,2.260297819795629,34,0.8933630290434469
B0018,6442,1.6482241555294048,1.6672311133854052,11393.779145515906,292.2589315207777,2.0,14.042477086146905,-0.0002302723117838,0.4360667391224669,5.212326855474805,35,0.8885283766459535
B0018,6444,1.6387701497987262,1.6548731680218605,11346.450143720907,0.0,2.0,14.189452213409504,-0.0002370692721097,0.2534191179144248,1.1718132712338014,36,0.8834318900203323
B0018,6446,1.6276486907262062,1.6374410968250723,11334.788460498685,59.09661780748525,2.0,14.11000952237584,-0.0002259986709442,0.4424883807471718,4.022924553724139,37,0.8774365089051547
B0018,6448,1.62215370227252,1.63832667049088,11286.4554999757,0.0244218588146172,2.0,14.407600503445272,-0.0002371468751858,0.6109110561494813,3.403477686851286,38,0.8744742581978935
B0018,6451,1.6140066510467586,1.626843519669854,11269.303116982388,0.1878836644965175,2.0,14.385202657747534,-0.0002370370263571,0.7325873680364002,4.358545092007114,39,0.8700823275398015
B0018,6454,1.6760516154424625,1.692243173505605,11397.00654477694,0.1126365662759945,2.0,14.400609496919705,-0.0002456075868087,2.669210300309891,22.821911199673437,40,0.903529666185232
B0018,6456,1.649300642552199,1.6591378466074906,11368.228196707998,0.0876893016490724,2.0,13.943442742628257,-0.0002320122347411,1.0694971831653326,7.602486004013143,41,0.8891086916860135
B0018,6458,1.63238299185809,1.648552124817915,11286.477472863578,0.0064800329841041,2.0,14.170427269407975,-0.000239735883897,4.5789611986160645,36.58902426605461,42,0.8799886865838726
B0018,6460,1.6164159719025777,1.6294760320898416,11215.431390032449,0.0525784716693373,2.0,14.356399232765902,-0.0002402929336369,7.262205671683591,83.34579786710512,43,0.8713811496336645
B0018,6463,1.6109028378249377,1.6171265833098944,11189.497588693048,0.0361919320184579,2.0,14.376200871892216,-0.0002337347236152,1.498261520119841,12.498731109769192,44,0.8684091169427205
B0018,6466,1.5954638693695655,1.605039343499762,11119.423286712106,0.0586977279991715,2.0,14.453831511835002,-0.0002377426147812,1.7002008939705908,15.007147456729266,45,0.8600862431802414
B0018,6469,1.726707440085764,1.7422404464011434,11603.813764022092,0.0109445123141828,2.0,13.530757973451005,-0.0002422194550203,0.2504866258023256,1.8123250505415476,46,0.930837321813855
B0018,6471,1.7165673917429751,1.7229911045960775,11557.579580750842,77.43015752303124,2.0,13.320216539196736,-0.0002386677304488,0.0285288023717556,4.222336448320296,47,0.925371001797306
B0018,6473,1.6958235570934848,1.7087226649776035,11462.319373827671,0.0586977279991715,2.0,13.45974876171449,-0.0002369878578488,0.1417328622495024,0.7862148633675129,48,0.914188368861919
B0018,6475,1.6777783190792557,1.6874898245052097,11379.762709791155,0.0379007120301446,2.0,13.583921816999442,-0.000238477113803,0.9015742008573188,8.395566905139292,49,0.9044605014567584
B0018,6477,1.6606586897774192,1.6700949036689223,11342.670908478638,0.1745569040833868,2.0,13.61927094629536,-0.0002367197855426,0.2538970427994039,1.343412539664137,50,0.895231613273491
B0018,6480,1.6664109274827466,1.6695484596456884,11357.9426459705,0.0586977279991715,2.0,13.57773372632997,-0.0002361252911914,10.711141704445126,114.98050711716998,51,0.8983325424846361
B0018,6482,1.6468336174407805,1.6625187675787174,11257.095221316717,0.2006163908730837,2.0,13.74826633149008,-0.0002438680767553,0.4624657039274329,2.276464406642161,52,0.8877787622525443
B0018,6484,1.6257639928779952,1.6359494132757992,11217.396666093284,0.0586977279991715,2.0,13.566795396640815,-0.0002314199287267,0.1745860314163688,1.164776585289225,53,0.8764205017595725
B0018,6486,1.6121577411874597,1.6281127673658158,11105.40122539231,0.8049833391122675,2.0,13.884883614494129,-0.0002448455405541,0.8248618634213879,5.039491918663545,54,0.8690856130635962
B0018,6488,1.6057366823755344,1.6216828083948331,11105.815340188554,0.4051535616010489,2.0,14.033461011085436,-0.0002396709436016,1.2557052177438115,9.494091383962648,55,0.8656241342693628
B0018,6493,1.673645314879889,1.683342004715186,11353.362805832214,541.5741215291981,2.0,14.043313005225755,-0.0002392094126278,0.1620666320460395,1.0416454004370803,56,0.90223247227783
B0018,6495,1.6404348572349936,1.6506645449458772,11192.281897310788,0.0586977279991715,2.0,13.704042885890496,-0.0002411818241166,1.3778308718367362,9.6471545910301,57,0.8843293042409497
B0018,6497,1.6132653317422077,1.6198757650498568,11085.718749846586,0.1867982146012625,2.0,13.863144144854932,-0.0002447891655583,0.4360900449784036,2.30619952214203,58,0.8696826954654632
B0018,6499,1.5920964324686278,1.6080781536589408,10977.54494166572,449.07660020526345,2.0,13.993353329604236,-0.0002460963699941,0.8747462757783269,4.498070277512094,59,0.8582709177386076
B0018,6502,1.5866011820698824,1.5965585615984192,10947.375302339758,0.0586977279991715,2.0,14.078945040805031,-0.0002410565939329,1.1585041858281075,9.907388796488712,60,0.855308525821416
B0018,6505,1.580076649033625,1.5931199241862677,10910.977672603703,5.9479199869385214e-05,2.0,14.09769543409274,-0.000243113339482,4.503137051623711,39.85183605534466,61,0.8517912659101168
B0018,6507,1.5641732953289167,1.5803872319296857,10835.75646544648,0.0385616804193773,2.0,14.279392608210363,-0.0002496737319451,1.0329050261688937,9.665476043176128,62,0.8432180503052695
B0018,6509,1.555618272193922,1.5655653899430269,10793.07014984235,0.3949855351012624,2.0,14.139752935426358,-0.0002415571066568,0.2723816033668443,1.2644659921713748,63,0.8386061892347928
B0018,6511,1.5402045278637395,1.5565813168037337,10726.29980570772,0.0,2.0,14.328100706122813,-0.0002475993480385,0.3806649638261705,2.070970988720955,64,0.8302969133503281
B0018,6514,1.5321613015959863,1.5456915752060818,10664.466670487282,0.3889051791286372,2.0,14.57267529185678,-0.0002488236271216,1.6117248148230587,12.922098247407485,65,0.8259609528835993
B0018,6517,1.5316232403693415,1.5514083215820915,10619.368077701343,0.0,2.0,14.464108734758964,-0.000255000186592,0.9195240556076368,4.430702890025919,66,0.8256708936300426
B0018,6519,1.5222595950771978,1.53530959431735,10569.346679641129,0.0002235239471152,2.0,14.477006757994229,-0.0002468349570499,0.235080362233545,1.0593449749043875,67,0.8206231187124103
B0018,6521,1.5065267126851285,1.523261353115149,10528.873676063711,0.0990046216559092,2.0,14.7168453508341,-0.0002516704110159,0.7386868799464876,3.4224404262621366,68,0.812141801165346
B0018,6523,1.5014219556532926,1.5183451903139993,10460.21092858384,36.61704672502014,2.0,14.746036174268829,-0.0002531311790353,0.3829530450769822,3.7003302394469424,69,0.8093899172887186
B0018,6526,1.4963534117486457,1.5097578350375571,10417.459545678505,1.5263395115282824e-05,2.0,14.972498725996594,-0.0002576353894765,0.8126370564196855,4.675413292052798,70,0.8066575552659644
B0018,6529,1.5334262000312422,1.547351551666967,10589.898180092438,0.0,2.0,14.759029236923638,-0.0002580664321724,3.3107769204637933,29.195097215056173,71,0.826642837170715
B0018,6531,1.523845267514426,1.5375297551045537,10538.615981039238,0.8565345069929134,2.0,14.54799860569377,-0.000252960224981,0.6010721782431405,5.236843410187077,72,0.8214779265683784
B0018,6533,1.501192099426124,1.5182322619504116,10453.919669067684,166.68986662977872,2.0,14.53629643912872,-0.0002574537833885,0.4452127184127642,2.2132765144754583,73,0.8092660058779417
B0018,6535,1.492417671450291,1.5094987754875142,10411.790872592534,0.719531192434332,2.0,14.687993481765748,-0.0002549589776456,0.4950447728181488,2.564536343876839,74,0.8045358675534857
B0018,6537,1.483323851940123,1.5005598519040866,10352.195839378404,1.8577359855337827,2.0,14.73036486593207,-0.0002545447576616,4.210365695869356,38.83178218452387,75,0.799633550923934
B0018,6540,1.4807376792294196,1.4980298391408475,10288.36465432157,0.0656993216930909,2.0,14.807240188597952,-0.0002615645441613,16.21807820491189,167.93850223589752,76,0.7982393911352555
B0018,6542,1.4735077809902477,1.4910180994595217,10255.653469979285,0.0794301613385732,2.0,14.78837124181927,-0.000251748931307,0.6486604163032683,5.570985647002876,77,0.7943418813674149
B0018,6544,1.46801928526661,1.4852723586522365,10203.160535995896,0.0586977279991715,2.0,14.85075823250192,-0.0002650769721223,0.7704293537631705,5.179787601553634,78,0.7913831307756389
B0018,6546,1.458092355711902,1.4817711969698648,10177.156969396598,0.000184238226767,2.0,15.034185944561589,-0.0002632435400281,0.4501340531816216,2.296501761778289,79,0.786031699313642
B0018,6549,1.44786609888914,1.461637053694807,10107.419431416509,0.0920783593494546,2.0,15.135941668369355,-0.0002604422919683,0.3546651901582555,1.6062309064532916,80,0.7805189058362434
B0018,6552,1.4527808777541982,1.470198386481025,10103.761297962454,0.0610074448644353,2.0,15.076574759021728,-0.000264079273691,1.3360275979601184,5.521216201702625,81,0.7831683758563823
B0018,6554,1.4425356364492432,1.4565531359956705,10039.188484006234,40.92910406923817,2.0,15.086539419369078,-0.0002575376288785,0.9401633840291556,5.134725075850502,82,0.7776453481817188
B0018,6556,1.4392712877203313,1.4495665539659548,10023.786058456248,0.0586977279991715,2.0,15.022685906695056,-0.0002587909027314,4.095879724584299,27.11814483930265,83,0.7758855957432074
B0018,6558,1.4286475681888218,1.442304739788767,9999.638265813364,0.1991251090240368,2.0,15.003256493206784,-0.0002624113370572,1.370391326401503,9.208820789479194,84,0.7701585371768062
B0018,6561,1.4249026750004896,1.438532747546425,9976.459521421628,8.400509824615117e-05,2.0,15.0870457001179,-0.0002547495684188,1.2541060600770106,8.890514595993432,85,0.7681397317526905
B0018,6564,1.4698115324524124,1.487174560301435,10176.485030665986,0.0340945068983666,2.0,14.995545341489796,-0.0002701185730365,1.364868762189947,11.15725715054154,86,0.7923492994106556
B0018,6566,1.4525819651050202,1.4703321678362555,10064.78240865949,0.0204267813587389,2.0,14.953679814047096,-0.0002728122346869,0.5807692500967547,2.688451268159218,87,0.7830611455790711
B0018,6568,1.442834198908794,1.4531555431837733,10006.026435714675,0.0004796580775214,2.0,14.913478482190172,-0.0002653048168491,1.2660221029527658,7.640843273443268,88,0.7778062979024363
B0018,6570,1.428376058807949,1.4428815628949188,9941.52382010247,0.0,2.0,15.278462534733524,-0.0002727166062332,2.817977750003383,15.349361333405929,89,0.7700121712904541
B0018,6572,1.4154547844370715,1.4299045703024504,9911.651665995048,0.0430735111366642,2.0,15.154054480654956,-0.0002548785639527,0.2553181899910083,1.0413754869667986,90,0.7630465417051595
B0018,6575,1.454576670077708,1.4650724358126683,10003.39546025065,0.0492982339580509,2.0,15.037423329342076,-0.0002722319161679,0.5090959630077108,2.7633238256974613,91,0.7841364556121901
B0018,6577,1.4283179548274056,1.4354459541029558,9953.18820627002,0.0719615942279176,2.0,15.086761225682238,-0.0002709075262515,1.2987374692386642,7.133747375768224,92,0.7699808484662279
B0018,6579,1.4197026883204058,1.4415457127639122,9899.271431083867,0.0586977279991715,2.0,15.077644645422822,-0.0002716076889019,0.7028639881728294,3.414443285055339,93,0.7653365112635747
B0018,6581,1.4155606630306516,1.4372059982937655,9873.759199076672,59.77309133623832,2.0,15.035824517969402,-0.0002715621161185,0.3581903456507196,3.352860479196637,94,0.7631036189749955
B0018,6584,1.405680035419228,1.4275298579838789,9794.274627949011,0.1144849317427149,2.0,15.394472107347475,-0.0002747251837469,0.6165640062229035,3.6997431451821217,95,0.7577771480684934
B0018,6587,1.4084461071166137,1.4226077289429628,9774.46468785675,0.4865640683424152,2.0,15.263249237932415,-0.0002786554032411,0.9201130651872936,4.682869005705038,96,0.759268288206635
B0018,6589,1.3968547782872414,1.4146922522743504,9746.531282925947,0.1166551919890932,2.0,15.307156564737458,-0.0002746047669063,7.185146360896521,69.21079876627923,97,0.7530196086484692
B0018,6591,1.3935670371440676,1.4047225510357155,9737.081348619762,0.2006299024547241,2.0,15.202727901500364,-0.0002647646844182,7.056517418731371,65.66964724354821,98,0.751247245774781
B0018,6593,1.3893644292809475,1.3966530204936862,9715.771403310582,0.0584793097881099,2.0,15.135112208362871,-0.0002651663675726,1.4853223059070535,7.750123036474894,99,0.7489816944965945
B0018,6596,1.378565141566671,1.3969757849781783,9643.856181665566,0.0339926248280351,2.0,15.39948206388901,-0.0002718479621606,0.9086321031633586,4.300920121534147,100,0.7431599902402237
B0018,6599,1.384901110085747,1.3958772900433538,9687.886058254328,0.0322704340600593,2.0,15.189513699725625,-0.0002649422246546,0.8231465626129117,4.337525815594986,101,0.7465755983684312
B0018,6601,1.3703251814242443,1.3924970754907948,9620.907053047204,0.0,2.0,15.475344425794257,-0.0002710585745923,0.9574993234662998,5.343651033602754,102,0.7387179740348331
B0018,6603,1.3733464385229082,1.3843412255889185,9600.506704957024,168.61960294232725,2.0,15.309145793437718,-0.0002676630886311,0.8862046482010834,4.955395596299988,103,0.7403466800917733
B0018,6605,1.3679487285504814,1.375209341633015,9576.74841711793,0.0090097601358433,2.0,15.267115434750249,-0.0002673840115872,0.6461418204124934,2.974500120653923,104,0.7374368704864981
B0018,6608,1.3567141087089647,1.3750238696095622,9536.218844337827,0.0383831642023466,2.0,15.57749724173062,-0.0002725602188542,0.6320126295953006,2.90666996348706,105,0.7313804864100185
B0018,6611,1.4604310209194575,1.4641840692597985,10013.152867923667,0.0,2.0,14.909351883515551,-0.0002706026102031,0.2431442622064435,1.1052567670477735,106,0.7872924322020762
B0018,6613,1.4500998937104097,1.4609917818249407,10003.307727133131,0.005884922422726,2.0,14.82181441628252,-0.0002737395610309,1.867971203873514,15.403818753392072,107,0.7817231049614924
B0018,6615,1.4381406901824496,1.4495173162179904,9980.4634687645,0.6102083644912851,2.0,14.684430083391916,-0.0002703914507524,1.4434405248156157,10.708129925167048,108,0.7752761106852413
B0018,6617,1.4283681980964316,1.440339141501127,9924.726970271297,0.0597206448003532,2.0,14.71035347991753,-0.0002715803890112,2.656127145216132,18.085824322149172,109,0.7700079337204485
B0018,6619,1.4147874517552432,1.4222482033486652,9820.055868584115,66.32142340120653,2.0,14.840436964078568,-0.0002685066395372,1.2171284066145995,11.179529285366485,110,0.7626867945054364
B0018,6622,1.413889163393182,1.425852450853375,9819.86473723975,0.0,2.0,14.930865636579984,-0.0002734758781387,0.5669675520901553,3.897856138239048,111,0.7622025431993112
B0018,6624,1.3989331662177225,1.419013304732514,9764.63501033941,0.0586977279991715,2.0,15.03430199623839,-0.000266400086482,1.0334691159685447,4.4323578562458295,112,0.7541400306782735
B0018,6626,1.3953322584033976,1.4140727447116908,9730.304467199408,0.3429996788247583,2.0,15.082997572513255,-0.0002785301114154,0.5149554041882897,2.449768171154101,113,0.7521988452127043
B0018,6628,1.390046129540245,1.4090444515005462,9706.151079074683,0.0586977279991715,2.0,14.976540157631153,-0.0002786044558916,0.3494582294978567,1.4480742858548097,114,0.7493491870022229
B0018,6631,1.3860271454209647,1.3968752285312718,9686.606321365583,0.000178158676015,2.0,15.013896371022248,-0.0002693203436209,1.993313800371828,11.241030767029857,115,0.747182624023947
B0018,6634,1.388215260193751,1.4066661451516915,9635.409757810688,0.0990936826833809,2.0,15.300750183116126,-0.0002859698874719,0.9364624474390268,5.83174872565978,116,0.7483621978461461
B0018,6636,1.3761826562394497,1.3875956274738517,9570.040898786494,0.2996474907638978,2.0,15.07236057074136,-0.0002743752719148,0.8790831940628153,4.230272403173724,117,0.7418756347033405
B0018,6638,1.3647168898640163,1.383532926961614,9529.478122482771,0.1670439176152611,2.0,15.299124278840566,-0.0002785421323288,1.8383848868491848,10.853165726813806,118,0.7356946436346267
B0018,6640,1.3589854739373584,1.3779276659283868,9484.685879511622,0.2939778866241953,2.0,15.362531843802133,-0.0002811944613313,0.5448907572841514,2.838337363276398,119,0.7326049390746541
B0018,6643,1.34623087640088,1.3654964780593188,9425.839149034797,0.0,2.0,15.507023749262364,-0.0002800897195026,0.352594546479242,1.191565068855669,120,0.7257291620112973
B0018,6646,1.4268427818454643,1.442379164345655,9820.492170265656,0.0586977279991715,2.0,15.0634060761804,-0.0002791762438794,13.034531423100129,124.8642105928532,121,0.7691856089045949
B0018,6648,1.4064481483279665,1.414157590180588,9786.84791507802,0.0,2.0,14.920233358724207,-0.0002715936379983,6.821656223040347,59.02088551137914,122,0.7581912240991064
B0018,6650,1.3934907492075153,1.4090625600644429,9689.760152160745,0.0294199727847177,2.0,14.97194559826622,-0.0002847853474867,1.0975776604657763,8.197896785814258,123,0.7512061203027418
B0018,6652,1.3882493512249316,1.4040093957223614,9668.583485965291,0.602995182530909,2.0,14.83922696163837,-0.0002745527566299,0.4072973157228868,1.6393495150033424,124,0.7483805757157408
B0018,6654,1.3701878338420928,1.38935604702596,9586.838881005857,0.0286816800808962,2.0,15.126734582482513,-0.0002770850640822,0.5819444190149252,2.5292505461511907,125,0.7386439323920165
B0018,6657,1.379695166560862,1.3913307438790778,9605.172034298228,35.77416173616108,2.0,15.045341113515429,-0.0002727613424317,0.2866996591432166,1.4277139034706998,126,0.7437691666500521
B0018,6659,1.3686586323935683,1.3880613041068082,9522.585642419032,0.1741006508461513,2.0,15.25496618002979,-0.0002890083132742,0.5420675650144554,3.07145360239669,127,0.7378195670433692
B0018,6661,1.3627371779096438,1.378318844886119,9538.54333668922,0.0774745612019947,2.0,15.133121560192762,-0.0002842945040826,4.305997752389644,38.22963305859075,128,0.7346274160714679
B0018,6663,1.3634051133928071,1.3782973196450825,9570.15862471205,0.0802468564303857,2.0,14.765021630346208,-0.0002706155372311,0.3895882398208038,1.4584645304497144,129,0.7349874882306874
B0018,6666,1.3518646035305233,1.3555175566894104,9474.041098733182,0.0086339128996216,2.0,15.164811966277869,-0.0002746076788507,0.9571947250577596,5.283164863454993,130,0.7287662042753458
B0018,6669,1.3547969729652622,1.374160162908244,9434.3848499738,0.2506726736821221,2.0,15.2711554879618,-0.0002908360716813,1.137824360077453,5.531237120885936,131,0.7303469925709389
B0018,6671,1.341051440640485,1.3605469699364363,9404.861755821845,0.1246472886925666,2.0,15.24893582433186,-0.0002790549443389,0.6677076279690253,4.440214473744923,132,0.7229370201580871
B0025,4003,1.847011162956716,1.8206583900029176,22144.69799499635,0.1657867861668132,2.0,15.291634292587789,-9.29356129901049e-05,67.33752353697203,513.9135206591552,1,0.9989331452015168
B0025,4005,1.8485654344528384,1.9319364629696676,22194.732614201,0.1133266729874435,2.0,15.084568613955971,-8.83738235141512e-05,56.751540490433456,309.1312066198308,2,0.9997737537182692
B0025,4007,1.847111177186175,1.8650101202707008,22072.06679440668,0.0034209057946762,2.0,15.240551564375108,-8.831999282817058e-05,60.00688315663034,284.1350087222896,3,0.9989872366606276
B0025,4009,1.8489837601535537,1.8692417081613089,22062.1481338877,0.1411622948219263,2.0,15.01009185645704,-7.995689610984203e-05,43.26334785124614,263.7261864458946,4,1.0
B0025,4011,1.837012071856044,1.8881624914906372,21996.22568441893,0.0138803626424521,2.0,15.20152631037152,-8.775598051434256e-05,52.99363240971636,423.53688474741546,5,0.9935252604400834
B0025,4015,1.817549211247137,1.8011275183540152,21712.9838442925,140.0300480190603,2.0,14.755972786883838,-9.06412898167022e-05,424.1187222006798,7221.038341980907,6,0.9829990129800782
B0025,4019,1.839863822522073,2.0554674393046164,21892.779971116644,0.1411622948219263,2.0,14.974691539844454,-9.251799888077097e-05,45.48724615008472,195.73154709753223,7,0.9950675945197468
B0025,4022,1.8430595619731431,1.884423732882768,21925.362846256667,0.1773986150292144,2.0,14.792404407012274,-8.844496875192984e-05,53.76238474810678,562.7594776552238,8,0.9967959706796352
B0025,4024,1.8401871729536057,1.805660666811313,22032.01459890897,0.0003548141089332,2.0,14.56295083534254,-7.745188492724334e-05,42.72980828174013,221.3686609245398,9,0.9952424746017144
B0025,4026,1.8281265632888253,1.7756108069094407,22008.841962919272,0.0,2.0,14.724324982972767,-8.294511652678867e-05,83.1746057191237,733.7362045459688,10,0.9887196430200144
B0025,4030,1.8253563336445804,1.702953202472972,21744.389259180745,0.2392235720871151,2.0,14.87184548058871,-8.294416971314811e-05,15.42018438393466,174.61838676200196,11,0.9872213985767992
B0025,4034,1.821418055262616,1.816468344917024,21980.462339368725,0.1411622948219263,2.0,14.541563134830149,-7.80663747285421e-05,27.182452027521723,160.51322176334844,12,0.9850914294192348
B0025,4036,1.830315627968932,1.7666532889113966,21909.7458457448,0.1382952375419333,2.0,14.456269354896303,-7.562680627768112e-05,19.470659504097014,258.9366157084372,13,0.9899035715797356
B0025,4038,1.8175491643824844,1.8195155796364924,21903.89344997273,0.0001685069971295,2.0,14.467345175132513,-8.235268825508449e-05,41.017332078943056,294.9680012548176,14,0.9829989876339104
B0025,4040,1.810901200296979,1.8676349259436105,21819.28951886063,0.1059271340629916,2.0,14.478758782970182,-7.837845099534116e-05,17.189771615418916,110.025560914546,15,0.9794035184747042
B0025,4042,1.808303260308424,1.9972074532308444,21757.84770449472,0.1440293521019193,2.0,14.572882022774472,-7.648345255892167e-05,20.99696058388477,170.14830993840383,16,0.977998454761035
B0025,4046,1.7928016149381063,1.8175452623241213,21105.01432816306,0.1411622948219263,2.0,13.923674850020769,-0.0001002795873153,26.310029423175383,112.618255539865,17,0.9696145815738362
B0025,4050,1.812563150045885,2.007344015893608,21418.066182610437,0.320154271724209,2.0,14.003443489124964,-9.38303312541955e-05,20.93584870343508,84.69399437457963,18,0.9803023634428004
B0025,4052,1.807772607491239,1.837639640575863,21448.84517034248,0.9560391001259642,2.0,13.92386737516192,-9.24901310290631e-05,45.219386504527634,316.2845669037005,19,0.9777114577475292
B0025,4054,1.8048055175003967,1.8377449482493613,21471.546734883552,1.1962512873966014,2.0,13.986239108015347,-9.129850096547686e-05,43.23171677490422,302.0154850701274,20,0.9761067438204606
B0025,4056,1.800538555899242,1.7927858228207485,21394.096415001644,0.0,2.0,13.85179409503349,-8.639105834141599e-05,27.795467809868367,220.456578399216,21,0.9737990104086752
B0025,4058,1.7942356098033032,1.7628728083658949,21448.148494131645,0.1411622948219263,2.0,13.889381092343127,-8.509050302664298e-05,74.095889519195,736.0889150778804,22,0.9703901399622332
B0025,4065,1.807409052434889,1.7406177849210671,21384.23151034901,0.3644495230290628,2.0,13.550903910639729,-8.981681956766952e-05,38.65879120850618,220.35549037307837,23,0.977514833491446
B0025,4067,1.7902504816962077,1.7470865266623885,21203.57295642188,1.5302907196465665,2.0,13.539130634997626,-8.505854503641827e-05,6.345853492977539,121.94490561216064,24,0.9682348327102298
B0025,4069,1.7961223845359495,1.8788767862306923,21266.213537666205,0.0787179891160003,2.0,13.395664328548497,-8.769592131765778e-05,21.0674035493977,69.25357261968254,25,0.9714105787423388
B0025,4071,1.7912236690350776,1.9377067073844276,21186.89247010528,0.1411622948219263,2.0,13.44927794320762,-8.559022797246851e-05,16.034707534282685,54.957892962494086,26,0.9687611690468936
B0025,4073,1.7854822365303245,1.6143894747218814,21218.913307740982,0.3867976807161846,2.0,13.393693493099851,-7.817844518394248e-05,25.93540977113211,109.13603589070048,27,0.9656559862819154
B0025,4077,1.7677890780323615,1.7774112118757872,20675.18402951237,0.074999913291842,2.0,13.156058970054431,-0.0001060212193308,27.053831098968264,104.26440979376515,28,0.9560868603224244
B0026,4083,1.8132504303869896,1.852016963574586,22164.46326048817,0.0504305098403293,2.0,14.264549523032528,-8.033207610133708e-05,39.25521285769927,146.99112128831234,1,0.9981958076820804
B0026,4085,1.8149760087078304,1.975334320952611,22280.967309317744,0.032604243806211,2.0,14.19370019264463,-7.44254751677539e-05,62.36329932711983,389.21339016446086,2,0.999145739923554
B0026,4087,1.8135354175561995,1.9230562128772324,22403.39778102232,264.0149427928684,2.0,13.548269389597191,-6.877015509290254e-05,129.03840718954288,1693.2332526357752,3,0.9983526933459588
B0026,4089,1.815149273310334,1.8528167181309645,22165.809713030656,4.547330006280786e-05,2.0,14.075012295690067,-7.169475333201307e-05,25.72864950216515,185.42810061568588,4,0.9992411222253808
B0026,4091,1.81429130140682,1.7908220892188615,22196.620163542397,0.0300200885302008,2.0,14.066466128718105,-6.916177792306207e-05,25.61659366252893,214.89804062167784,5,0.998768808008412
B0026,4095,1.3863373424430123,1.402704495207755,21192.23019133517,0.0415173768232701,2.0,13.475188051815037,-6.368428608716751e-05,17.708763692455314,191.4326099287774,6,0.7631798123794676
B0026,4099,1.8165277958816064,1.9280397725663303,22002.70824930525,0.0,2.0,13.608185842191824,-8.615598406755436e-05,32.09469369940848,78.63749603372092,7,1.0
B0026,4102,1.8085638576011065,1.8772384920795495,22159.56324214153,242.82261255799304,2.0,13.88775289933582,-7.837293302239211e-05,24.755066670848148,91.70600864875053,8,0.9956158456267196
B0026,4104,1.804936077644182,1.7712824490187515,22218.47007417752,0.0258470800210725,2.0,13.928457096914578,-7.796955590021808e-05,37.53622341591431,346.46888765203187,9,0.9936187498679048
B0026,4106,1.8049315924982108,1.9792337800944475,22288.399592964604,0.0672043489065888,2.0,13.937675060583526,-6.901268743729265e-05,54.55141933559477,509.6964214795995,10,0.9936162807914714
B0026,4110,1.717679232699393,1.7601489244186552,21957.370230336383,0.0265876370210567,2.0,13.81719401101411,-8.109677243718706e-05,30.578765850752184,242.3628431215919,11,0.9455837871535352
B0026,4114,1.809804813280106,1.843255774518444,22204.48648486787,0.0,2.0,13.851974135718288,-7.251545716897238e-05,13.29601445283812,43.61289279661231,12,0.9962989927174564
B0026,4116,1.806556213274488,1.9105687332622447,22261.421639132437,0.0,2.0,13.754662524105832,-7.159819021671151e-05,49.16312269666503,299.004284706283,13,0.9945106358241664
B0026,4118,1.7938155707698509,1.9845246206096263,22188.791631094704,0.0,2.0,13.911940852795162,-7.44527792208938e-05,35.596954323562606,239.01061273462807,14,0.9874969019669018
B0026,4120,1.799304949381792,1.6811515580205607,22094.98988155518,8.267649872087576e-05,2.0,13.77199599398994,-6.477474063313316e-05,118.60780746887151,1651.1930831978832,15,0.9905188092696068
B0026,4122,1.7842197448470132,1.7804450221374222,22105.44947090766,0.1406559723089066,2.0,13.96465906169379,-6.865316058442688e-05,35.07084104639718,253.074988430595,16,0.9822143921453658
B0026,4126,1.6818819918515189,1.6658794678470534,21160.678414609825,0.0899103543994614,2.0,13.59748164505804,-9.447245228910822e-05,30.441150272209523,123.5504958416614,17,0.9258773775246636
B0026,4130,1.8007519383961936,1.8210860598922531,21854.367837117657,0.0192164564326794,2.0,13.5549200156584,-8.764698120012516e-05,35.95446106946172,901.0321659518204,18,0.9913153778757586
B0026,4132,1.795972684272296,1.817147856355343,21790.040888550047,0.5264212973450221,2.0,13.80281492243616,-8.765476991217797e-05,14.189324279649222,338.8155076618375,19,0.9886843946699232
B0026,4134,1.7931026940553298,1.8240551880223177,21796.39382263986,0.0625638478647354,2.0,13.905506708495404,-8.065295932829166e-05,181.14819223620083,1846.632358600312,20,0.987104462767162
B0026,4136,1.8010267542068712,1.8958919315435208,21836.227671811008,0.0085623389593172,2.0,13.784103603012994,-7.698539956827477e-05,48.6254448301641,270.5694202083407,21,0.9914666641986548
B0026,4138,1.7824572301269948,1.70427622724993,21969.16465380654,0.0205351378109211,2.0,13.838101723514914,-6.749008860246787e-05,42.7479392753729,416.5886921842687,22,0.9812441263866946
B0026,4145,1.7959303030608789,1.7721007029580709,21990.619286996964,0.1140071737342114,2.0,13.814635006534516,-8.445246103345677e-05,27.58358624399457,409.0851729380023,23,0.9886610637792465
B0026,4147,1.7783142127341005,1.775986166174528,21717.100516564955,0.0415173768232701,2.0,13.910428502029411,-7.962901543818142e-05,41.23032438877321,457.5343234075305,24,0.9789633920085656
B0026,4149,1.771719092984802,1.8902239922314876,21735.81337035997,269.917913093081,2.0,14.012426904787766,-7.388148032473373e-05,87.70141912036983,1072.5854165353653,25,0.9753327733281076
B0026,4151,1.7790749489536772,1.8260659668642207,21754.14668165238,0.0729612822841091,2.0,14.241245908733262,-7.32419767422098e-05,21.425346890718146,118.49486541192412,26,0.9793821779039984
B0026,4153,1.7733229782464677,1.6905581815808466,21893.109382203613,0.3643215824701437,2.0,14.063269195546289,-7.150453658166625e-05,15.484341870788583,110.74869509047048,27,0.9762157134434762
B0026,4157,1.768754111010884,1.8276749445780225,21066.40026902081,0.133089723767795,2.0,13.77375753293763,-0.0001032496110049,27.020634652430548,126.16907503864076,28,0.9737005483874048
B0027,3162,1.8233077742149364,1.711651137286571,22151.143623774195,130.04565602853944,2.0,15.774707394379645,-5.514338003616813e-05,50.86334271960521,443.7166682350111,1,1.0
B0027,3164,1.814238465116796,1.8554009364595976,22191.724673043813,0.0353899754547183,2.0,16.46353383465235,-6.11856527806555e-05,835.2886827481186,14459.896817282824,2,0.9950259033464356
B0027,3166,1.812859679313087,1.6995618554035172,22192.56912548463,1.253228325779486,2.0,16.47251237267963,-4.493526927631238e-05,70.05512211777258,455.80309036863184,3,0.994269703091488
B0027,3168,1.814424244673997,1.7778611404713094,22091.663191713586,0.1804099551177672,2.0,16.77086067758883,-4.22287357219828e-05,21.7962064959634,68.06650595719596,4,0.9951277948426648
B0027,3170,1.812800333853042,1.823294861255781,22121.847748678465,8.690919888836115e-05,2.0,16.6706947376258,-5.030537124416637e-05,114.84355593150472,1161.7903427988376,5,0.994237154850931
B0027,3174,1.7946038703195293,1.7356940588085734,21719.128712149148,83.53927657782037,2.0,16.749856007851136,-4.3451705778481896e-05,55.04959589565357,353.24800698050234,6,0.9842572360512388
B0027,3178,1.816519171293833,1.916640115510716,21964.5230020492,0.1592299399257095,2.0,16.416711048599723,-6.035952293466194e-05,78.54414586872188,778.1123217787186,7,0.9962767652191762
B0027,3181,1.819833556519024,1.757173618374661,22033.64827216553,0.1592299399257095,2.0,16.16618174647507,-5.8525016562795406e-05,57.94794382217513,654.85413818332,8,0.9980945522500126
B0027,3183,1.816980986440728,1.9762085022570768,21927.303834053582,0.0,2.0,16.489749611740958,-4.9920458894439446e-05,75.46108962537797,468.40467320886734,9,0.9965300494718
B0027,3185,1.8047602710768988,1.8652334717938404,21821.59216008657,4.573362895764827e-05,2.0,16.661517819412506,-4.26073458083179e-05,42.62123253037681,189.14629658781607,10,0.9898275522101452
B0027,3189,1.802177888140868,1.876482509860688,21776.280038648478,0.1523388299376842,2.0,16.671009283485294,-5.712695500612715e-05,34.28244845572348,219.89506507223385,11,0.988411234585359
B0027,3193,1.810054375611175,1.8280196145904448,21868.436245906232,0.1592299399257095,2.0,16.30122185800656,-4.01554041883092e-05,116.52353480222862,1283.9625041239603,12,0.9927311237350108
B0027,3195,1.8191618703574552,1.9579596215323392,21759.98737353341,0.2402205553291188,2.0,16.07368503350964,-5.661359975118461e-05,13.745107488692517,32.27766357558477,13,0.9977261634507832
B0027,3197,1.806344581230731,1.917125487884398,21807.511776433777,0.1592299399257095,2.0,15.965838227290064,-4.212810530564738e-05,37.82246898014772,237.3319440523098,14,0.9906964730671928
B0027,3199,1.8120006378747944,1.92193342221974,21740.558308370066,0.0057472300176624,2.0,16.146991075679892,-5.94422233539907e-05,29.87128374919023,123.56000505439594,15,0.9937985585867364
B0027,3201,1.809238569578753,1.9610809232122697,21738.39262261181,0.1347126385057354,2.0,16.256557197292928,-5.535903725571479e-05,28.352331091424,117.89818631297167,16,0.9922836918510692
B0027,3205,1.7820717716005336,1.8497317854920123,21065.69210652068,260.12527369826023,2.0,15.812047411152816,-6.182591525929697e-05,47.18097364115956,295.49860368755,17,0.977383959418394
B0027,3209,1.8145504562341048,1.7491666344431338,21478.62075228516,0.000596745139221,2.0,15.870902845946226,-7.398052402978503e-05,152.85655450668142,1603.4901810843978,18,0.9951970160470563
B0027,3211,1.809153485164282,1.7638078161589343,21390.694271768876,0.1622079721198166,2.0,15.863751186145691,-6.017136425817087e-05,87.53493317253317,422.18058272773146,19,0.9922370269842408
B0027,3213,1.806555150809371,1.8394280097383875,21453.420523553148,0.0681718285219683,2.0,15.950079533146264,-6.262100134432394e-05,-131.64627369285012,2772.8088083721955,20,0.9908119607438308
B0027,3215,1.802401655959492,1.7989885821246938,21465.215147050418,0.0189572520472492,2.0,15.750511674436368,-6.473713831345945e-05,329.31667653447954,4253.855394456732,21,0.9885339608863096
B0027,3217,1.7964331683322998,1.7319270810608218,21550.31037677903,0.0438064955039976,2.0,16.086929157790667,-5.491019034151349e-05,58.48254995101744,319.71235277178124,22,0.9852605214200834
B0027,3224,1.8088036930508289,1.7789008999061156,21558.796483339986,0.0150836579191872,2.0,15.942629005599308,-6.298727164514771e-05,43.826412948510175,225.67072602534355,23,0.9920451821852444
B0027,3226,1.7915527748749651,1.805230746537933,21328.784931066737,109.34616773758314,2.0,15.96910074696158,-5.634183193233056e-05,31.60965696152082,118.63347126486346,24,0.9825838512899204
B0027,3228,1.7853375192239571,2.0331956070641444,21394.92834071014,0.267129473654527,2.0,15.931420363254084,-4.918770629040463e-05,25.168747855209013,242.69059669251865,25,0.9791750709737812
B0027,3230,1.793209210325309,1.8771019851663169,21379.59058707309,253.3653775508179,2.0,16.20352087713309,-4.893138565069207e-05,50.204700994090864,243.23573709351103,26,0.9834923295368568
B0027,3232,1.7873097711102113,1.7080467375570672,21202.095777275677,7.433354661541531,2.0,16.509684166946894,-5.129902738272807e-05,36.20914884153933,153.17419118195792,27,0.9802567599316988
B0027,3236,1.7700926253324452,1.7814141349854653,20748.796828284667,0.1750863507665083,2.0,15.96931084624794,-7.076847888155424e-05,58.620154669508985,282.6550914668064,28,0.9708139516350144
B0028,1453,1.8046847720100736,1.854602055745177,23948.00266484639,0.0,2.0,5.298693541890767,-9.800126862827931e-05,65.66669473128933,865.4287375674409,1,0.99994539541598
B0028,1455,1.804783321452588,1.8343229354763293,23937.54435171683,0.0001494215714232,2.0,5.357876896692694,-0.0001004125116493,27.53993228394617,261.6378912575965,2,1.0
B0028,1457,1.797618668222458,1.7548748173574251,23894.73182279063,0.0428518988337405,2.0,5.44477302134122,-0.0001015532452452,21.68044990701205,146.98603518895024,3,0.9960301864800238
B0028,1459,1.7929913687761174,1.8231606865030467,23793.00657941852,0.0077842564767578,2.0,5.437793461105656,-9.977624768983304e-05,278.69679013958523,4354.432839410606,4,0.9934662778981248
B0028,1461,1.7919180081592216,1.6378101809345642,23809.299823932568,0.0428518988337405,2.0,5.432081804782694,-0.0001014916838209,88.32636320692998,1181.13681744157,5,0.9928715468829734
B0028,1465,1.775026135903797,1.664029684209117,23538.393326702448,0.0371987457154192,2.0,5.358594715459635,-9.757939580086427e-05,82.38475265872523,684.9626721402797,6,0.983512045354652
B0028,1469,1.7920487852223417,1.7835570801192606,23872.68424565745,162.92241173320937,2.0,5.635829733572731,-9.660643194763545e-05,18.74386179836468,84.02525945479076,7,0.992944008248039
B0028,1472,1.790475801581265,1.6309996310554116,23812.971335550395,0.0877546539017982,2.0,5.098490470000275,-9.978966235014316e-05,119.44152581731004,1673.8079675443548,8,0.992072444541538
B0028,1474,1.7868365091987264,1.8521727937456984,23750.832319303423,48.38650847864202,2.0,5.26600994200296,-9.98395941083304e-05,12.646194444835643,80.02472014398619,9,0.990055974010544
B0028,1476,1.7871529619962183,1.7777463691533013,23733.33346595589,2.075233182478728e-05,2.0,5.385686254219795,-9.903537155559836e-05,16.49855584515899,90.83497009440777,10,0.9902313151685268
B0028,1480,1.7816340617009505,1.7609474713652,23694.521211694737,0.3353775134878724,2.0,5.153299271143094,-0.0001007560708076,14.112908680270214,73.21597029881681,11,0.987173385593454
B0028,1484,1.7850235136604733,1.8946150093029863,23716.224789440064,0.0,2.0,5.359699172986478,-9.925583619586132e-05,17.909052184097376,52.55735806505661,12,0.9890514237597172
B0028,1486,1.7803865429693038,1.6852447901095315,23664.92635426719,0.0428518988337405,2.0,5.337121984721048,-0.0001035981158554,11.622229127318215,33.955516599527186,13,0.986482156504168
B0028,1488,1.7789060856417256,1.64031491597159,23608.770486436708,1.455153246778638,2.0,5.268115024555424,-0.0001037693265073,15.66277902783843,80.30638385814521,14,0.9856618600674816
B0028,1490,1.7738387518973049,1.8003083940158215,23596.20666696737,0.0,2.0,5.217664079775801,-0.0001022464806514,9.904906397937555,35.7230832362863,15,0.9828541359023768
B0028,1492,1.769682881523146,1.7861909490870858,23538.51434580272,0.3467378840699479,2.0,5.426226092372257,-0.0001011017287822,13.285678074772695,43.36079292891748,16,0.9805514382185274
B0028,1496,1.7408787283206992,1.7755501397171392,23085.64114348592,0.0469515634975706,2.0,5.208976271262468,-9.856195558361616e-05,9.897697785659288,34.19483826487659,17,0.964591542723004
B0028,1500,1.7648189744011906,1.7538735118955031,23520.261979270443,0.0428518988337405,2.0,5.185549444024918,-0.0001019894768258,20.547129960214264,89.42818181787293,18,0.9778564293140564
B0028,1502,1.7617857390844025,1.7291466688760198,23444.87575487141,0.0428518988337405,2.0,5.211154529767072,-9.960401947332912e-05,20.21265068384983,110.13330787753355,19,0.976175764781792
B0028,1504,1.75770610357021,1.7626317698170513,23392.270493743526,0.0428518988337405,2.0,5.214800335709036,-0.0001022454353342,15.599022324968804,72.09002006720569,20,0.9739153075481174
B0028,1506,1.7519375960601256,1.7448959746737902,23337.733304811656,0.631959259702454,2.0,5.070391878790751,-0.0001030079850086,27.791236378892485,108.4892447584059,21,0.9707190748250436
B0028,1508,1.7521244035832175,1.7810327679109172,23348.489960336294,4.258954538987012e-05,2.0,5.475062211215896,-0.0001043446977848,29.011133771159795,147.52868132344986,22,0.9708225817230028
B0028,1515,1.759771413398964,1.8081567286858875,23396.03742474875,38.42201832745115,2.0,5.252983959064501,-0.00010168969743,11.3506788738757,48.91026045459271,23,0.975059660891926
B0028,1517,1.7483011320324189,1.6951138772509442,23267.82432961539,0.062803700127839,2.0,5.325601295927502,-0.0001057441570313,22.21994514170619,124.66390583086913,24,0.9687041714377608
B0028,1519,1.7411482627836237,1.7911548902913044,23191.33485525175,0.0,2.0,5.254037821322033,-0.0001030402774252,26.79373691395624,127.63483416384764,25,0.9647408872231004
B0028,1521,1.7363833316311177,1.5987028228626523,23139.46396564201,0.0004857207931583,2.0,5.296449295629781,-0.0001000838826852,53.82814454977554,435.5124456549755,26,0.9621007192340308
B0028,1523,1.736559066269527,1.717163525849558,23061.97353609204,0.8619404377060021,2.0,5.38995696564243,-0.0001072044208849,45.56030375015935,485.5659681538817,27,0.962198090833336
B0028,1527,1.7172335652295243,1.7898719745519474,22813.508790902662,0.0,2.0,5.357532164688411,-0.0001051013499766,22.21834634483536,80.4166954819905,28,0.9514901566396354
B0029,1354,1.697507332205763,1.7413644724156696,5291.38994503643,0.414147197443499,2.0,15.36378403062048,-0.0004958932647903,0.0001411020109869,0.004400988143955,1,0.9202071998435524
B0029,1356,1.844701206961174,1.8965997181051453,5835.343863009458,0.0770641345347967,2.0,15.164644317800892,-0.0005073017230186,0.974566003417487,9.040015023113703,2,1.0
B0029,1358,1.8254376674722927,1.8631416950411437,5782.9797815786405,0.4488158143836983,2.0,15.187219026909204,-0.0005075457128246,0.5048977165935096,4.050466678972404,3,0.989557366029692
B0029,1360,1.815750429913437,1.8692637176064388,5754.008011832513,0.0,2.0,15.26376934333284,-0.0005163170855616,-0.0001096785724917,0.0027278832509251,4,0.9843059803189328
B0029,1362,1.8132993337127028,1.8514277081087307,5720.907315818112,0.0510405329695728,2.0,15.23726454045513,-0.000511263625131,43.80694400418422,409.8981159364011,5,0.982977257709827
B0029,1366,1.8151647619660576,1.859973641099523,5697.821039125195,0.0,2.0,14.935995560895329,-0.0005017449839431,-0.0003285057071458,0.0008905930026671,6,0.9839884937009542
B0029,1368,1.8143317955190057,1.8580515836327425,5691.57277268289,0.0,2.0,15.17085301125332,-0.0004957801054369,0.8526412925695047,7.909614657145386,7,0.9835369482452953
B0029,1370,1.801343601809866,1.8399258755141517,5653.959198910432,0.0768281402792993,2.0,15.123580462509466,-0.0005156867353317,1.358289616601749,12.524440664837051,8,0.976496136616763
B0029,1372,1.7881558802945825,1.8265267360671007,5617.200985301327,0.1503064280132053,2.0,15.139149996657627,-0.0005133576121284,5.95800231844419,54.553866991599264,9,0.9693471623191812
B0029,1374,1.7760714604539518,1.814937388386037,5582.170951786278,0.0398452137317682,2.0,15.152545815920275,-0.0005114915333698,2.374511454452328,21.63524921695964,10,0.9627962803687444
B0029,1378,1.7852807447597443,1.818842790684406,5603.45061707876,0.1319733136790235,2.0,15.276866384661538,-0.0005234606983155,-0.0005284483887502,0.0017762285076028,11,0.9677885708660025
B0029,1380,1.7698116401111978,1.8191842811542296,5580.252989528472,0.0943503606356049,2.0,15.466690157293408,-0.0005531511023007,-0.0002296809011169,0.0011852792699715,12,0.9594028742609522
B0029,1382,1.7565231680521758,1.823035691257766,5540.040843508108,0.0740186345745967,2.0,15.470282393686304,-0.0005221955225249,2.0291514621963493,18.32133031369609,13,0.9521992837776388
B0029,1384,1.7543413277348154,1.7989831246097008,5505.844054941147,138.3906895556344,2.0,15.399502102230612,-0.0005265996177254,-1.1670988254373154,10.470791470661142,14,0.9510165229548416
B0029,1386,1.7392875506998715,1.79437577784685,5482.171752806013,0.0001197252582358,2.0,15.095932489929218,-0.0005699878968878,-0.000346752257523,0.0009466097257512,15,0.9428559726293272
B0029,1390,1.7797845109331345,1.8150136104130927,5544.419228829912,0.0,2.0,15.107056892696214,-0.0004939367907256,-0.0002516871743322,0.0005657920685953,16,0.9648090998243676
B0029,1392,1.7657088508465202,1.80506364716058,5577.70369596081,0.0002674315086498,2.0,15.208410558541686,-0.0005137102666183,0.6509155164741934,5.306562491884903,17,0.9571787800557794
B0029,1394,1.7523941408724169,1.7921576654498943,5531.886688803647,123.75670157522484,2.0,15.326950234910136,-0.0005195278080559,0.1433646860112737,4.89053938944058,18,0.9499609661768385
B0029,1396,1.7380191225603103,1.777951030933363,5473.602317328479,0.0740186345745967,2.0,15.258534080850502,-0.0005726391420821,0.0003231182919689,0.0056108576967572,19,0.942168366346654
B0029,1398,1.7312214443143976,1.7706917002123166,5470.415169799767,55.50894698055588,2.0,15.354694078345004,-0.0005188987822956,0.5585754296463787,7.029473372132546,20,0.9384833911212568
B0029,1402,1.7379128985265808,1.7898437497220303,5475.818860719328,0.0,2.0,15.42631002226858,-0.0005416985470442,1.063089949290466,9.391816342488866,21,0.9421107830191598
B0029,1404,1.7224270683625882,1.762837969244054,5479.694909281963,0.0522910136041592,2.0,15.179564564579394,-0.0005173927675616,2.2208274447432514,17.383664561456158,22,0.9337160196257414
B0029,1406,1.7184213765608034,1.758145707669439,5420.573329637768,0.0001583806171644,2.0,15.637500920409586,-0.0005471098371884,1.520961291977609,12.595439894402896,23,0.9315445612959756
B0029,1408,1.7010220930648232,1.7480887450761151,5409.57368675225,8.835362239608976e-05,2.0,15.157259358927988,-0.0005243398544192,0.359414243454384,2.396002862695973,24,0.9221125278423614
B0029,1410,1.693698739563104,1.7351497645999632,5387.368315386762,0.262378296794433,2.0,15.313804776426808,-0.0005370235361907,1.5021121013123664,12.269061728836194,25,0.9181425876297764
B0029,1414,1.713072721286705,1.7544830588738842,5443.7138080282,0.8766901104743109,2.0,15.343663762983496,-0.0005223990069793,0.8284631441381005,5.521901129093729,26,0.9286450915856967
B0029,1416,1.6976972688567131,1.7448160208891337,5398.404467240567,2.013167636878455e-05,2.0,15.359367137876134,-0.0005319823887267,4.376605479863584,36.629294497682125,27,0.9203101632124888
B0029,1418,1.6899314034061208,1.741686745810787,5361.945161328114,0.3262402663714809,2.0,15.62727019234925,-0.0005545432862314,0.8979243769533896,7.749507362204313,28,0.9161003402767814
B0029,1420,1.685023551367069,1.7213179829405234,5319.227480285166,0.0001516875739942,2.0,15.30079494274193,-0.0005468491421648,38.5951143282501,330.27551175115946,29,0.913439827007461
B0029,1422,1.678389965463405,1.7082205484588422,5299.93997576794,1.451344647027742,2.0,15.256296161243789,-0.0005398340806373,184.67140384375716,1569.517057561597,30,0.9098438051267186
B0029,1426,1.6737947494868326,1.721155981523871,5310.350767798031,1.9304956743427464,2.0,15.587974487361478,-0.0005510871137688,0.4790270733891592,3.7949959031182057,31,0.9073527697442774
B0029,1428,1.6687898927884717,1.6923736278036965,5302.0898025923725,69.83349914939996,2.0,15.427324621127688,-0.000532784190529,-0.858508994355947,11.827379371275685,32,0.9046396709077424
B0029,1430,1.6492566306631429,1.686216796019983,5291.193817288764,0.0740186345745967,2.0,15.525628079054876,-0.0005129436763274,0.6018671801051383,3.6442198170349966,33,0.8940508221274532
B0029,1432,1.6409676757039668,1.6829876582259375,5269.314350867138,0.119839004232812,2.0,15.472426456398225,-0.0005141684797049,4.303411474014368,33.940510267846776,34,0.8895574359205723
B0029,1434,1.6456360229757092,1.6818473839688628,5231.002108565591,0.0740186345745967,2.0,15.394131049402551,-0.000544279315548,1.2494376839379973,9.650844432136788,35,0.8920881152816124
B0029,1438,1.654547743574037,1.6960615690203251,5282.948115035979,0.0712091288698941,2.0,15.75861312495708,-0.00055251599456,0.3610348623503168,2.544774704655865,36,0.8969190985133133
B0029,1440,1.6461201520877546,1.6821944837007194,5272.457309401609,5.468659329210248e-05,2.0,15.273672132843975,-0.0005398005209807,0.510212893426968,3.209338825630825,37,0.8923505583863377
B0029,1442,1.6275119188151763,1.6770419434507742,5209.194867631468,0.000219478464573,2.0,15.542249078031553,-0.0005534630494884,0.6179410403190982,3.8662598192248057,38,0.8822631614667942
B0029,1444,1.6200530533464497,1.6628015425920406,5186.827055504512,0.0174831782811172,2.0,15.472814321058642,-0.0005601067313867,2.9838125505184694,18.63536255474676,39,0.8782197611369306
B0029,1446,1.612079811711934,1.649567219878553,5148.059998240773,101.68875034601646,2.0,15.617586722305774,-0.0005699269874332,1.622223982628712,11.96879259215799,40,0.8738975209798645
B0030,2900,1.6560706096175404,1.7029179913374513,5257.357257727281,0.0006289191593794,2.0,17.984064862927646,-0.0004874221240711,0.2479400287387384,2.0106816645105288,1,0.9295647486935652
B0030,2902,1.7815548749509116,1.8242530738489344,5820.952370017325,0.1248692596195722,2.0,17.470836664338258,-0.0004442292712994,0.1134231525671738,0.6060919304365393,2,1.0
B0030,2904,1.761969227822918,1.7932594798391237,5762.051104312035,0.0,2.0,17.308658361868687,-0.0004557833163911,0.2206581601058534,1.3224121417355237,3,0.9890064306166638
B0030,2906,1.751755031874225,1.7889584463893533,5736.069250396353,0.0001276697887349,2.0,17.625427452868138,-0.0004521413988432,0.1735183681143776,1.039054237963903,4,0.9832731264718928
B0030,2908,1.7381688070362076,1.7755787392134503,5702.102499400358,0.0001076695726646,2.0,17.73146233719126,-0.0004450421144676,0.937494057664694,7.12310281728684,5,0.9756470774351536
B0030,2912,1.750674529346134,1.7993751913776097,5656.631745335255,0.0,2.0,17.634802769862347,-0.000480429222911,0.3370091017018621,2.436864835699201,6,0.9826666323676232
B0030,2914,1.7491047649061158,1.7930417936445289,5658.41909915931,0.0,2.0,17.839172222037064,-0.0004632453708948,0.1278583663055809,0.9057925018015516,7,0.981785511913749
B0030,2916,1.7252544028765475,1.7585441541984548,5633.846259028602,0.0001276697887349,2.0,17.57988808311623,-0.0004553674105381,0.2294998450990105,1.5983339916532822,8,0.9683981263412302
B0030,2918,1.7112621367644252,1.755577603473418,5594.55431394981,0.0001201148926848,2.0,17.446830999851898,-0.0004594078002271,0.4605990540341055,3.631281770257493,9,0.960544163317774
B0030,2920,1.6990418392711273,1.737468293315562,5555.257080138275,0.1613982100225069,2.0,17.60695378215518,-0.0004643699498266,0.5319171242649362,3.552805604020958,10,0.9536848194574652
B0030,2924,1.7185770039532977,1.757634616412778,5579.909244540981,0.0,2.0,17.781585151244023,-0.0004670685123374,1.3749179453959086,11.805209708842096,11,0.9646500526685438
B0030,2926,1.70324722921867,1.742115664178156,5573.129540685038,0.3145163308115489,2.0,17.809152365263152,-0.0004626021613293,1.2521026679213458,10.911839575683064,12,0.9560453361087744
B0030,2928,1.689458044662304,1.7338578873315438,5534.6272347409695,0.0001276697887349,2.0,17.81882360335377,-0.0004643419543406,7.420691214538126,54.94022587019573,13,0.9483053642727984
B0030,2930,1.6756136292719177,1.721202458210589,5497.165509097897,4.5506792122818125e-05,2.0,17.68027166689466,-0.0004582912577446,0.7143584217455418,5.454545802074054,14,0.9405343909589576
B0030,2932,1.6718407140871654,1.7115562049411837,5485.857185344092,0.0001276697887349,2.0,17.97353330916541,-0.000463669374476,0.1841087561297575,1.1126796673965107,15,0.9384166256081397
B0030,2936,1.7233056681204446,1.757228991431021,5522.360090307133,0.0,2.0,17.92887246431794,-0.0004847305459628,0.1460870329642735,0.9345140608379304,16,0.9673042870306916
B0030,2938,1.709207290507283,1.7546072174195362,5560.289326346729,6.651912798326227e-05,2.0,18.090164945336557,-0.0004747305026179,0.4597813232263429,2.400569256749572,17,0.9593907628325948
B0030,2940,1.684001734344571,1.7234622232181154,5522.804902483686,0.1657418300143966,2.0,17.88196953733876,-0.0004645789454135,3.792387585622039,29.23010292132483,18,0.9452426967151216
B0030,2942,1.66898698813004,1.703461709430063,5479.212517617456,0.0,2.0,17.929810512497433,-0.0004656874164019,0.7897933201642633,5.776188406334796,19,0.93681480800642
B0030,2944,1.6620689362837142,1.6969464918654982,5446.021534741456,0.0,2.0,18.22406783905256,-0.0004906407754061,1.3802312102403682,7.382946367849456,20,0.9329316540583744
B0030,2948,1.6687049625248174,1.7144415261021266,5474.349544550083,9.931777492935388e-05,2.0,17.93078315404111,-0.0004590294848394,0.829092841057578,5.722671706246467,21,0.9366565049369004
B0030,2950,1.652762183550463,1.6873030258291477,5470.521364199105,0.0218101754864743,2.0,17.928904000200134,-0.0004551840010068,0.8729907547488824,6.567041991669524,22,0.9277077045387124
B0030,2952,1.648481366235244,1.6770336831345345,5416.684346011343,0.0,2.0,17.864007705980555,-0.0004431288461717,2.7254611905801767,17.658973735526377,23,0.9253048499450042
B0030,2954,1.6307406443132095,1.6773275991039889,5417.342663792504,0.0061058749977927,2.0,18.002841640710102,-0.0004404423573729,5.902119230220104,47.69462668910289,24,0.915346850799722
B0030,2956,1.62323023017929,1.6805626386945751,5398.529076893704,0.0001276697887349,2.0,18.007989007586787,-0.0004406058735617,0.6556495215975761,4.24056111292385,25,0.9111311994944956
B0030,2960,1.654190654039439,1.6896437356566132,5442.811913625086,0.0821887064233127,2.0,17.909111065271325,-0.0004443326843679,2.0419004335284243,14.643895375055758,26,0.9285095156471216
B0030,2962,1.638514396616985,1.668339104165139,5404.973159677978,0.0371922644877435,2.0,17.763928870333963,-0.0004519361377477,0.5834271074606041,2.63037350481486,27,0.9197103157780264
B0030,2964,1.618847673357618,1.6605752743027238,5368.986906393209,0.0001276697887349,2.0,18.11765750418872,-0.0004731594766434,59.170398971152935,502.1139462572222,28,0.9086712377592204
B0030,2966,1.6134212267751404,1.6432185652361455,5327.113368067116,0.011762015012159,2.0,17.99327180229612,-0.0004502630140643,1.4049847973541592,8.209426720366304,29,0.9056253329382268
B0030,2968,1.6066443601761986,1.6366884127134569,5305.415010297145,0.1632860664031531,2.0,17.86579380530584,-0.0004590171152822,3.1711268368641186,21.90566450780992,30,0.9018214273194742
B0030,2972,1.6138387876938998,1.6441832934203668,5315.212708585272,0.0001276697887349,2.0,18.08035321667903,-0.000481572434335,0.6674626704004534,3.4794632535228787,31,0.9058597129871552
B0030,2974,1.596329501327274,1.6261621911412067,5294.736022636967,0.0,2.0,18.27956999263688,-0.0004987469790289,1.0312749621082775,5.197198707601492,32,0.8960316203402148
B0030,2976,1.589078586740699,1.6186500608920575,5279.813360029752,0.0001276697887349,2.0,18.42838374063652,-0.0004840995447182,0.9381648662748412,6.024647206922839,33,0.8919616280607039
B0030,2978,1.5805481432309574,1.623006343731214,5247.758409497288,0.1910623931283417,2.0,18.417748882052763,-0.0005065276153509,7.569452385906612,58.9453424006684,34,0.8871734266812901
B0030,2980,1.584613105427081,1.6151477583549574,5240.807940697709,0.0,2.0,18.19228666969704,-0.0004676930325905,0.6915891229975708,4.6433315199404985,35,0.8894551201914243
B0030,2984,1.5936651221220737,1.6244117493159005,5297.163373504024,0.0629504333719328,2.0,18.209733335495542,-0.0004676504736998,0.4748904171782758,2.260381035095059,36,0.8945360844784447
B0030,2986,1.5849874126960888,1.615421028731785,5284.378282760214,0.0001276697887349,2.0,17.901260183241902,-0.0004467123256188,16.444682515307218,97.03081419049238,37,0.8896652216450874
B0030,2988,1.5787064969416462,1.6145492201347051,5221.569196386557,0.0598657068877595,2.0,18.177031338176448,-0.0004699888243028,2.6837710695140533,15.807031579065846,38,0.8861396969235346
B0030,2990,1.570705516096967,1.6021423574964306,5211.338962125873,0.0001276697887349,2.0,18.099857158681985,-0.0004531115042355,0.631657692200294,3.13416306516716,39,0.8816486868754159
B0030,2992,1.562780404428482,1.6062054049983696,5181.539870541277,0.0434217020574306,2.0,18.082780932617275,-0.0004685278901233,0.5910593681050408,3.849414880451026,40,0.877200262760103
B0031,4161,1.6666751942525773,1.6879551788093012,5298.454421768849,0.0015863998076503,2.0,17.891461233539196,-0.0004278218925584,0.0987062650578272,0.6560017037956755,1,0.9093311452425188
B0031,4163,1.8328583629543167,1.848259361050817,5872.208649436543,0.0,2.0,17.46771784210288,-0.0004355424380571,0.2870366717298407,2.1740037586320664,2,1.0
B0031,4165,1.8139835002945133,1.8400106641815075,5810.449617147282,0.1827231526831909,2.0,17.432766378020155,-0.0004568547107622,0.7620311224827685,6.177983046309162,3,0.9897019524032508
B0031,4167,1.8044387333514835,1.8306029210402888,5794.654779584397,81.80957953551206,2.0,17.543792923933793,-0.0004358074154789,-0.0195775130323326,2.989868287462271,4,0.984494366734904
B0031,4169,1.802147684291295,1.8176167643359864,5749.071467295224,0.018811034446293,2.0,17.643851078162562,-0.0004603154731464,0.3837754314349231,3.137125391110906,5,0.983244379771102
B0031,4173,1.7715647509798835,1.7981279191149533,5701.245950475133,0.1069726835153942,2.0,17.67811978348054,-0.0004412485163106,2.004215760239763,14.245599592121245,6,0.9665584568817218
B0031,4175,1.8139928165779544,1.8192439109496024,5728.220734491859,0.1069726835153942,2.0,17.430168871882486,-0.0004363057600355,2.449843193921784,22.72079380081071,7,0.989707035329258
B0031,4177,1.8013261041198854,1.8178142232466348,5696.040179409234,0.0,2.0,17.430387668623702,-0.0004458236159211,1.7990635927367769,16.588393713618196,8,0.9827961290016944
B0031,4179,1.7883722583933568,1.8112196335607624,5651.261809417252,0.3558683326358317,2.0,17.461502541379055,-0.000467808914656,-0.000479599919801,0.0020162760415036,9,0.9757285639413756
B0031,4181,1.776540165737316,1.79861562975073,5617.608615482512,251.9251743230984,2.0,17.006560226251743,-0.0004603892369649,-0.1537498883489848,1.3984478661755193,10,0.9692730227521652
B0031,4185,1.7856209131823229,1.8084086166024416,5633.144791606362,0.0,2.0,17.008295557329177,-0.0004662463932497,-0.0002669309207669,0.0006140385076487,11,0.9742274412869232
B0031,4187,1.781363403668594,1.80387948496576,5638.42913506423,0.0902105652767438,2.0,17.460269495866022,-0.0004672602204763,-0.0003549417086056,0.0009501475972487,12,0.9719045615708568
B0031,4189,1.768489838397124,1.7910030895399238,5595.882250693217,0.8785702064245121,2.0,17.08003480863117,-0.0004661451453902,0.0003424279214297,0.0055150416463605,13,0.9648807971973132
B0031,4191,1.766505238291406,1.7782887028795908,5560.373336553112,2.880260078209858,2.0,17.267387842411594,-0.0004637592773054,-0.0004157128078708,0.001533490111571,14,0.9637980075252738
B0031,4193,1.751740527921767,1.7683142327734398,5543.464153336142,99.8301969584259,2.0,17.485060174034984,-0.0004718151060883,-0.0741708415576651,0.6609061070097737,15,0.9557424421482306
B0031,4197,1.7352349314055016,1.735754245847418,5560.888113206491,0.0354046877466352,2.0,17.58038979216434,-0.00045626718242,1.2014395375301152,10.61425608383283,16,0.9467370564349228
B0031,4199,1.7782778274549178,1.8004258073459865,5627.072366599812,0.1069726835153942,2.0,17.36669970019083,-0.0004668367487664,-0.0005286863121433,0.0024167582202027,17,0.9702210838531882
B0031,4201,1.7649894859707391,1.7939640016717175,5585.363816423986,7.395840612648135e-05,2.0,17.45116122240762,-0.0004730217677493,-0.0002871264689964,0.0006585885237708,18,0.9629710192804082
B0031,4203,1.762591283533551,1.7739214448113003,5543.518641258605,0.2676092557621299,2.0,17.059117178461996,-0.0004707514640047,0.0003850337143955,0.0058126450670644,19,0.961662569873918
B0031,4205,1.744314576121582,1.767409213110946,5516.785427232862,0.1069726835153942,2.0,16.81059929310198,-0.0004761017357354,-0.0865797310813952,0.7623037461965384,20,0.9516908733253044
B0031,4209,1.7628373753518478,1.78089988649356,5539.980526758294,0.0808853099130692,2.0,17.39588801287291,-0.0004612146176725,-0.0003351092130185,0.0009323082640869,21,0.9617968365599155
B0031,4211,1.747857930947971,1.771741286575159,5532.153140435583,0.5325506206953018,2.0,17.559866415481352,-0.0004795124661007,-0.0009246303224547,0.0057064981000898,22,0.9536241131751516
B0031,4213,1.7441167338864991,1.7566777328185077,5487.057643624899,0.0483067657268008,2.0,17.276379858880887,-0.0004762087019514,-0.0001897103650756,0.0009525667334578,23,0.9515829314138716
B0031,4215,1.7268422932817389,1.7669339259756998,5466.017088951516,0.1069726835153942,2.0,17.323892334014324,-0.00048573251311,-0.0003064113790431,0.0007276737699575,24,0.9421580675215432
B0031,4217,1.7203093493042263,1.7448855859611994,5443.09551539873,39.58897367029082,2.0,17.54202832268409,-0.0004846102530192,-0.1365831376522951,1.1843846330716583,25,0.9385937201013844
B0031,4221,1.7394245516699778,1.7636114273666617,5495.971264191758,0.0096368778578667,2.0,17.48715882876128,-0.0004819455861931,-0.0002921297093796,0.0006709795961673,26,0.949022896055243
B0031,4223,1.7367384416372014,1.7491557972406422,5467.109441680615,1.2610761226553974e-05,2.0,17.124923276655394,-0.0004739658985558,-0.0003051491204536,0.0007979418557529,27,0.9475573654462948
B0031,4225,1.716963468448543,1.7415563089294246,5440.04729355161,0.1767631503361189,2.0,17.343799689298827,-0.0004893332708726,-0.0002022695376145,0.0010603381476408,28,0.9367682212394376
B0031,4227,1.7127773558366357,1.7249595436041347,5392.738516124527,0.1069726835153942,2.0,17.160033694619045,-0.0004806285049842,-0.0001869275533009,0.0009128701836696,29,0.934484295379962
B0031,4229,1.7061083466554066,1.718775873423967,5370.733027469092,0.1063155377000373,2.0,17.15899006684411,-0.0004842714901218,-0.0004520985325893,0.0016622089893338,30,0.9308457113431248
B0031,4233,1.713732696207521,1.7197425090696057,5391.449249973766,0.183265184022357,2.0,17.284974955999445,-0.0004825817664391,-0.0006480066410193,0.0030788876687131,31,0.9350055251651952
B0031,4235,1.7093475797926974,1.7216456092517145,5374.371293103529,0.0,2.0,17.33114785689284,-0.000495425688575,-0.0002821061268026,0.0006494958458655,32,0.9326130236476444
B0031,4237,1.690100045411559,1.714877036622913,5349.239119002228,0.5423877754164772,2.0,17.52019734472303,-0.0004999212077767,-0.0002061749284826,0.0010609481596382,33,0.9221116478893376
B0031,4239,1.6946883343387664,1.7014300143161067,5329.0935876764925,0.1076298293307512,2.0,17.441424265366663,-0.0004981687277252,-0.0005717145152683,0.0022242844091752,34,0.9246149994957388
B0031,4241,1.687010991299212,1.699902115151453,5306.586527261639,0.1151838211567383,2.0,17.29123101160919,-0.0005013762397479,-0.0002405216670289,0.0008778491561302,35,0.9204262726444288
B0031,4245,1.6957069027070075,1.7083014657030715,5363.57423352784,0.1069726835153942,2.0,17.480725972255087,-0.0004926972344761,0.0028512240728244,0.0272882957720588,36,0.9251707262168146
B0031,4247,1.687696889615565,1.712703312631536,5344.562443700053,0.2887062007030825,2.0,17.39246931582729,-0.0004982713246216,-0.0005429727394336,0.0021838358769673,37,0.9208004959506136
B0031,4249,1.6819617127259294,1.6948483490446444,5295.241315411931,0.0,2.0,16.959567380506243,-0.0004880183327176,-0.0002696775626958,0.0006206553066842,38,0.9176714069792262
B0031,4251,1.6750033888978846,1.6880353738596765,5272.338100433572,0.1069726835153942,2.0,17.094525314134124,-0.0004917584849777,-0.0002247498150424,0.0007701396745495,39,0.9138749740585564
B0031,4253,1.6672987794846676,1.6855978008488972,5245.107352147879,2.568140329430796e-05,2.0,16.85299931488577,-0.0004929633774092,-0.0002896327850118,0.0006498838566155,40,0.909671370785689
B0032,1013,1.704864107351214,1.710600400737206,5207.994027784479,0.0273336205270195,2.0,16.234312184528463,-0.0004100358970889,1.0490405579488018,9.499323786862146,1,0.9001242586881959
B0032,1015,1.8940319526948568,1.894958218095309,5794.485698957434,0.4546194739425974,2.0,15.758859409072912,-0.0004167764537229,-0.0003624601413545,0.0016032655259128,2,1.0
B0032,1017,1.8747686491853093,1.8691192887142816,5739.377250206272,0.0028174891963244,2.0,15.881372416681486,-0.0004263861471198,-0.0002364865812477,0.0009865544013561,3,0.9898294727910268
B0032,1019,1.8654947184112376,1.8655202930757864,5713.670040365173,0.0598436822908117,2.0,16.163393392456605,-0.0004339681948968,-0.0002383885295398,0.000523260413654,4,0.9849330766342056
B0032,1021,1.8527398169018068,1.853120972729081,5676.253308345142,0.7568760482439811,2.0,16.043710895548394,-0.0004379133276039,-0.0046461948584783,0.041449551974997,5,0.9781988177473464
B0032,1025,1.844174397003866,1.8496053991483572,5638.598530307149,7.927934574731168e-05,2.0,16.441512204842347,-0.0004339761045044,-0.000216499495594,0.0004853835051539,6,0.9736764970516718
B0032,1027,1.843023847751276,1.8369563630886048,5648.772427417701,0.0,2.0,16.119817923864062,-0.0004398134769493,-0.0002355232261932,0.0009658387599866,7,0.9730690367335112
B0032,1029,1.8302818174911863,1.830037671017204,5609.904674075559,0.0010210141132529,2.0,16.442040355458666,-0.0004494377153283,-0.0002251375356408,0.0005066069255412,8,0.966341573534192
B0032,1031,1.8173838456081808,1.817589711333481,5572.810832244379,0.7453535389388272,2.0,16.53609195388426,-0.0004467395853684,-0.0003458403106547,0.0012850795801737,9,0.9595317771816788
B0032,1033,1.805799298110468,1.8009127692614988,5542.16394019418,0.0,2.0,16.42220711344151,-0.0004494838454585,-0.0002580829858418,0.0009871772939018,10,0.9534154350147842
B0032,1037,1.8149829605049184,1.8148683741227496,5562.5260024127365,0.6563799040559414,2.0,16.871263704734815,-0.0004415233056215,-0.000415663643982,0.0021019616566413,11,0.9582641717963276
B0032,1039,1.7995150369321795,1.8165717619380333,5551.958206903154,0.0909363786082705,2.0,16.92608522184161,-0.0004486915642066,-0.0002762331288955,0.0009348334369992,12,0.9500975072631708
B0032,1041,1.7866516942518147,1.792161445076208,5515.618920218742,91.85013143314224,2.0,16.950049552746506,-0.000442299475827,-0.1171345244730707,1.0567599642632126,13,0.9433059942361268
B0032,1043,1.7735550719416031,1.7849547903618006,5479.975465698106,0.0,2.0,17.071871824142583,-0.0004487837394312,0.1937804588388459,1.7405875460774225,14,0.9363913155837538
B0032,1045,1.769995333364443,1.7817830299803246,5476.0879872401165,0.0649877557200352,2.0,17.138809895184124,-0.0004361905583021,0.3160620680094672,2.828932599352448,15,0.934511865465663
B0032,1049,1.799526080374287,1.8002141809325225,5510.904807242765,0.0,2.0,17.380036997687668,-0.0004530110059393,-0.0002083077565842,0.0004430355753527,16,0.9501033379156536
B0032,1051,1.7968530684449833,1.796600011900647,5547.012285408175,0.0,2.0,17.399749089132953,-0.0004526379144762,0.3442406006159803,3.090508379280696,17,0.9486920565877436
B0032,1053,1.7838265504081745,1.7901939919519108,5508.938579869764,0.116499163541952,2.0,17.63616852736336,-0.0004665218792233,5.4287178495278125e-06,0.001917952463657,18,0.9418143911828518
B0032,1055,1.7696444491040102,1.7757481488906657,5466.94103022675,0.0598436822908117,2.0,17.64128431067448,-0.0004616501802371,0.4058432977299712,3.610286311512025,19,0.9343266076298944
B0032,1057,1.7512940457049684,1.7569903441173331,5457.943862556536,0.0,2.0,17.41049720892294,-0.0004397308595906,0.0321402173051178,0.3571356778452718,20,0.9246380681240364
B0032,1061,1.7697554297961993,1.776158399782925,5463.638680801654,0.0,2.0,17.757585694874606,-0.0004688326167404,-0.0001992076180788,0.0004268697725973,21,0.9343852025717756
B0032,1063,1.7547726933914918,1.7665963625417371,5465.6272546458185,0.1526162783775996,2.0,17.787544809766395,-0.0004477767829779,0.4071511816837395,3.587818381744871,22,0.9264747043442298
B0032,1065,1.7389166355812984,1.7454888152415131,5426.621643620904,0.037188809103922,2.0,17.842568252983057,-0.0004323960150506,0.0875126401620442,0.636620636982981,23,0.9181031149485848
B0032,1067,1.7337200518764075,1.7394914309615646,5399.35674966899,0.000180128422425,2.0,17.971640462812566,-0.0004632871935113,0.2792886656467284,2.570261975180378,24,0.915359452837976
B0032,1069,1.7150972597500092,1.7204463904207683,5383.714358319191,3.710816153417586,2.0,17.7873603631408,-0.0004505227753692,0.1424543480270148,1.0210308259694234,25,0.9055270991124216
B0032,1073,1.7462926148815636,1.7518667726013812,5437.039240891068,35.67782428066306,2.0,18.216586767863788,-0.0004491827795999,-0.079998789861826,1.835672339087684,26,0.9219974416993928
B0032,1075,1.719149261914565,1.725588233769794,5398.892338346677,0.0810874833093052,2.0,17.849929727185533,-0.0004482580029188,0.3822721260001993,3.099733870335456,27,0.9076664517029576
B0032,1077,1.711582246191498,1.7178119004037595,5373.664705730787,57.524841795049085,2.0,18.011895853274808,-0.0004472516797767,1.63035993736181,14.517400038057737,28,0.903671262650154
B0032,1079,1.69510511952259,1.7015758371874885,5322.751962243278,0.0446689690320727,2.0,18.074304169941627,-0.0004647802427219,0.2503208040551039,1.6815667633568518,29,0.8949717649223231
B0032,1081,1.7005124371100973,1.700265976340533,5303.0011587320205,0.1068508654254224,2.0,18.19731370967851,-0.0004744974087316,0.29981431212251,2.49309498163291,30,0.8978266890854628
B0032,1085,1.7080989351250158,1.7144125402917594,5325.271112048369,0.015363546716789,2.0,18.231021365698663,-0.00046528301252,0.340647487397467,2.818831571206726,31,0.9018321642856696
B0032,1087,1.691435430587127,1.7094346322653644,5317.879153618943,0.000190710400012,2.0,18.049610379643696,-0.0004574806388478,0.0894602926294629,0.6682934873679821,32,0.8930342638520579
B0032,1089,1.6844494328889932,1.6907271384316684,5295.133854208101,0.3928923292476923,2.0,17.740505278097473,-0.0004643778391798,0.7962119333083225,6.609206835315695,33,0.8893458373246204
B0032,1091,1.664037581688075,1.6703147515865011,5276.817662075766,0.0,2.0,18.181220303680934,-0.0004558750203973,0.2053963285201825,1.2884172754848544,34,0.8785689065701651
B0032,1093,1.6686372014231974,1.6754470715470395,5247.842010790804,0.1579877554827423,2.0,18.181666237481046,-0.0004717270264862,2.2726782515706754,18.935087365304767,35,0.8809973871079818
B0032,1097,1.6899344075625968,1.6956603062184146,5307.536495960343,0.7291938816026416,2.0,18.63691806441991,-0.0004697145688908,0.235961435086328,1.6610152448116944,36,0.8922417624254613
B0032,1099,1.669431712846442,1.6755451551844902,5293.551623442958,0.0638930995569499,2.0,18.203168755740435,-0.0004618371200713,1.1127389019990457,8.995843470323955,37,0.8814168686389634
B0032,1101,1.6634226761839213,1.6632906920448114,5234.73163034166,0.2802062948568862,2.0,18.33632383105368,-0.0004852690952498,0.2253217307190037,1.996044467407377,38,0.8782442523301567
B0032,1103,1.643615219594737,1.6688479909726084,5221.940317617668,0.0001980444734287,2.0,18.0477619372826,-0.000459282928601,0.0130766684031325,0.1097550042402296,39,0.867786426335721
B0032,1105,1.6358000873538243,1.6417332411776202,5194.641321183424,0.0501178657945275,2.0,18.390010965852117,-0.0004679093746923,30.3710553455982,251.6619999478044,40,0.8636602381635556
B0033,2775,1.461469789426299,1.6010344593953436,9728.17813063445,0.311027841345868,2.0,34.44748006736725,0.0003606582470413,0.251842923438254,1.8686788362881457,1,0.7752578894162309
B0033,2777,1.4150999545382532,1.5243768703484288,9969.0371431869,0.0,2.0,30.84067982838325,0.0002951563554159,0.1840682009382482,1.331139404946356,2,0.7506603366046897
B0033,2779,1.383632373873956,1.5076126416120628,9890.643838023982,0.5597098589093924,2.0,31.00296553565274,0.0002946758265744,0.0707582181727727,0.3738003305708199,3,0.7339679011213571
B0033,2783,1.3705402893609833,1.4944152694400528,9876.895009097012,0.1792674753506074,2.0,30.95727525580817,0.0002938091485956,0.2087187372204826,1.6673952855975014,4,0.7270230146235181
B0033,2785,1.3557042566115398,1.4811347384674955,9928.514881510198,0.119435972260286,2.0,30.67476265660729,0.0002912021554925,0.2045302904202364,1.5629336582356823,5,0.7191530254387547
B0033,2787,1.3578385793919765,1.4741150667297622,9876.295298532032,0.0,2.0,30.800927779939204,0.0002924033314243,0.2639236037633738,2.107378151881628,6,0.7202852079758593
B0033,2789,1.3609083979571397,1.4857140965413334,9831.582666514429,0.0265090938797532,2.0,30.987444050587623,0.0002936756694713,0.2732322333358215,2.2248746418451533,7,0.72191363784758
B0033,2791,1.3495626547684758,1.475916564244504,9827.387859736682,0.1834629027912538,2.0,30.868099282631132,0.0002968028118922,0.1877728712623775,1.2494926266745134,8,0.7158951234848883
B0033,2795,1.1888877132486642,1.3206930095043898,10145.261370301694,0.000116897951569,2.0,28.898853573552152,0.0002851292810797,0.1864280574665413,1.2877727351571508,9,0.6306627656585774
B0033,2799,1.5041493934608643,1.5981001018241985,10282.793680700028,0.0411661379356292,2.0,28.38510939551133,0.0002295610353206,0.2251121566124986,1.157962590594409,10,0.7978979056412301
B0033,2801,1.4899088638712767,1.5819911136483908,10230.11625713156,0.0,2.0,28.877715582585164,0.0002402056561632,1.0366965562255963,9.821988933374946,11,0.79034380976209
B0033,2803,1.475330178643193,1.568248772683473,10205.91783952714,0.0,2.0,29.369249422589075,0.0002503941305179,0.1403703966677694,0.9101431770614756,12,0.7826103343100763
B0033,2805,1.459830765413703,1.5539230785165186,10193.568524070026,0.0465888049764964,2.0,29.36040935141596,0.0002559294052528,0.3426796217820785,2.1436843036999043,13,0.7743884453087297
B0033,2807,1.4474169057725728,1.5397241297639572,10201.361076368892,0.005053249025411,2.0,29.71454782144121,0.0002491527669505,0.2313751839242099,1.4548903731917278,14,0.7678033330508364
B0033,2811,1.4676323674647154,1.55997912489399,10235.466967154132,0.0071040299366922,2.0,29.17229380985154,0.0002459331240985,0.2349450379492262,1.5048526656565533,15,0.77852691849777
B0033,2813,1.441552493165527,1.5364310797098282,10210.617332562448,0.0873914919014833,2.0,28.67044141762924,0.0002515002685124,0.1840570281575742,1.2329305315688646,16,0.7646924701556211
B0033,2815,1.418392873584403,1.5130578116354034,10100.72472518948,0.0859639459788899,2.0,29.85590096599377,0.0002629067798255,0.3769352229575948,3.2433161255672687,17,0.7524071133688803
B0033,2817,1.4031824838852518,1.513672637307345,10083.01270832232,0.0,2.0,29.79282896989797,0.0002644198745008,0.2526424921304578,1.848073019385192,18,0.7443385410995957
B0033,2819,1.3911104661211642,1.5037779711193582,10073.966956202892,0.2708909449546468,2.0,29.69964622797853,0.0002678985762976,0.1727226355751789,1.242285799314705,19,0.7379347638333851
B0033,2823,1.4086019958134537,1.5034109534381948,10158.308073714465,0.0132140905423362,2.0,28.76381425675141,0.0002630454183446,0.1422207522242213,0.910924091658922,20,0.7472133999639539
B0033,2825,1.413770890394895,1.517753239222193,10124.176393018564,0.119435972260286,2.0,29.031029395638168,0.0002594205086588,0.0605775586801448,0.3041035292720925,21,0.7499553152144882
B0033,2827,1.412472234540845,1.521198111071587,10108.05163296234,0.0,2.0,28.763929366629643,0.0002609300716416,0.1286314205457372,0.8989896600317819,22,0.7492664243432755
B0033,2829,1.3831900026575588,1.5006799755992388,10010.628448965135,0.0,2.0,29.660547059393352,0.0002835369454921,0.1274522501592274,0.8946511581339971,23,0.7337332388806157
B0033,2831,1.3646098107432565,1.476889414417076,10031.89755459872,0.0294197917264744,2.0,29.02159598786892,0.0002742607432324,0.231252795660972,1.7959695288311703,24,0.7238771060527965
B0033,2835,1.369751365782437,1.4813262329907664,9970.61651703848,0.0,2.0,30.03660519807587,0.0002917081002032,0.2462647257627132,1.3632442718476712,25,0.7266045186458117
B0033,2837,1.3867946911071662,1.4970617374061683,10038.644371360053,0.119435972260286,2.0,29.634334604876905,0.0002691139915579,0.1062878377468238,1.6740209980567502,26,0.7356453982558312
B0033,2839,1.3918615875742792,1.4868862621214944,10045.024341173244,0.0,2.0,28.912136654454997,0.0002645275914917,0.363907913837567,3.0062911413455,27,0.7383332071242763
B0033,2841,1.377162352180965,1.4736198788051609,10032.18566897203,0.119435972260286,2.0,28.652507837770965,0.0002684097839683,0.2491082541455232,1.9814686285610852,28,0.7305357840851545
B0033,2843,1.3599525359390852,1.4792177792353645,9949.638495498126,0.1549543128031864,2.0,29.68094431653256,0.0002761847634761,0.0316519506488189,0.1007366861368721,29,0.7214065869485115
B0033,2847,1.379779043170725,1.4752697983454963,10084.595931688298,0.119435972260286,2.0,29.089363479820552,0.0002682974677578,0.3825788515455487,3.3372454566742933,30,0.7319238458491765
B0033,2851,1.3631373661966442,1.484631555855611,9973.81702317125,0.119435972260286,2.0,29.54295394447982,0.0002764199661545,0.0745903460592995,0.3971065114238347,31,0.7230960264439343
B0033,2853,1.3652295228794809,1.4771958260218423,9949.439176465552,0.119435972260286,2.0,30.01410557393011,0.0002763971670852,0.0886399987971375,0.4936789748301609,32,0.7242058413617649
B0033,2855,1.3498620694059131,1.4627473028828095,9884.054798822195,129.7935421783456,2.0,29.74299143956214,0.0002842595109626,0.3020964967224616,2.4521931398654497,33,0.7160539523307251
B0033,2857,1.3529504172332432,1.4657429575786012,9841.052868140428,273.5031692822917,2.0,30.06218143887273,0.0002853161047614,0.0089618546164967,1.6855810196014944,34,0.717692211318849
B0033,2859,1.3535740542605128,1.4244716988555834,9855.267269223204,0.119435972260286,2.0,30.024321643779324,0.0002832425571121,0.0661170920456006,1.1807566351479362,35,0.7180230286433129
B0033,2863,1.3432225183905024,1.4566681597987403,9849.88362365237,0.0952400383430426,2.0,30.04146545703135,0.0002842121852641,0.209727182329732,1.46112052080738,36,0.7125319060016667
B0033,2865,1.3412081769053426,1.473724250290245,9850.669984837672,0.119435972260286,2.0,29.829035135865396,0.0002823828928794,0.179213176338312,1.2917998968309576,37,0.711463369286336
B0033,2867,1.3277389969987805,1.4500157226866923,9849.610269751342,0.1040350699483885,2.0,29.639941547990503,0.0002830117705234,0.0608313926635107,0.2919978163307579,38,0.704318447056621
B0033,2869,1.329778900445409,1.4435995632758354,9782.224745234267,24195.178078220863,2.0,29.67009914433923,0.0002833493759948,0.3573536472219179,3.412762001604265,39,0.7054005434859061
B0033,2871,1.3356045028702497,1.4426345595376966,9792.456299889296,0.078531485295938,2.0,29.08158181377153,0.0002808911215988,0.1110604345592331,0.7831345927216904,40,0.7084908189559402
B0033,2875,1.3177489685711123,1.4251014640582114,9766.458216103958,0.119435972260286,2.0,29.757186501508198,0.0002932618898018,0.0828559322551418,1.104065506516265,41,0.6990190912915714
B0033,2877,1.317605472474197,1.431740107261061,9730.12958724486,0.0118115756264225,2.0,29.71046291529988,0.0002878145938124,0.2223928440628011,1.6909737366495272,42,0.6989429717015265
B0033,2879,1.3185279522072382,1.440709539971622,9665.11919023623,0.0682378295284021,2.0,29.78974072017638,0.0002883669892476,0.0728362738222943,0.3719866051659722,43,0.6994323144823633
B0033,2881,1.3215397269813982,1.455131538590804,9642.608410179577,0.119435972260286,2.0,30.15990346405975,0.0002881383663078,0.2078845097693805,1.3023885546033074,44,0.701029954181593
B0033,2883,1.3046615372928705,1.419615012095855,9665.005723243306,0.1150844301915153,2.0,29.387186773649237,0.0002864525553817,0.3590549281728844,2.480580355319032,45,0.6920766731697212
B0033,2887,1.3280324770208678,1.4075752756678237,9844.113933118788,1.8145744872087696e-05,2.0,27.05251910915445,0.0002617298391093,0.3122784485755849,1.931226863780876,46,0.7044741277994974
B0033,2889,1.3634549770713926,1.443733893656073,9830.384297852135,0.1024184215444315,2.0,27.79330854460945,0.0002630327765973,0.421884144832552,2.5445552270060032,47,0.7232645077482996
B0033,2891,1.3291316747402466,1.443448800774225,9689.069106721592,0.262374519288784,2.0,29.24530032554439,0.0002785097776711,0.2661449532230134,1.872157450791393,48,0.7050572132044385
B0033,2893,1.3124201086917682,1.4332617098852414,9587.342891494687,3.980018073238758e-05,2.0,29.741160412784254,0.0002880418117482,0.314149075136075,2.1034303704954573,49,0.6961923201239807
B0033,2895,1.3152825503676355,1.4143570145761022,9582.580681294745,0.0384288267474465,2.0,29.40436588313664,0.0002901285222342,0.2612890674020688,2.037343124322273,50,0.6977107439109554
B0034,1809,1.6623217152845853,1.7649231983066085,10775.48364422688,7.669911491645276e-05,2.0,28.46179569192492,0.0001657253372686,0.3138992017108559,1.918665723412128,1,0.9132100371722426
B0034,1811,1.645087369694532,1.7493761798723444,10883.154113773651,0.0,2.0,28.65153229617001,0.0001769217529322,0.3192802432578024,3.528429587271095,2,0.9037422083926387
B0034,1813,1.620729289277574,1.7260096596110852,10940.785398616825,0.0,2.0,29.11391303924352,0.0001934890376073,0.7229801438368874,5.863528745890096,3,0.8903608975919154
B0034,1815,1.5967402025126003,1.7137567435592524,10918.886717388485,0.3833349646828329,2.0,29.58020372583712,0.0001997664560767,0.3955424338724615,4.064251941498537,4,0.8771822964734072
B0034,1817,1.4856500618812698,1.6689692010120956,10927.813524145342,0.2061729205693412,2.0,30.31396266847329,0.0002199404058343,0.2099003127631931,1.5677455697125189,5,0.8161540186601446
B0034,1821,1.4866702197497013,1.6654033130713182,10922.897006193762,1.31114909138127e-05,2.0,30.22472569442824,0.000220614261229,0.3503600486291714,4.053524358389844,6,0.8167144507331818
B0034,1823,1.4701330958405268,1.6588138025132488,10956.115150209678,0.0990733692711352,2.0,30.8024171941479,0.0002194262074661,0.0529391239626875,0.2510124994201527,7,0.8076296463893766
B0034,1825,1.4565041801019636,1.6300283001292182,10952.234470601135,0.033232262011109,2.0,30.687699028603067,0.0002211371283602,0.1947649649203318,1.898504243762364,8,0.8001424900021427
B0034,1827,1.4418961035576472,1.627660957816055,10949.433853961307,0.0188642707363395,2.0,30.403453607986247,0.0002219270892622,0.2772829667422905,3.194747741294858,9,0.7921174236137353
B0034,1829,1.4370949588970292,1.6237148528925165,10936.972235024909,0.1007897562871349,2.0,30.76173787678293,0.0002222964509145,0.1005800232854609,0.8363741453763014,10,0.7894798755063632
B0034,1833,1.4458703624967404,1.621335162295742,10938.34256789957,0.0307416227827054,2.0,30.313350335489723,0.0002211932037484,0.1711063114045516,1.4971550090908303,11,0.794300715283531
B0034,1835,1.432104054561837,1.609497793546252,10947.029961116044,1.436826309685662,2.0,29.9059024915276,0.0002210845105444,0.3800375072776355,4.4787056233505655,12,0.7867380813689488
B0034,1837,1.426720633302465,1.5929516700513202,10925.484081193898,2.143808134682831e-05,2.0,29.996738760623675,0.0002217803248527,0.1695942076960257,1.6373064894821523,13,0.783780654847246
B0034,1839,1.4230846885129826,1.5905261956665553,10936.87198254074,0.0,2.0,29.72403645477363,0.0002219943256241,0.1256188074952195,1.3074838734304306,14,0.7817832188239845
B0034,1841,1.4409479522418909,1.58551035494467,10965.986438746926,2.142131971234776e-06,2.0,29.18623922258347,0.0002196552935044,0.307756402844997,3.598884225806687,15,0.791596548929644
B0034,1845,1.486901544051865,1.604309505140508,10985.239899461074,0.0,2.0,28.63172475948381,0.0002140448261323,0.1740038986440573,1.8840573241384104,16,0.8168415306315164
B0034,1847,1.5245313226850703,1.6247054579419815,11022.78426774636,2.80923735628166e-05,2.0,27.82950208736455,0.0002078673909844,0.1929155259920059,2.1249816304896667,17,0.8375137574504566
B0034,1849,1.4629049605190707,1.5866136769064616,10985.043185684415,0.113547732380296,2.0,28.434577734393518,0.0002163623317173,0.2006571871686294,2.243346007806318,18,0.8036588111022596
B0034,1851,1.423079450854989,1.5708454840154469,10928.70155058886,0.0,2.0,29.121733449379484,0.0002215373352859,0.6240573569611527,7.424257048681841,19,0.7817803414737057
B0034,1853,1.4051040863603437,1.553603541575192,10901.524065072785,0.07830512297645,2.0,29.16431679796445,0.0002245319727881,0.1370413445295898,1.504093532221912,20,0.7719054278950609
B0034,1857,1.6329463925070862,1.724354798657538,10748.050250827822,0.0243996966452352,2.0,29.856721033663213,0.0001595778695826,0.111186185654308,1.09141357852334,21,0.8970724632243536
B0034,1861,1.5687138208259117,1.6778527664844427,11039.753922692527,0.094306909114848,2.0,30.703593864048305,0.0002029923532604,4.250232057350135,50.66531698646187,22,0.8617857743522228
B0034,1863,1.5149520966053402,1.6362890805511494,11032.109449544108,0.1840887366890105,2.0,31.518936251998987,0.000213490820993,4.188059333616389,35.24566381745518,23,0.8322513312161618
B0034,1865,1.4855182940634626,1.6198793051041027,11025.403504505137,0.2960865887825891,2.0,31.55843479060289,0.0002180213791298,0.912509155845004,6.8333364285927125,24,0.816081630931168
B0034,1867,1.480771929049074,1.6093174123875014,10994.854114417947,0.0339030587364698,2.0,32.01610678827734,0.0002191273980919,0.9351430188930926,8.59140986479936,25,0.8134741764707173
B0034,1869,1.484026357317059,1.6009983398926058,10960.476712658818,0.0,2.0,31.697090219385565,0.0002266490919496,1.933406020160973,21.98602253916781,26,0.8152620232709211
B0034,1873,1.4922153055506522,1.6097368387897293,10994.156840869917,0.0259141098457258,2.0,31.222458224367696,0.000216266071622,0.1521209988612164,0.8088083366637105,27,0.8197606889937118
B0034,1875,1.473312924099279,1.5917990267127151,10951.78577524105,0.0429244100179469,2.0,31.37441956717005,0.0002196195632668,0.2463202618619813,1.3792181739015748,28,0.8093765110640521
B0034,1877,1.441593178980006,1.582476592987991,10970.320861748723,0.0342042589049363,2.0,31.58088168499519,0.0002230117934485,0.2658268437462478,2.2679348420077248,29,0.7919510095181577
B0034,1879,1.4225873198015788,1.565669528807544,10920.965504586336,0.0,2.0,32.22245277381448,0.0002266036020993,0.8063845767631778,8.892834530787967,30,0.7815099852523761
B0034,1881,1.4266489379486664,1.5579609329963786,10892.985663328294,0.1933293857950153,2.0,31.813477754681404,0.0002260330893835,0.2842379534602014,2.367556502569164,31,0.7837412684179493
B0034,1885,1.4596775560238575,1.5602845982819624,10914.022437715088,1.1030929778205516e-06,2.0,31.510265009724165,0.0002229814827242,0.2989433619115237,2.0124491267067635,32,0.801885810032765
B0034,1887,1.4396159938545154,1.5761414493250077,10900.038422287254,0.0342042589049363,2.0,31.7043478725448,0.0002265741277207,2.457830861585796,28.10053490311021,33,0.7908648266900421
B0034,1889,1.4195512657848512,1.5397975967994284,10887.11168180057,0.0342042589049363,2.0,31.79712272675351,0.0002281987153217,0.5082834904154544,4.5794322103101965,34,0.7798421041340704
B0034,1891,1.4118101714470452,1.5447222298792795,10864.448882142047,0.0,2.0,32.39258857692293,0.0002276116751942,0.5097136610550754,4.9333696455699005,35,0.7755894706137464
B0034,1893,1.4044196701845313,1.5442203061981323,10845.026527672944,6.455737610888888e-05,2.0,32.098645773578994,0.0002294615549964,0.5588621748763039,4.672946846442103,36,0.7715294382682588
B0034,1897,1.4735059098606866,1.5636699513023915,10931.29018783493,0.1171993738103162,2.0,30.968781731090207,0.0002184537657667,0.5952934915630765,4.256302415577173,37,0.8094825293712956
B0034,1899,1.492658600645149,1.5895840951189169,10910.630264658914,0.1909525164836475,2.0,31.13565597335735,0.0002155914068099,0.5516510543085925,4.674646035852993,38,0.8200042167813846
B0034,1901,1.4820260149945934,1.5668687946272262,10873.02048932015,0.0202016335214501,2.0,30.50577074655446,0.000219056633219,0.5850784464369599,6.200028467957872,39,0.8141631188471508
B0034,1903,1.423575357658995,1.533333453780643,10827.756177776537,0.0,2.0,31.255733875009327,0.0002356183221614,0.6814933190468029,4.60087550447512,40,0.782052771934522
B0034,1905,1.403825219724535,1.5136956217634807,10799.514583566362,0.5799172269965167,2.0,31.76828625107587,0.0002287401985012,1.662190817532384,15.402617623861348,41,0.7712028720436351
B0034,1909,1.5363173478836123,1.6272901750859592,10790.4459103266,7.576074380925946e-05,2.0,31.380531985727064,0.0002145670520692,0.2211702849144876,1.7042997776469315,42,0.8439885068390436
B0034,1913,1.5440367168176732,1.6237825937854955,10892.533231455443,0.059486763263227,2.0,31.205921015278744,0.0002088244739325,0.4333042966458837,3.2723451049354386,43,0.8482292053310398
B0034,1915,1.507892155360249,1.5941371068911756,10909.30886702485,0.0342042589049363,2.0,30.83577034574395,0.0002154613075267,0.513832792323064,3.679564521350017,44,0.8283728947212382
B0034,1917,1.8203060058691087,1.9332616951381585,11910.118178981673,0.0526097710506076,2.0,33.73199696961803,0.0001137691594932,0.1830569368477003,1.804268668102938,45,1.0
B0034,1921,1.5936575758226643,1.6939300037252265,10731.010290116728,395.605353611647,2.0,32.424300628033706,0.0001936231355389,0.2991838335748158,3.095312159047628,46,0.8754888302759675
B0034,1923,1.533070464968097,1.646305581714698,10785.770205142788,0.0912556372405503,2.0,32.72921652037336,0.0002148423890035,0.1855091161885503,1.382177708613046,47,0.842204805139963
B0034,1925,1.4862143093107285,1.61286865943772,10829.266510270068,0.0342042589049363,2.0,32.77953745633856,0.0002235546689803,0.3000462504899338,2.52802445698672,48,0.8164639926027891
B0034,1927,1.5029318848267783,1.6103941992412931,10837.967532178493,0.0482861003116865,2.0,32.969995372913885,0.0002219856969322,1.0043722806641813,9.431809519663384,49,0.8256479295134779
B0034,1929,1.5202185406928062,1.621009340198455,10846.099738300672,0.0,2.0,31.852017150721032,0.0002168764398709,8.437128562876678,96.26236876333977,50,0.8351444953712466
B0034,1933,1.5118194735004464,1.613439352397847,10845.14023323048,0.0118789746713642,2.0,31.879976951096022,0.0002190190910964,1.08289905039261,8.836040699910043,51,0.8305303990790412
B0034,1935,1.464601301820905,1.5799020512087203,10819.762053676572,0.1254932133506054,2.0,32.510524592280994,0.0002272050757829,0.1630766338120209,1.315213571298826,52,0.8045907100776872
B0034,1937,1.4546140961511749,1.5630336811965762,10811.336217620956,0.0,2.0,32.577947341912015,0.0002289331697014,0.1928090247271228,1.757553853212494,53,0.7991041569171039
B0034,1939,1.4333400490204142,1.5686777436100878,10805.759092961463,0.0001458064480271,2.0,32.90059778130963,0.0002308832951352,0.4966978353742072,3.977778081113696,54,0.7874170850389867
B0034,1941,1.449326234639616,1.5709732497237496,10792.197958634611,3.69360798210749e-05,2.0,32.58823659686689,0.0002273566437701,0.6174499810760526,5.129140386498703,55,0.7961992269248337
B0034,1945,1.495199821798908,1.584944723025742,10822.886090759052,0.045883191132837,2.0,32.12493769576011,0.0002236741262789,0.4456183708752079,4.575282492758015,56,0.8214002574171708
B0034,1947,1.4720590241846008,1.5752776295416238,10813.229486596809,0.0,2.0,31.88114239777601,0.000225032316028,0.5017016227622136,5.241310169342926,57,0.8086876708851836
B0034,1949,1.4097383014648728,1.5135470286021944,10794.016684654554,0.0506282803795681,2.0,32.49916165324635,0.0002354795588809,4.855494367223278,53.24969430323383,58,0.7744512718848007
B0034,1951,1.3861944181384176,1.523799514681204,10734.29453737509,0.0,2.0,32.80522811081148,0.0002388984899118,0.2478394842787459,2.230960716789549,59,0.7615172469183699
B0034,1953,1.3624125407550536,1.4864266610052066,10699.045394535984,0.0001339684475056,2.0,32.53850119009374,0.0002434872212076,0.5039081462533775,3.231571485318797,60,0.7484524779692561
B0034,1957,1.4471377445077278,1.5522718435009104,10781.949296347686,0.0,2.0,32.60392345648357,0.0002308079395888,0.1836185223180931,1.1238585948957638,61,0.7949969619623317
B0034,1959,1.4554483390450048,1.5465747081939123,10797.554687181406,1356.096774778903,2.0,31.623078731667576,0.0002290912925277,1.331718309167381,12.436920243555956,62,0.7995624550774901
B0034,1961,1.4423952167302958,1.5478515910916828,10753.746555565362,0.0,2.0,31.984603563960015,0.0002298691298092,0.3334557931596577,2.80682698460304,63,0.7923916155194035
B0034,1963,1.377541945989605,1.510324741760238,10705.023254947266,0.0183265023684114,2.0,32.85513911618277,0.0002411083982474,1.011600590032914,7.296689204679048,64,0.7567639405397087
B0034,1965,1.3539935892900532,1.5008553034094343,10686.092929714989,0.0,2.0,33.057523753930255,0.0002443835721957,0.7136157316315603,5.811381178291815,65,0.7438274580891614
B0034,1969,1.5509038861664448,1.642649544109384,10652.78287190276,0.1243173308968963,2.0,32.64572377930463,0.000211480155679,1.97566575109854,18.19494466172852,66,0.8520017410072559
B0034,1973,1.5562932697752867,1.6343562243009635,10843.302400006236,0.0342042589049363,2.0,31.962419382540705,0.0002118292194927,2.0143503710511244,21.662323247022957,67,0.8549624429944301
B0034,1975,1.5067526605064707,1.5989743298068808,10788.954379249291,40.54777683368892,2.0,32.138678682029365,0.0002233533858393,0.9631452742288452,10.29179632524582,68,0.8277469038987588
B0034,1977,1.444138733302766,1.5648973042594654,10762.048448857146,0.0,2.0,33.07970921661864,0.0002331642044627,0.6942720397055591,7.391384989243213,69,0.7933494306157931
B0034,1979,1.4144103811292437,1.535371093592627,10737.706065623404,0.0342042589049363,2.0,32.66157349862071,0.0002376768598914,0.1382667995240529,1.0352102522159743,70,0.7770179170803376
B0034,1981,1.3897574212362729,1.5247037269519572,10716.505168120038,0.0876086920424683,2.0,33.21403258458372,0.0002389280980259,1.4879190806596927,14.931379179988529,71,0.7634746118264497
B0034,1985,1.449968311475299,1.575483833606895,10734.647749184736,0.0342042589049363,2.0,32.62210164400054,0.0002346526940343,0.6277774380888869,5.067386656934861,72,0.7965519570886702
B0034,1987,1.4678653068012166,1.561165276248205,10777.597109244398,0.0342042589049363,2.0,32.031057598136506,0.0002271984711926,0.3041397734452236,2.922451462130035,73,0.8063838179231746
B0034,1989,1.4290644310445066,1.5372102438500643,10716.876719295597,0.1043821711134491,2.0,32.59454088896132,0.0002358348978647,0.2106175966889866,1.439817410948324,74,0.7850682393162774
B0034,1991,1.376744834668327,1.512758937021132,10690.927659517944,0.0342042589049363,2.0,33.6127030999225,0.0002439550352192,4.734207977415524,41.2114192888743,75,0.7563260409125538
B0034,1993,1.3515813262521057,1.4879271405067405,10669.369799624228,0.0342042589049363,2.0,33.12810890283451,0.000242800022913,0.3260902810656035,2.527852223316367,76,0.7425022616495683
B0034,1997,1.353993472828928,1.4841442101839226,10672.141585417605,0.067962666147321,2.0,33.2180945056605,0.0002484816510391,0.8670498847815762,6.510746427447518,77,0.7438273941102892
B0034,1999,1.3577165116893766,1.4947115307289482,10665.328174284245,0.0,2.0,33.36929116026785,0.0002444298097064,0.4283652027601955,3.6104611820312673,78,0.7458726759741322
B0034,2001,1.334169315351027,1.486172417096228,10649.896778480314,227.22227081993304,2.0,33.89593084246788,0.0002520134709192,1.1975316023716776,12.21331045469958,79,0.7329368309775065
B0034,2003,1.3372147888783987,1.47504385600945,10633.863835557113,0.0,2.0,33.214562745803406,0.0002590212665383,0.2781127027840386,1.8100320360845463,80,0.7346098867810651
B0034,2005,1.339045224276927,1.4777046845467243,10607.989717076052,0.1722592076660694,2.0,33.10728402696905,0.0002508574410694,0.536414283475935,4.5651254920748405,81,0.7356154514458119
B0034,2009,1.3439244604756322,1.4901997761659034,10574.287379490515,0.0342042589049363,2.0,33.79340638676473,0.0002526108261188,0.2839986782804767,2.7650251556997154,82,0.73829589977866
B0034,2011,1.3454786192090245,1.4834427841836724,10601.382693998334,0.1005345945998966,2.0,33.73401408029804,0.0002513423723774,6.474851074734974,67.88083824573673,83,0.7391496895966253
B0034,2013,1.3482263029682544,1.4657683793381409,10610.854479745778,0.0372101347357313,2.0,33.07983278940172,0.000250659399578,0.5317563998224968,3.240868777353199,84,0.7406591521542232
B0034,2015,1.3373192299576058,1.4768825519374018,10562.427004478155,0.3612320162727655,2.0,33.87043423949463,0.0002538435557957,0.5734138547627016,5.540394864779649,85,0.7346672623425752
B0034,2017,1.3402523341553034,1.4858701206523788,10537.898166526436,2.2144437586005408e-05,2.0,33.7952931111784,0.0002531020884346,0.9035326421166372,8.795747019566637,86,0.7362785871353521
B0034,2021,1.329096568237912,1.4694944970106003,10574.674099279617,0.0,2.0,33.6058968420684,0.0002544528993408,0.5932718064537317,5.086985369137755,87,0.7301500758403157
B0034,2023,1.3323485655766352,1.4907398381035517,10551.425147509726,0.0342042589049363,2.0,33.7130020942687,0.0002539060952881,2.170803736976542,16.985423116670336,88,0.7319365871896372
B0034,2025,1.3501541310555516,1.476457457378414,10591.047213130234,0.0303897660897372,2.0,32.945005412490346,0.0002493143565311,0.3372389594644988,2.4245671023698723,89,0.7417182202895155
B0034,2027,1.381523441054128,1.494235268752487,10610.972857060544,0.1394075961930089,2.0,32.60800468174676,0.0002439682832212,0.4977959785813899,4.347720015207962,90,0.7589512074342231
B0034,2029,1.3835971952817807,1.5029276037163928,10617.478226419076,0.0207099461505808,2.0,32.51832917165419,0.0002424311705774,0.1014347875813652,0.7342607292698041,91,0.7600904412888423
B0034,2033,1.33011618620809,1.471868951197196,10557.184814745946,0.012723186537351,2.0,33.57392346289339,0.0002539574050623,0.813020162738372,6.1083055793771335,92,0.7307102113158295
B0034,2035,1.3176982121703231,1.46011490611536,10480.440222896694,682.0426200211266,2.0,33.91899384677001,0.0002614325122611,4.188780461704364,43.78148119631729,93,0.7238882956611383
B0034,2037,1.3063657719651272,1.4560933531099784,10490.854061794937,0.0,2.0,33.65625597500866,0.000259835920593,1.007587139056731,9.382976103127133,94,0.7176627269003599
B0034,2039,1.3381567383793782,1.4737858122897045,10541.67558557432,0.0537398932374718,2.0,33.4860697226748,0.0002537019363399,0.1430025102253459,0.8837629104408087,95,0.7351273544474587
B0034,2041,1.3563258092165067,1.4831539447082125,10498.4538082952,0.0,2.0,33.551658891683644,0.0002511452038561,0.4831443231179617,3.521385692726493,96,0.7451086821904574
B0034,2045,1.3648997529550058,1.4934328727826398,10500.554003474244,0.0342042589049363,2.0,33.35455223232117,0.0002495658752638,6.102691514404795,52.59907587821263,97,0.7498188483443099
B0034,2047,1.3337639975535058,1.4688746761455624,10482.911351521085,0.0001020325916847,2.0,33.36354204672324,0.0002546341468804,0.568249046046992,4.878377833514597,98,0.7327141663286979
B0034,2049,1.3060123668658763,1.4571825119907988,10461.30736647554,0.5901603254973273,2.0,33.534661426065284,0.0002597611740337,0.1429524284132015,1.072111890986159,99,0.7174685809171508
B0034,2051,1.3101868361375808,1.454630696266691,10422.969863396893,0.0342042589049363,2.0,33.81900391352214,0.0002607188357296,0.614639618830482,5.790401494498562,100,0.7197618597715001
B0034,2053,1.3567668941696105,1.4712057264233336,10488.251456223756,286.3057113019382,2.0,33.28151770464537,0.0002506018785233,0.9560721433462196,9.257960731858466,101,0.7453509958188702
B0034,2057,1.3916857433587717,1.483640677283985,10511.411285745917,0.1000981760406077,2.0,32.86955638411858,0.0002463280402353,0.2113092523927078,1.7906614474274152,102,0.7645339513640228
B0034,2059,1.3629935079344777,1.4779968741350904,10475.820851085187,0.0292592431678287,2.0,33.196991807329304,0.000252172242613,0.7858301425723547,6.5755840371721135,103,0.7487716370433628
B0034,2061,1.3211711973900628,1.4361673344795045,10430.574211786865,1.4480559973098462e-06,2.0,33.274975863951,0.0002599667661872,0.6706669431020433,4.32785577004423,104,0.7257962085112536
B0034,2063,1.3074869015593356,1.4536336711276014,10430.927116678133,0.760124127934631,2.0,34.0411992013663,0.0002622950236344,0.3886482324680742,2.923358205352653,105,0.7182786286172106
B0034,2065,1.3105881895483489,1.433971049403212,10440.335292438122,0.0342042589049363,2.0,33.43129107464038,0.0002603056010321,0.2777697105734925,2.0017516933753563,106,0.7199823465520051
B0034,2069,1.376312668196664,1.4924794612555774,10479.36090244008,0.0342042589049363,2.0,33.1166849938173,0.0002471878540434,0.2042009632072797,1.242830960224233,107,0.756088626724901
B0034,2071,1.391764929132287,1.5005983108312002,10502.725810090902,0.0432865279856442,2.0,32.3987248419853,0.0002438449681606,0.1097951669572229,0.8413566270842258,108,0.7645774527166855
B0034,2073,1.3649746353453525,1.4733371701325413,10409.454500886111,0.1068698684301858,2.0,33.053183897959144,0.0002518365920284,0.6383076915626248,5.68792109453124,109,0.7498599855982141
B0034,2075,1.3219093937291897,1.461626104141462,10360.131381467709,0.0,2.0,33.57111982454029,0.0002607617502947,0.0900304769754171,0.6506661681472357,110,0.7262017427108589
B0034,2077,1.3090033888073913,1.4565444689891958,10305.077464441703,0.0428598226394727,2.0,34.184603753167075,0.0002643751946001,0.3670843804341652,3.36417435268917,111,0.7191117232964384
B0034,2081,1.3327005721973733,1.4583244426213915,10394.416208691406,0.0497652270587644,2.0,33.400734979622726,0.0002615482158424,0.2090094737116263,1.9206383504596436,112,0.7321299649072315
B0034,2083,1.7423975189669398,1.8462592686072872,15485.296130002753,0.039401923347095,2.0,34.02477912699193,0.0001524154872507,0.1612369892142979,1.50418672476959,113,0.957200335190362
B0034,2087,1.37734756281946,1.480390330848254,10493.534147654282,0.1096717180286122,2.0,32.35403004017273,0.0002427190105245,0.1879744884705111,1.4314201978016308,114,0.7566571545545402
B0034,2089,1.34875988767775,1.4514331682608288,10421.478877673118,0.0524938982509494,2.0,32.938347986821896,0.0002521499064142,0.3813490900440017,2.678773792783019,115,0.740952281280741
B0034,2091,1.3501504559881146,1.4449891018141696,10381.106344345915,0.0,2.0,32.673113021948325,0.0002558322678163,0.564627769003982,4.610413479477073,116,0.7417162013611456
B0034,2093,1.3387814875085953,1.4567007264894027,10346.23057918591,0.3031404471178701,2.0,33.21785600734748,0.0002575499079581,3.759747866016584,30.899943495530557,117,0.7354705654939546
B0034,2095,1.3253371210402685,1.4203924983425675,10332.534115165205,0.0299792679913843,2.0,32.96892812113438,0.0002592062720649,0.2470224969678648,1.912589133697696,118,0.728084792758503
B0034,2099,1.3308160596334049,1.4644396195988318,10285.747932403154,0.0327369569050187,2.0,33.700535568860275,0.0002593954630499,4.298875077990973,44.01795326447064,119,0.7310946925091334
B0034,2101,1.333083376618503,1.4523588260749123,10326.090526848548,0.0222672464601789,2.0,33.10401638706536,0.0002590601478922,0.3853911195840556,3.45107096695983,120,0.7323402616484912
B0034,2103,1.3333226534895923,1.4443118802415442,10278.367405978615,0.0342042589049363,2.0,33.09833532274056,0.0002597875207291,2.541817114909859,25.920671037457197,121,0.7324717103556414
B0034,2105,1.3264281097516477,1.446286130231999,10301.512594876947,0.1168930587329059,2.0,33.133620799728035,0.0002606960617701,0.6178067409812162,5.6884083012502815,122,0.7286841363347268
B0034,2107,1.323971040986857,1.4355150683958633,10300.036080870468,0.1279323179752584,2.0,33.357016409936136,0.0002606549311259,0.2485367632374722,2.0091735988773816,123,0.7273343255024445
B0034,2111,1.3249364225071156,1.4455482665936168,10289.427817123553,0.0706697078761813,2.0,33.20832494805384,0.0002617443093997,0.6690058612377614,4.7993650509163945,124,0.7278646657403749
B0034,2113,1.3283067675570923,1.4403871726789452,10255.011538255592,0.0129421395423605,2.0,33.49036153801258,0.0002575063711306,3.057566669065779,29.280212991070677,125,0.72971619237332
B0034,2115,1.314584348909226,1.4499275799356293,10200.510331139883,0.2602128578267064,2.0,33.7215171609666,0.0002640287730624,2.918084036071889,26.361719516887128,126,0.7221776693977203
B0034,2117,1.3166841798543305,1.435338510525993,10243.50205203816,6.096047706474783e-05,2.0,33.31397790495174,0.0002642703770824,0.3039894530904629,2.372875104321877,127,0.7233312287104591
B0034,2119,1.3041727649654071,1.4402461921472107,10208.960107635728,0.0643433065866048,2.0,33.45148872748659,0.0002628564227754,0.6384674784725243,5.556603878395827,128,0.7164579805595528
B0034,2123,1.3534450073572306,1.4586928757498976,10341.096586455937,0.0027125349586795,2.0,33.44240704984273,0.0002529371054475,0.1215076780785293,0.8356395960030104,129,0.7435260901152856
B0034,2125,1.371294082513786,1.46775672236466,10343.689007476652,0.0200137814765562,2.0,32.524477621090355,0.0002491176619862,0.2204004277632907,1.6495320350892355,130,0.7533316256126172
B0034,2127,1.357699321922511,1.462990193283219,10315.816421043392,0.0342042589049363,2.0,32.4639100371482,0.0002535230660112,19.901941479099463,202.47317284975196,131,0.7458632326350397
B0034,2129,1.3286903090919502,1.4495947530425275,10236.35950284123,0.0,2.0,33.18753634236674,0.0002591425637393,0.1480091865394856,0.8968065901837472,132,0.7299268940540381
B0034,2131,1.3143943268181724,1.4359379760570874,10197.92949033316,5.214977775164773,2.0,33.306374839546294,0.0002662466236877,0.6768403126780568,4.991869714798312,133,0.7220732792070376
B0034,2135,1.3866783030110723,1.4988994986605428,10304.165970295058,0.6472189251585359,2.0,33.80186240821217,0.0002534610500814,0.4445390718451373,4.149578078673017,134,0.7617830730328223
B0034,2139,1.3868330458429208,1.4938082959098762,10393.781109993728,0.0,2.0,32.86637474297517,0.0002473038489521,0.4296319484682677,3.933661735957912,135,0.7618680822737683
B0034,2141,1.3548037379291014,1.4609604344213771,10375.361618706636,0.2314215187215187,2.0,32.58723777187677,0.0002542020586442,0.4979924213512158,4.747829615626413,136,0.7442725198735185
B0034,2143,1.3255787669951669,1.447752123054433,10278.628328814017,0.1334090871266234,2.0,33.19967697859889,0.0002618133331534,0.3748363875372847,2.803476119231121,137,0.7282175429412302
B0034,2145,1.3119728676377551,1.427517494315088,10268.794230455223,0.086223541421194,2.0,32.65703734603643,0.0002636399576283,0.1653853143804535,1.277884318022514,138,0.7207430307913263
B0034,2147,1.3064487948795198,1.4389830615311436,10218.518319432587,0.02113857199267,2.0,32.18384798031716,0.0002610420189807,0.0318729153592139,0.1598011016380951,139,0.7177083362177631
B0034,2151,1.3418431880549024,1.450759753785542,10278.932010963734,0.0790592722221154,2.0,31.51426237633213,0.0002561892811185,0.1873164250067763,1.6453415269425815,140,0.737152535743152
B0034,2153,1.3609210170759327,1.4693137959800118,10266.93834638561,0.0066118565874991,2.0,31.895624529070822,0.0002530513273862,0.1454650983897059,0.9833473951679902,141,0.7476330972309012
B0034,2155,1.329960367739497,1.429709445627401,10225.84092179554,0.0001689420120284,2.0,31.425238516854243,0.0002567042861292,0.072072315398845,0.5029434560697058,142,0.7306246111650359
B0034,2157,1.299069387625936,1.4239743629429515,10171.84377437925,432.8431462576618,2.0,31.910518573363102,0.0002700523957094,0.2157529111877937,2.0392321428925806,143,0.7136543984568643
B0034,2159,1.2984544371955695,1.4235343055392726,10125.38222531982,0.0278928200385838,2.0,32.28791796804174,0.0002694593732544,0.1710745188042056,1.3523424435464646,144,0.7133165704057653
B0034,2163,1.317648609161009,1.4417982947568913,10119.46797706796,0.2303982012715725,2.0,32.905764652488585,0.000269416675744,0.1340774191073585,1.0835227335763482,145,0.723861045842067
B0034,2165,1.3360648564106594,1.4452524733938656,10214.494120090169,0.0034795158958215,2.0,31.445098652883264,0.0002580357754456,0.1564059484276983,1.2435731555110028,146,0.7339781619699445
B0034,2167,1.3635797361860138,1.4634491152857605,10256.140087974718,0.0,2.0,32.45278768341875,0.0002530412271368,0.2498499623748997,1.6747411802614252,147,0.7490936863304859
B0034,2169,1.3333112541544827,1.4506122701395805,10156.760509661908,5.035915046628236,2.0,32.72135675511787,0.0002626450226493,0.2648159916307007,2.1196533926080448,148,0.7324654480376175
B0034,2171,1.3023273463118925,1.427135842860944,10061.0591039752,0.0,2.0,33.187607592346616,0.0002705493751523,1.3684562158666052,11.250619390431304,149,0.7154441847210704
B0034,2175,1.2888728444455877,1.421669255669184,10015.439679572744,0.0342042589049363,2.0,33.78799733594163,0.0002745606910192,6.09498660462076,58.74360261205886,150,0.708052844021801
B0034,2177,1.2902746194203034,1.4069356546019638,10049.48527703057,0.1292791018566494,2.0,33.41814696188356,0.0002755750862039,0.6860569057132588,5.592263627148159,151,0.7088229205749718
B0034,2179,1.292407565676824,1.418281897633107,10010.80256586735,0.0012074571029715,2.0,33.49934379101214,0.000275596432792,1.7357997490338382,15.72501036357359,152,0.7099946720550215
B0034,2181,1.295409150510234,1.420543445224947,9981.183966066585,0.2165335704585056,2.0,33.493740914439535,0.0002752826824542,2.634103114830358,21.828858755662424,153,0.7116436172454084
B0034,2183,1.283229881592695,1.410172962919892,9968.561858906478,0.1194376854895039,2.0,32.74255733365468,0.0002782673681577,6.162673483434395,46.42091273090647,154,0.704952836201853
B0034,2187,1.4557454024367815,1.5417017599957468,10215.652129410611,11.64222292698888,2.0,33.55034854076261,0.0002401129877628,0.3284183549210986,2.9046643842063515,155,0.7997256492826507
B0034,2191,1.454676342673242,1.5648567375222615,10336.68810755092,0.0342042589049363,2.0,33.12230650603193,0.0002334747825834,0.3349977459024567,2.5343130079699465,156,0.7991383525533686
B0034,2193,1.423427718198495,1.5171537669018185,10358.20321452278,0.0363513686617536,2.0,33.04839021849888,0.0002462222509635,1.1194397545524164,8.54948131694054,157,0.7819716649887536
B0034,2195,1.392551210363313,1.509802661537975,10317.555224907364,8.605313527591899e-05,2.0,33.68931436920296,0.0002532354816286,0.5887501223507376,4.357182507018882,158,0.7650094027451372
B0034,2197,1.3765732493746907,1.4959691297870366,10285.011739356782,0.0342042589049363,2.0,33.63965832303103,0.0002570950870883,0.1352910420417826,1.1047746082842236,159,0.7562317791274018
B0034,2199,1.3810190828982352,1.473135328773373,10304.842765493462,0.1537482220952354,2.0,33.76584596487373,0.0002575792530701,0.5564252824566882,3.8090705515694983,160,0.7586741341540896
B0034,2203,1.4007568321672863,1.5038775090596477,10317.497805544035,0.035305377870733,2.0,33.41725635709508,0.0002485160436336,0.3023561303651402,1.6885470737927517,161,0.7695172282302569
B0034,2205,1.374645303479972,1.4779751294747827,10302.277504074997,0.0150681102451024,2.0,33.19396093312319,0.0002540542253063,0.3051653136694469,2.619804285995955,162,0.7551726462736383
B0034,2207,1.3345924114397838,1.471283818605557,10226.804326839176,0.169146920469474,2.0,33.56704125435396,0.0002628831054625,0.0748014095884663,0.4521171991378651,163,0.7331692622760864
B0034,2209,1.336396621564738,1.463715497010318,10166.563100871364,0.1573780633742295,2.0,34.159263395964004,0.000266480333888,0.396245732501639,2.757149755381342,164,0.7341604198721922
B0034,2211,1.3069152971756248,1.427248775988148,10168.85335920592,0.0834747882224179,2.0,34.092302936564096,0.0002673698929413,1.3539365859215826,12.28347988824296,165,0.7179646130715454
B0034,2215,1.341539456674081,1.4533409710565248,10218.78239992314,0.0021088743917614,2.0,33.67549028647163,0.0002636145709949,0.1728480573994989,1.2658512670028186,166,0.7369856784236453
B0034,2217,1.346388970161922,1.4589698495186942,10194.518736096745,0.0345054590734029,2.0,33.59124988815225,0.0002611713178316,0.2778564026433015,2.3358494346849503,167,0.7396497983420574
B0034,2219,1.344989807277774,1.456994046036526,10188.449341697476,0.0556560437901341,2.0,33.44288337780728,0.0002622624666835,0.5233187811513064,3.966053823587625,168,0.7388811567622148
B0034,2221,1.3158760805047784,1.4525805894308297,10112.194895829747,6.315219980482004e-05,2.0,33.74890336150115,0.0002693870881344,0.2502465737961968,1.9183578012660687,169,0.722887292720056
B0034,2223,1.2972766889740088,1.443058920666678,10075.628037057892,0.0063635807064626,2.0,34.31933451369542,0.0002737079673893,0.9554834977884132,7.732436321153168,170,0.712669564782665
B0034,2227,1.2851255211005648,1.4231513142284005,10072.33619699369,0.0225197364494645,2.0,34.67043488922818,0.0002713055851862,0.7411055272959677,5.742077828685916,171,0.7059942212776357
B0034,2229,1.3190209156530253,1.4394805160400557,10121.000188698192,0.4784679324200668,2.0,34.086981689898195,0.0002668006857187,0.4145469838410465,3.1821705597624743,172,0.7246149336431246
B0034,2231,1.3410097849290994,1.4546152694057652,10117.582897373655,0.0832551994778407,2.0,33.43732441800876,0.0002627565082951,1.7059122360451282,13.534209397357811,173,0.7366946989162032
B0034,2233,1.326126983882746,1.4397740306942486,10089.928679602566,0.0406207626406629,2.0,33.49824284016151,0.0002676177965897,0.2021714067380629,1.7068582200841065,174,0.7285187103745142
B0034,2235,1.3091442679990724,1.430665391179366,10012.842204485583,0.0342042589049363,2.0,33.570346358545635,0.0002768879207455,10.308691834016258,96.51147127256353,175,0.7191891164332114
B0034,2239,1.363001289617145,1.4853855079279916,10120.044668132228,0.0,2.0,33.81233503614342,0.000261416675125,0.0454675751524517,0.243869244198303,176,0.7487759119744141
B0034,2243,1.329285701687194,1.4338091406055955,10053.179876700362,0.0498106996692775,2.0,33.7957092946764,0.0002686309520112,0.3533558323236989,3.038250033138211,177,0.7302539778483694
B0034,2245,1.2969085930621855,1.4281143871365598,10016.825119568872,0.0097900765524444,2.0,33.984260132845904,0.0002753835409629,0.2759203775556181,2.376863333664905,178,0.7124673482813534
B0034,2247,1.2986285924941396,1.4210289930419626,9954.370178753474,0.0,2.0,34.32617643058958,0.0002751526949447,0.4068857433129796,3.7771410894420696,179,0.7134122440441583
B0034,2249,1.2840657611821942,1.416000517258143,9947.021050409734,0.1073178772451978,2.0,33.668144168284776,0.00027651404877,0.9654353247720234,7.327436492460449,180,0.7054120334943983
B0034,2251,1.3021015914136362,1.4611149774332135,9946.160359680453,0.0342042589049363,2.0,33.97990051794508,0.0002746684062554,0.0694481375020512,0.3288349496675306,181,0.7153201644203472
B0034,2255,1.3089076351731337,1.441090429097293,9910.776047826945,0.1020406626680655,2.0,34.73490180322443,0.0002784820349852,0.2240679300049697,1.5899559298675432,182,0.719059120253901
B0034,2257,1.2722519696513912,1.4201947516925095,9928.7803760427,0.0,2.0,34.669682890111744,0.0002779975526432,0.1931571467850765,1.4464434324405548,183,0.6989220304439703
B0034,2259,1.276011534360331,1.4088988632635675,9911.25583385766,0.019743230117798,2.0,34.2098965827891,0.0002822763127739,0.3711800211882051,2.8194812154544597,184,0.7009873780815753
B0034,2261,1.2605053003103004,1.410489028932618,9843.219409072746,0.0,2.0,34.56118295402688,0.0002852954703156,1.573290991040672,14.252459743190224,185,0.6924689015177257
B0034,2263,1.2660681251347117,1.399452977156544,9864.75826238617,0.0088395972765798,2.0,33.367272508429906,0.0002818315374967,1.0205784020559965,9.459294245173792,186,0.6955248848559531
B0034,2267,1.265829016865281,1.398655861317674,9855.10661353522,0.0200425031461812,2.0,33.78820480187471,0.0002862521343472,0.3138143208789514,2.1432225625031847,187,0.6953935287715037
B0034,2269,1.2655873898206993,1.4053632218308223,9790.411401028025,0.0002141335830464,2.0,34.22376448756755,0.0002881506339069,25.834007995757183,244.45334526987497,188,0.6952607889773138
B0034,2271,1.2663598323027554,1.4165606083013258,9707.588728359484,0.0663258570777818,2.0,34.912932272001505,0.0002881093847291,0.6372807648646889,5.744786162648025,189,0.6956851365757756
B0034,2273,1.2868479432728903,1.4197256172194028,9693.225645854942,0.0342042589049363,2.0,34.69464204275679,0.0002859493172821,0.5628334754434696,4.893875059381319,190,0.7069404479926891
B0034,2275,1.270026164613209,1.4036897536905255,9722.954541862751,0.0267325092457914,2.0,34.363983713678294,0.0002875747316527,0.8833398793095263,6.641133036636196,191,0.6976992662323456
B0034,2279,1.34598253292492,1.444990798776168,9850.22599587183,0.2755708403587636,2.0,33.20439192010345,0.0002674179507434,0.1311059283528432,0.8353256601845064,192,0.7394265187200093
B0034,2281,1.3286875315413778,1.4364920119687856,9844.556337396129,0.0342042589049363,2.0,33.47620765375372,0.0002722964124919,0.2083296263954236,2.131087392711169,193,0.7299253681839023
B0034,2283,1.31203071983408,1.4191575557324645,9740.71211180529,0.0099603582416558,2.0,33.86991344584533,0.0002779839611377,0.3036490204951871,2.5453193576633497,194,0.7207748123687854
B0034,2285,1.295125492961198,1.4299676743264638,9625.652236328388,0.0598501789150287,2.0,33.91746232427596,0.0002830814111053,0.1551385990146396,1.057983036682016,195,0.7114877876496583
B0034,2287,1.2802601605963335,1.4046580478184298,9597.665113052408,0.080509967284209,2.0,34.70508345354876,0.0002886246099391,0.0906750752543404,0.4545459839276293,196,0.7033213956710925
B0036,3792,2.444062432078656,2.443930024106617,16012.623423221125,34.491117630207015,2.0,11.518229527907163,-0.0002452734135904,-0.0212883387110701,0.2660667133721225,1,1.0
B0036,3796,1.6913403148932205,1.6914069943377368,10613.886943269936,0.0242860703202228,2.0,11.819852512475894,-0.0002272091317021,-0.0002315774437243,0.0005088978617186,2,0.6920200943699907
B0036,3798,1.6802787096613283,1.683169796265123,10532.375798088007,0.0003133566901466,2.0,11.775748870583516,-0.0002297586078566,-0.0002424530830807,0.0005265535096094,3,0.6874941849305642
B0036,3800,1.673147301023026,1.676146720151959,10485.111751141609,0.000160999891149,2.0,12.130271232635543,-0.0002294311043898,-0.0002441967719875,0.0005369935218432,4,0.6845763344924161
B0036,3802,1.6704292090032429,1.6739841619242128,10465.384639877062,0.0,2.0,12.169867822418423,-0.0002299892887824,-0.0002287489081419,0.0004998365157385,5,0.6834642139573153
B0036,3804,1.6659903350115992,1.6660334540568602,10441.29926273378,0.0242860703202228,2.0,11.914143415160648,-0.0002303389018722,-0.0001901864987084,0.0006481052249428,6,0.6816480271310775
B0036,3808,1.664241575272447,1.660172508348562,10422.853139176554,0.0242860703202228,2.0,12.272082452416749,-0.0002298016253902,-0.0002794055310157,0.0009821511113908,7,0.6809325136007358
B0036,3810,1.6668450767774965,1.6669985528528166,10435.10361723508,0.0947136930995144,2.0,12.327824769825202,-0.000233316898797,-0.0002749820297584,0.0006355824549125,8,0.6819977488708656
B0036,3812,1.6594501560667536,1.6552814952790285,10390.196457493015,0.0242860703202228,2.0,12.289509489840906,-0.0002303193042732,-0.1534934964047337,1.5815676986977176,9,0.6789720811900063
B0036,3814,1.662412523067319,1.6656030331263427,10401.215160456535,0.0008025122936083,2.0,12.42497611815757,-0.0002360649393522,-0.0002559871448754,0.0005561887328969,10,0.680184148018449
B0036,3816,1.66035260832257,1.660000570819452,10383.942373274404,0.0242860703202228,2.0,12.437683816620378,-0.0002367849433772,-0.0002576523708918,0.0005383543866819,11,0.6793413239081838
B0036,3820,1.6610231379633236,1.6611490525843655,10394.13153931571,0.0417248763084244,2.0,12.454437731649254,-0.000233850142761,-0.0003041920375226,0.0008659478108784,12,0.6796156743633739
B0036,3822,1.6575187557321611,1.6577786704352946,10373.702926770511,0.0417112150050908,2.0,12.354687709653842,-0.0002351517440264,-0.0002007713090208,0.0006257623237517,13,0.678181839374068
B0036,3824,1.6507877959674548,1.6511952988520116,10334.11219915888,0.0576379284722164,2.0,12.37660054267834,-0.0002337857988015,-0.0001611501907719,0.0008808868467197,14,0.675427834535091
B0036,3826,1.653257006211014,1.6533130900463235,10338.374035314526,0.0376452075383855,2.0,12.50292224735312,-0.0002372627272615,-0.0002082593766856,0.0006068998749608,15,0.6764381238841479
B0036,3828,1.6494214846772686,1.6495704926020631,10316.94527829786,0.0459123829790197,2.0,12.42506625833732,-0.0002363980577725,-0.0002457720093871,0.0005025435019154,16,0.6748688016428649
B0036,3832,1.6678591915666705,1.663717563130701,10448.00224384256,0.0062071063532513,2.0,12.86869988354033,-0.000232898900245,-0.0002640345660559,0.0009835208237157,17,0.6824126788562308
B0036,3834,1.670862764324967,1.6706629623288023,10486.37333244434,0.0931543706080457,2.0,11.983885466219236,-0.0002341999911822,-0.0003279406493879,0.0009794588175279,18,0.6836416052203343
B0036,3836,1.6658118164053368,1.6692789168268027,10439.279401923526,0.1019941099636478,2.0,11.905743118489024,-0.0002353804705517,-0.0002981582989832,0.000757808927515,19,0.6815749853773485
B0036,3838,1.6532998517617,1.6531995944297992,10345.818190667162,0.0102691195486261,2.0,12.025010748145622,-0.0002367018758998,-0.0002474507791021,0.0005072866970714,20,0.6764556543490509
B0036,3840,1.6468787023528522,1.6466251545066972,10301.47670682698,0.0734022920608077,2.0,12.428585415307474,-0.000238033213783,-0.0002492521208017,0.000522169356798,21,0.6738284099200341
B0036,3844,1.6718953249703756,1.6718985458277549,10471.167225881443,0.0245060661555117,2.0,12.46363415721326,-0.0002281206286878,-0.0001970351684117,0.0005969265939959,22,0.6840640824172571
B0036,3848,1.6807743463585727,1.6811290924796751,10546.985085218934,0.0242860703202228,2.0,12.372434530739572,-0.0002276428608007,-0.0003270426433152,0.0011042346683506,23,0.6876969770895284
B0036,3850,1.6737717086703074,1.6737684529786627,10480.611179813632,0.0496576227282748,2.0,11.941409116722042,-0.0002350526610073,-0.0002529191540318,0.0005261070720027,24,0.6848318139102435
B0036,3852,1.6605773762487392,1.6610075218337763,10400.425060568134,0.0824510974941452,2.0,12.229378394150718,-0.0002335947341915,-0.000383066008336,0.0017471508886733,25,0.6794332887955039
B0036,3854,1.655987781146086,1.6560746454322175,10354.2492379975,0.0,2.0,12.212201016162163,-0.0002370301466501,-0.0002195416175597,0.0004539664904776,26,0.6775554336955628
B0036,3856,1.646862318389844,1.646565740713294,10294.196224700452,0.0242860703202228,2.0,12.023792845552272,-0.0002391844229397,-0.0002231664258853,0.0005121826787693,27,0.6738217063420923
B0036,3860,1.6574621175432849,1.6608315926473445,10386.97314235966,5.020883021051451e-05,2.0,11.870887183745287,-0.0002342959914614,-0.0002459525829171,0.0005251166803634,28,0.6781586655843428
B0036,3862,1.6603991175216894,1.6604103623580029,10414.384327796955,0.0994722317494093,2.0,11.73690308954754,-0.0002348146407901,-0.0002514643619434,0.0005166915333245,29,0.6793603533726154
B0036,3864,1.6460789092837111,1.6464883887663515,10312.808817418789,0.0242860703202228,2.0,11.517896180368105,-0.0002373131252065,-0.0002632644644704,0.0005632081391691,30,0.6735011707060747
B0036,3866,1.6408366462659327,1.6443786639281277,10255.103308596892,0.1428331532854194,2.0,11.758977960608496,-0.0002406988395344,-0.0002976935464861,0.0009216822971575,31,0.67135627336263
B0036,3868,1.63444089202816,1.63410099172208,10214.095581757718,0.0242860703202228,2.0,11.92707068306258,-0.0002421697284415,-0.0002400287685112,0.0004952317537464,32,0.6687394194910482
B0036,3872,1.6374039186504212,1.6335596846974851,10240.63307603406,0.0013116547117201,2.0,12.356998961267934,-0.0002377442201157,-0.0002582097364382,0.0009452314773807,33,0.6699517562069075
B0036,3874,1.64738207540524,1.64687664959349,10313.266724803929,0.3288841749550539,2.0,11.957788119209294,-0.0002427485945188,-0.0001986002679544,0.0007981641701034,34,0.6740343674462335
B0036,3876,1.6545646441622357,1.6547683977678809,10374.13680713426,0.0,2.0,12.222070015054497,-0.0002370369388654,-0.0002402376316961,0.0005103105893798,35,0.676973150295118
B0036,3878,1.640896560729935,1.6371355820850029,10271.708535645856,0.0198417400893021,2.0,11.908248174305786,-0.0002440225081789,-0.0002631801084203,0.0006135346213987,36,0.671380787656216
B0036,3880,1.6265229979339637,1.629975035645059,10172.160331663274,8.389429705183657e-05,2.0,12.298755506160171,-0.0002402717940391,-0.0002504263240486,0.0005251727062344,37,0.6654997747134547
B0036,3884,1.6217349144630455,1.6216245091452817,10130.432096124536,0.0397736926491571,2.0,12.496413764018278,-0.0002411879089484,-0.0002559809453421,0.000515600590745,38,0.6635407071347897
B0036,3886,1.6248200059639546,1.624788199891451,10140.534082981132,0.4236315358297272,2.0,12.50335174257946,-0.0002451124348539,-0.0002016151367929,0.000680393259122,39,0.6648029872878729
B0036,3888,1.61880119736137,1.6225632915958883,10110.133174196591,4.1615318654446383e-05,2.0,12.415344426204406,-0.000243009758186,-0.0002374563974347,0.0004948344485493,40,0.6623403625514559
B0036,3890,1.6137350490334217,1.616782545815581,10080.596725663248,0.0002103701991257,2.0,12.504332465723063,-0.0002427893885985,-0.0002517800138892,0.0005243627085306,41,0.6602675233876708
B0036,3892,1.612012823654141,1.6119410025465943,10059.074188847017,0.0242860703202228,2.0,12.574930035749894,-0.0002447233766237,-0.2230671154236345,2.200312430206428,42,0.6595628665193861
B0036,3896,1.6671032556887178,1.667054318016373,10464.67607897618,0.0069914102736253,2.0,12.702975580909747,-0.0002226732161776,-0.0001307981149887,0.0011075456020996,43,0.6821033840247932
B0036,3900,1.6850133383886254,1.6854154705685578,10596.718563264963,0.0027930357294741,2.0,11.443335034985315,-0.000227261161542,-0.0002276127036421,0.0005081720235893,44,0.6894313812415728
B0036,3902,1.6786654987614698,1.678580946001848,10540.474467532633,0.0790643627689534,2.0,11.737309259696666,-0.0002306435147049,-0.0001966469044517,0.0006959684728531,45,0.6868341318653541
B0036,3904,1.6729763502191373,1.6731181799430388,10488.65514687144,0.0446812554922665,2.0,12.02173724267475,-0.0002328937250316,-0.0002705337932168,0.0005864643069915,46,0.6845063891417389
B0036,3906,1.666489034299654,1.666394904577718,10448.215750082503,0.0242860703202228,2.0,12.075037604598071,-0.0002319919887516,-0.0004480231280371,0.0021277847843374,47,0.6818520723639281
B0036,3908,1.6698420840710908,1.665619632341248,10474.525242617718,0.0,2.0,12.533839302532671,-0.0002323437172241,-0.0002679788322132,0.000729347464641,48,0.6832239889432379
B0036,3912,1.6746744228027035,1.677871478193404,10512.875651861948,0.140453808428855,2.0,12.082658314048054,-0.000229491866721,-0.0003118561850899,0.0009286965101462,49,0.685201163776494
B0036,3914,1.6665045335145643,1.6698832292332004,10446.989996537624,0.1414074356107509,2.0,11.53659737026718,-0.0002338643363626,-0.000318887668277,0.0009403384004138,50,0.6818584139428939
B0036,3916,1.652222084834727,1.6521116492620411,10348.98521906541,0.0124029199440727,2.0,12.059378537301368,-0.0002332535912366,-0.0002622608135732,0.0005567818540036,51,0.6760146807827347
B0036,3918,1.6462718275099526,1.6462157186021933,10306.131789212654,0.387317923462403,2.0,12.389166035409351,-0.0002334494526659,-0.0002254594750505,0.0004513046481463,52,0.6735801041341695
B0036,3920,1.642399234692521,1.6418951532468484,10287.370040301075,0.0005285643119782,2.0,12.561090968794442,-0.0002336962241609,-0.000235385216101,0.0005288019723742,53,0.6719956139973369
B0036,3924,1.651178607099992,1.6548781299087023,10343.22491735302,0.0001137569424464,2.0,12.475859190636308,-0.0002340090382026,-0.0002543535829031,0.0005505768488461,54,0.6755877368057565
B0036,3926,1.6481683120281931,1.6352619489507865,10336.934546532715,0.0092618007719355,2.0,12.163718020261598,-0.0002314152127732,-0.0003251449057368,0.0017964985230255,55,0.674356059974474
B0036,3928,1.6478887725428395,1.6514148433777254,10324.868861147796,8.494144773613164e-05,2.0,11.72029996748556,-0.0002365502481492,-0.0002356143969197,0.0004960180967778,56,0.6742416850380221
B0036,3930,1.635843650915682,1.635997769806634,10235.551121133323,0.0242860703202228,2.0,12.297669888462856,-0.0002377688022438,-0.0002805743970513,0.0006329021502091,57,0.6693133650945281
B0036,3932,1.6332362811945516,1.6334930100812046,10207.233592499928,0.2578309234162744,2.0,12.53602080979732,-0.0002406936012099,-0.00027738811855,0.0005916221234158,58,0.6682465471250244
B0036,3936,1.629926467682987,1.625543298502197,10179.628045423462,0.0588850339493188,2.0,12.397546687796527,-0.0002405455674095,-0.0003235704883085,0.0010400120615115,59,0.6668923208711764
B0036,3938,1.6387862629287224,1.6387628081662156,10257.714691132322,0.0242860703202228,2.0,12.608587771690368,-0.0002413574095638,-0.0001991267402337,0.0008207093392912,60,0.6705173490739954
B0036,3940,1.6359654863840771,1.631827967213597,10251.708002291543,0.0575918347795997,2.0,12.238391880563189,-0.0002372869871647,-0.0005648774252069,0.0029488734881805,61,0.6693632146674343
B0036,3942,1.631137043967566,1.6310831663156091,10206.46047671764,0.0953057398888009,2.0,12.122618318518366,-0.000241480234811,-0.0003036021084084,0.000754739143922,62,0.6673876340304027
B0036,3944,1.6220189720888465,1.6219487182866663,10133.462622617082,0.0,2.0,12.479987094620393,-0.0002436044460044,-0.0002462920044042,0.0005147381500225,63,0.6636569306903228
B0036,3948,1.6416044978422155,1.6412681221408436,10277.940632391916,0.0737954170005507,2.0,12.203608954030628,-0.0002365442152378,-0.0002466133475588,0.0005094710881132,64,0.6716704435598413
B0036,3952,1.6253090231457803,1.6207606616406989,10161.415083920318,0.0027685221583489,2.0,12.449715433662696,-0.0002395772765455,-0.0002842401648847,0.0009629385570603,65,0.6650030710399929
B0036,3954,1.6196134522239485,1.6195331435221538,10117.39742742886,0.0,2.0,12.610054802935288,-0.0002424397609448,-0.000243386140226,0.0005033207056597,66,0.6626727005686511
B0036,3956,1.6124236174774371,1.6121309713429102,10074.637277702266,0.0242860703202228,2.0,12.583437874891,-0.0002419982766372,-0.000267316312461,0.0005512960276529,67,0.6597309448049097
B0036,3958,1.6077701029913394,1.608004490071664,10045.319820702676,0.0488846441429076,2.0,12.558344338238424,-0.0002430242624234,-0.0003392759349501,0.0010640978274251,68,0.6578269367791654
B0036,3960,1.6088077531981582,1.6043153997627293,10049.62899510746,0.024066074484934,2.0,12.613495365710817,-0.0002406024411533,-0.0009408070611882,0.0067967888406963,69,0.658251496394828
B0036,3964,1.6083556258734268,1.599783942623478,10034.974854723589,0.0100370770134739,2.0,12.795026114080477,-0.000246080851981,-0.0003123320147382,0.0014075064857629,70,0.6580665063066875
B0036,3966,1.606820251901154,1.606957866008337,10023.584542068318,0.0033652774031367,2.0,12.778378201635212,-0.000248267260451,-0.0002929077862803,0.0006431748494126,71,0.6574383005979786
B0036,3968,1.601770977206713,1.6017577076233762,9996.197365114658,0.0262313829159962,2.0,12.78057086742465,-0.0002440897960159,-0.0001788421670882,0.0004948700336402,72,0.6553723653631954
B0036,3970,1.594911734692208,1.5948345155911974,9952.5430064561,0.0198289620110348,2.0,12.421970795122334,-0.0002474934953749,-0.0002485038311603,0.0004889223846701,73,0.6525658730148509
B0036,3972,1.5938139125387372,1.593876897513465,9941.46555879634,0.0,2.0,12.69708509539247,-0.0002496959463827,-0.0002468982120322,0.0005001024721512,74,0.6521166937553272
B0036,3976,1.5920273129504596,1.5923149053997572,9933.564453404671,0.0569236541984593,2.0,12.739096345739677,-0.0002476158686731,-0.0003476449079784,0.0011118375055579,75,0.6513856978671583
B0036,3978,1.5847361549778751,1.580367911992711,9880.964977645212,0.0242860703202228,2.0,12.811292053395244,-0.0002498537098659,-0.0003025822565155,0.0010007104978142,76,0.6484024852139597
B0036,3980,1.5763429363936798,1.576291414800895,9831.599005999991,0.0330272207065569,2.0,12.748611432714334,-0.0002492455866141,-0.0001416770477093,0.0009091958699578,77,0.644968359115529
B0036,3982,1.5720229174642286,1.5721456369920168,9804.282187463908,0.0120543744911045,2.0,12.770360309741385,-0.0002508543672093,-0.0002767141653919,0.0005674200294393,78,0.6432008024145419
B0036,3984,1.5729874285512353,1.573072004084197,9806.361361093162,0.0,2.0,12.981654803855626,-0.0002546259022377,-0.0002588161667774,0.000528926021994,79,0.6435954368045426
B0036,3988,1.596985400389019,1.600944047729295,9996.13866521489,0.0002919518506596,2.0,12.040843466870715,-0.0002464602654559,-0.0002572904177231,0.0005269060204247,80,0.6534143233938567
B0036,3990,1.595726023703856,1.5960039151867638,9976.578018285103,0.0454660868342471,2.0,12.484183900513354,-0.0002513272935775,-0.0002343210552004,0.0005499045007855,81,0.6528990433140054
B0036,3992,1.579500338340559,1.5787742201024593,9861.18439495482,0.0004376254994466,2.0,12.24680776098218,-0.0002532357162503,-0.0002937063795733,0.0007751684121553,82,0.6462602254383519
B0036,3994,1.5629469877520186,1.5722855545357692,9749.83873181305,0.0242860703202228,2.0,12.611721849357156,-0.0002529334130063,-0.0002685084141526,0.0005783375983726,83,0.6394873417463172
B0036,3996,1.5591129431541175,1.554726283188416,9721.73394792349,0.0701706743563353,2.0,12.688535687320927,-0.0002549308469467,-0.000330973636109,0.0010389683215175,84,0.6379186238004992
B0038,2323,1.7419245088095905,1.7983382514055186,23010.774614661223,0.0144139190566866,2.0,20.491859570898107,-0.0001213407215417,0.0522895191501115,0.9365004478669916,1,0.9750808159243568
B0038,2327,1.779741859708433,1.8632659068119195,23749.084596261346,0.0,2.0,3.849419578077821,-0.0001233299709906,0.1170332040047895,1.4503459718469078,2,0.99624991549443
B0038,2329,1.7815666306452766,1.847595498500498,23755.2697542631,0.0001273904481952,2.0,3.810384737678987,-0.0001226868849683,0.0209545083537886,0.195646093362355,3,0.9972713714329474
B0038,2331,1.7834859577156017,1.8715368060048216,23749.03990146176,0.0941782117046953,2.0,3.8540029667713327,-0.0001223284396008,0.0527922810317146,0.7660469689393301,4,0.9983457572609746
B0038,2333,1.7864411650415677,1.8524556899511373,23728.60812062013,0.0002885981440914,2.0,3.754303479439457,-0.0001206709279195,0.0383644424737339,0.4678326630868841,5,1.0
B0038,2335,1.7859997608067948,1.8999386914805965,23762.71692217215,138.33022910091898,2.0,3.806779308240024,-0.0001205755789635,0.0776298308480385,1.3728103858413503,6,0.9997529142053986
B0038,2339,1.7769523773001608,1.840350933730672,23334.60665064206,80.14628970382715,2.0,3.9255671995982055,-0.0001132035997427,-0.0061507561774432,0.1030554036508558,7,0.9946884409477956
B0038,2343,1.781428917321899,1.8250328159968523,23700.75354460795,6.109296256124125e-05,2.0,3.816170544362997,-0.0001209168493904,0.0262870074907078,0.3130777077727351,8,0.9971942833507466
B0038,2345,1.7859452772697195,1.841462131460248,23740.55054682384,0.0105085389890763,2.0,3.6603841800723984,-0.000120358163613,0.2932832362049281,5.042124478378369,9,0.9997224158390704
B0038,2347,1.785208429691551,1.8491313220832035,23740.495161886796,0.0380229662514654,2.0,3.681800268915147,-0.0001198850206529,0.0115799845472362,0.1164792906588574,10,0.9993099490908852
B0038,2349,1.783596609584544,1.8153927065756907,23719.133655797297,0.158836731890164,2.0,3.701712936213888,-0.0001197537109952,0.2118854585762757,3.499149318981175,11,0.9984076970948228
B0038,2351,1.7796783152744713,1.860769374795882,23663.273526691635,0.0,2.0,3.7491264887308375,-0.0001208496831874,0.065108419905586,0.9117611343320894,12,0.9962143450904306
B0038,2355,1.7841102592788645,1.8370422412477665,23677.65398453521,0.0416684662008689,2.0,3.681792198765933,-0.0001178290718006,0.032326561787873,0.4391027566515406,13,0.9986952238851656
B0038,2357,1.7833032331592191,1.8308955350586105,23693.967127726577,0.0001631880466183,2.0,3.704375297184299,-0.0001195738897546,0.0745793278635983,1.1525422757065802,14,0.998243473144398
B0038,2359,1.7796186141356956,1.838136384096534,23645.28711934349,0.0003929463859465,2.0,3.6920825126941352,-0.0001196036228056,0.0679714497667591,0.9865377001199184,15,0.9961809260560152
B0038,2361,1.7816592334352586,1.832424398860172,23647.77477186775,0.1146535825240189,2.0,3.659293675772609,-0.0001186398873466,0.0256290589408515,0.262376530774425,16,0.9973232078951798
B0038,2363,1.7775911304124037,1.8463281663694624,23623.637385376853,0.1482897027042102,2.0,3.746380969747527,-0.0001197032042326,0.0802044724377905,1.1783484782274414,17,0.9950459971465346
B0038,2367,1.777701881971679,1.8487793113579176,23594.96143358134,0.0453139661502724,2.0,3.72227339107156,-0.0001189113846746,0.0499300136744311,0.7522192090502238,18,0.9951079927842542
B0038,2369,1.7789547618270618,1.8593509225662688,23639.95473145145,0.008803920260667,2.0,3.806489846897996,-0.0001209145546465,0.0289521835344281,0.3785718972625274,19,0.9958093200263152
B0038,2371,1.7807753731135043,1.837581690839005,23649.4098304768,0.0416684662008689,2.0,3.7155043654621593,-0.0001194479801748,0.0369683069907164,0.5108342758623793,20,0.9968284475084116
B0038,2373,1.778415319026661,1.819539049737308,23612.976088584062,0.1112061714029594,2.0,3.725633942921405,-0.0001199519474843,0.0261471558088506,0.3458645123733392,21,0.9955073549736972
B0038,2375,1.7789773899108463,1.805392858509467,23593.49115555144,23.71077834139712,2.0,3.682059107838583,-0.0001188511995087,0.0059145463458002,0.1796890146181372,22,0.995821986597276
B0038,2379,1.7792479347236043,1.8120388161935963,23570.042899154952,0.0,2.0,3.763151659500373,-0.000118100964983,0.0299631688168933,0.3754344974642638,23,0.9959734300469972
B0038,2381,1.777920457368508,1.844458212676172,23584.274431485635,0.096785697057123,2.0,3.759729601951122,-0.0001196984290357,1.136850502698458,19.15746331239344,24,0.99523034520263
B0038,2383,1.779227040224144,1.866616131353665,23569.648759053223,0.0416684662008689,2.0,3.70839920351537,-0.0001189912554956,0.0960255289766535,1.1426920733021213,25,0.9959617338882492
B0038,2385,1.7760634320079352,1.8247750120780888,23559.262139281414,0.035610758222071,2.0,3.7390594046978407,-0.0001197734947352,0.029946256193412,0.3808115209667236,26,0.994190834136208
B0038,2387,1.775103937963957,1.84268722566955,23552.41961507636,0.0,2.0,3.688599834909113,-0.0001189787089768,0.106875258824431,1.446353220387915,27,0.9936537360986378
B0038,2391,1.733064100138742,1.7624047302729444,10908.814939741553,0.0001736902537254,2.0,9.098719332451177,-0.0002387975947563,-0.0003273525525803,0.0009742012606204,28,0.970121005971342
B0038,2395,1.7394892806215223,1.7619907120867888,10939.491190890743,0.0467779758898701,2.0,9.270237944376596,-0.0002431133335425,-0.0002248012637737,0.0022990071832034,29,0.973717643021872
B0038,2397,1.7378064360392924,1.7639636683020474,10934.633479235028,0.0561098588563854,2.0,9.241518456157507,-0.0002480764817298,-0.0004043391398295,0.0012145538914,30,0.9727756335030806
B0038,2399,1.730028145799833,1.7594406520385992,10883.824101826149,6.29948958692e-06,2.0,9.231006421061656,-0.0002439206640589,-0.0003403124577898,0.0010453228238296,31,0.9684215633038092
B0038,2401,1.7290404566542985,1.758549383855323,10875.837540532191,0.0001795699168863,2.0,9.318206340675232,-0.0002453785257249,-0.000347702255893,0.0010886592753337,32,0.9678686824338076
B0038,2403,1.7286072907068817,1.7482595859357175,10839.200068622897,0.1164347740700765,2.0,9.158774414217518,-0.0002409413976019,-0.0002113295514399,0.0014477714671063,33,0.9676262082029776
B0038,2407,1.52573884649634,1.6511497550891825,4530.254955124899,0.1631122309848147,2.0,23.914330528879816,-0.0005596286831718,-0.0004701367350155,0.0016475092113404,34,0.8540661043605309
B0038,2411,1.5301475534434217,1.6496961279586344,4514.583995742119,2.0151728566872604,2.0,24.46636712118213,-0.0005620521742291,-0.0005468941574019,0.0022810161621193,35,0.8565339756978885
B0039,1141,1.7461791006389626,1.7973645198644412,23251.53074712469,0.0341354598856406,2.0,18.242023999648875,-0.0001125189651101,-0.000265319761474,0.0006578299355337,1,0.9856661327194288
B0039,1145,1.7695250734505363,1.8058362008228752,23963.10397431975,0.051846221593445,2.0,3.152909074610505,-0.0001203471319376,0.0191791864394046,0.2432934800700452,2,0.9988442395512748
B0039,1147,1.7715391419501945,1.8396919240074272,23971.24496364878,63.77182746434903,2.0,3.0446962556676382,-0.0001188446318833,0.0185066787642603,0.2532451936141054,3,0.9999811212768454
B0039,1149,1.770625483958279,1.8185125900044263,23962.263579480143,0.0223635797908627,2.0,3.036788136635998,-0.0001196311975157,0.0236696252144704,0.2395812297760433,4,0.9994653885325984
B0039,1151,1.7704040639447296,1.8421223393333888,23938.6607541763,0.0185479129845112,2.0,3.1159090800630054,-0.0001188314756,0.060006636322366,0.7294032211262158,5,0.999340403524828
B0039,1153,1.769508178880176,1.828120555571492,23960.43610191022,0.0019020400059294,2.0,3.156051436908342,-0.0001197478480123,0.0268996791589606,0.3286621506155634,6,0.9988347030691206
B0039,1157,1.7638356274269416,1.8059049291875744,23533.41309556047,14.348135426110607,2.0,3.1736662375506555,-0.0001118002479673,0.2268557700358586,4.399606812324237,7,0.9956327165996252
B0039,1161,1.7715725869786123,1.812129507276534,23921.78071046158,0.0131765540017751,2.0,3.0253619490817343,-0.0001185739941812,0.0249455984352121,0.2738685045680307,8,1.0
B0039,1163,1.7701196454489685,1.8364280713788137,23947.071888641505,0.0,2.0,3.0268774272396897,-0.0001191792197141,0.0559313440830431,0.6983709309185872,9,0.9991798577488028
B0039,1165,1.766756975286052,1.8201835733666685,23936.917518253253,0.0868950595387931,2.0,3.0520502007834054,-0.0001193611337943,0.0411121309843371,0.4986709124502923,10,0.9972817305212578
B0039,1167,1.7648743629092642,1.7950871683727376,23918.30714153571,0.524832990201991,2.0,3.0819841810787807,-0.0001195088161022,0.0192350935675129,0.1600083735910342,11,0.9962190518646646
B0039,1169,1.763838685943225,1.7986767526380745,23879.18446571639,0.2263712610893023,2.0,3.100120189551916,-0.0001189354947324,0.2206321834143823,3.239381628212324,12,0.99563444304104
B0039,1173,1.7657225752056789,1.8364984728481144,23860.252364108183,0.2730088085241204,2.0,3.0991567507089077,-0.0001186477567437,0.0094462580664481,0.0997931990584637,13,0.9966978424615892
B0039,1175,1.7645632809383045,1.800410354753078,23887.15385957741,0.2342323643323151,2.0,3.081581126542368,-0.0001194160827182,0.0856408724663193,1.2979796065499247,14,0.9960434553504454
B0039,1177,1.7608991948479125,1.8421654464127897,23843.27635841209,0.0,2.0,3.0696210753879853,-0.000120036944142,0.3378128728973426,5.139186375890017,15,0.9939751878025482
B0039,1179,1.7598362095817717,1.8063005787118027,23833.929063865504,23.48739824928328,2.0,3.1894453552118947,-0.0001200323323816,0.035885358540222,0.4628626269397229,16,0.9933751642562628
B0039,1181,1.7590955400143164,1.8216487470922595,23822.900447466855,0.0242355648731678,2.0,3.082374267882436,-0.0001194231849767,0.070469874918334,0.8259779970684006,17,0.992957078329161
B0039,1185,1.7560495443976525,1.8208002108702648,23786.730808291955,0.0103626923866425,2.0,3.1448844334090538,-0.0001193446948973,0.0395298800210979,0.4733937703738037,18,0.9912377044581424
B0039,1187,1.7571677199949287,1.7920266989985325,23838.265927282067,0.0008469811531099,2.0,3.1622162771240028,-0.000120288266017,0.0263588897993423,0.2571994616526418,19,0.9918688813037853
B0039,1189,1.7558911269459976,1.800029211260405,23822.17314988073,223.2872671455973,2.0,3.080836320449194,-0.0001205992113887,0.0103019210254839,0.3244058006781207,20,0.991148282521486
B0039,1191,1.7533419072229914,1.79890722822475,23785.889616127788,0.0,2.0,3.2186949381828995,-0.0001213430085146,0.0290494611539275,0.2612567138336703,21,0.9897093238574476
B0039,1193,1.7506673845335168,1.8389223767032763,23756.31980404445,0.1341490121763717,2.0,3.1036053075166805,-0.000121216179168,0.026528049218521,0.2197565848504798,22,0.9881996353980904
B0039,1197,1.7510006664162403,1.7919008776691845,23732.25760411233,0.0,2.0,3.159934239227724,-0.0001199980658917,0.0354407986322896,0.4263445711376152,23,0.9883877631017892
B0039,1199,1.7496058853847871,1.8085517300693876,23754.12452936251,0.1109215829787531,2.0,3.183870384527168,-0.0001211153265442,0.0805202768502224,1.201309630716965,24,0.987600450720854
B0039,1201,1.7477359172183355,1.8005820810954196,23723.835546386425,0.1706585713673636,2.0,3.213282497977509,-0.0001219484705262,0.1797729567191289,2.368414829795616,25,0.98654490934468
B0039,1203,1.7444225468099093,1.800218625885163,23711.20447501553,0.2208562883269175,2.0,3.197797781403345,-0.0001231192902033,0.0415349813807481,0.4102755713717401,26,0.9846746103612908
B0039,1205,1.743308366083936,1.8138755338526764,23709.45818436033,0.523793769913463,2.0,3.126026885457634,-0.0001220642715559,0.0403113765740543,0.3935681228060271,27,0.9840456885016038
B0039,1209,1.6556691733888471,1.6683857821621375,11012.303322813506,0.0,2.0,7.754692073124239,-0.0002424483270537,0.1006811748359804,0.7814380998576506,28,0.9345759725332866
B0039,1213,1.64297669457593,1.6589364585442834,11053.80805973554,0.2256410865182276,2.0,7.878216412225413,-0.0002408486309531,0.9316390419114792,5.973559519762621,29,0.92741144599556
B0039,1215,1.6343822729361266,1.653037159604566,11037.695593264729,4.749529393091838e-06,2.0,7.8219724864610995,-0.0002427597348772,0.1809727579030702,1.03993668673867,30,0.9225601507661272
B0039,1217,1.62650670621656,1.6392631313583297,10987.504186086817,0.0341354598856406,2.0,7.903909452105658,-0.0002440267996592,0.0867790875968376,0.5927707467734729,31,0.9181146277446866
B0039,1219,1.618865991735961,1.634883239035431,10981.612270506566,0.245229835757418,2.0,7.931837778895542,-0.0002427330611437,0.8507811713899917,7.382080362693939,32,0.9138016718224964
B0039,1221,1.6114968339209264,1.6273629364038364,10934.106406918709,0.0080598780844713,2.0,7.764695488871958,-0.0002437470972649,0.4770899246412949,3.5308003364507576,33,0.9096420015559776
B0039,1225,1.3240805773461226,1.3499327777219656,4792.780072427113,0.0,2.0,18.75485827094284,-0.0001369120876209,0.3334886525813191,2.270061630590537,34,0.7474040787706702
B0039,1229,1.3153386221697692,1.374082068331754,4814.2782436644575,483.71250078790814,2.0,18.931606867457127,-0.0001437819173545,0.4758014281966642,3.656238663921645,35,0.7424695052507317
B0040,1263,1.7075144448533202,1.753345631416033,23098.34849524442,0.0,2.0,16.983164093464055,-0.0001165337037403,0.0122873229693952,0.098311973760225,1,0.9846521310866772
B0040,1267,1.730880859428193,1.7730975760743968,23799.96887225276,0.0042389016184303,2.0,2.442757019191319,-0.0001207332462278,0.0261010331398738,0.1749687599206949,2,0.998126564627402
B0040,1269,1.7328212845233328,1.7614868337910856,23780.20839998273,80.90423522996426,2.0,2.431969524585199,-0.000121487675471,0.0080430125161546,0.2058881078736294,3,0.999245526584592
B0040,1271,1.7317734323431513,1.7789415301422782,23782.359733622383,0.0183017808916409,2.0,2.4356758707761443,-0.0001207159632119,0.0164259379966264,0.1124206075462159,4,0.9986412740786238
B0040,1273,1.7341296392350067,1.7769668422891098,23735.611827975797,0.0597908213832948,2.0,2.496532419008915,-0.000121524472691,0.0820985411182999,0.7552550214103185,5,1.0
B0040,1275,1.7334756929990074,1.807744994368308,23767.748225757525,0.0299293077988552,2.0,2.451166717025501,-0.0001208872675731,0.0493338485994139,0.427948814591874,6,0.9996228965694354
B0040,1279,1.7243057179457877,1.7817390449539443,23317.355657313383,0.0,2.0,2.5501612436621244,-0.0001165565037011,0.0259547675174856,0.2453757690497824,7,0.9943349556648182
B0040,1283,1.7318975861687205,1.7538781231978595,23722.44943168128,0.0003046709831896,2.0,2.430783230686359,-0.0001194252670042,0.0180205153595811,0.1289958041203755,8,0.9987128683947348
B0040,1285,1.7333691208377455,1.7701481157830767,23739.23627464329,1.4892352673366568e-05,2.0,2.431577859003106,-0.0001207027922327,0.1475298635828277,2.413581386888505,9,0.9995614408634428
B0040,1287,1.732175650153278,1.7905209458308418,23729.60191316547,0.0274628754333279,2.0,2.4366999444729918,-0.0001204099283157,0.0333379328561036,0.2866553227253178,10,0.9988732162593156
B0040,1289,1.7334832776102866,1.7795887383112017,23699.578102324936,0.0,2.0,2.4503176458497364,-0.0001210219377245,0.0305663806285282,0.2315063135978563,11,0.9996272702973896
B0040,1291,1.732372495746513,1.800589856422363,23655.65055228254,0.443881178276326,2.0,2.45340951284021,-0.0001207857431301,0.0333442790616076,0.3467063265119468,12,0.9989867288761244
B0040,1295,1.7338175297202416,1.807275943995596,23635.83900700932,6.145541808984559e-06,2.0,2.4610831923374192,-0.0001206452647309,0.0141238990501502,0.110341119434883,13,0.9998200195027502
B0040,1297,1.7329630786357868,1.8059511922753697,23663.337890498267,0.1286708070176636,2.0,2.4525462239991853,-0.0001211298281167,0.0224923469866329,0.2038793579349776,14,0.9993272933160092
B0040,1299,1.731883908457334,1.7636883044935625,23616.897090947383,0.0004199748285292,2.0,2.4336908173256404,-0.0001211297369308,0.0866784006668337,1.2050196534487947,15,0.9987049810309088
B0040,1301,1.7306960059812662,1.754307249299344,23606.96989629548,0.0212408001012882,2.0,2.4658151282050795,-0.0001201544022439,0.0270958971044329,0.2466440431615476,16,0.9980199673795696
B0040,1303,1.7296011601947467,1.7640038957394044,23598.08459772881,0.0,2.0,2.460867122083556,-0.000119795779696,0.0341491623248492,0.3460008253952,17,0.9973886156272276
B0040,1307,1.7296187381064656,1.7716713699731756,23554.849993057556,1001.7330960292128,2.0,2.4101530074694963,-0.0001197981932244,0.0257730965907456,0.4652385708467102,18,0.9973987520733854
B0040,1309,1.7307198617163877,1.7654112847502683,23620.191941420417,0.2782340934340921,2.0,2.346192396660726,-0.0001194323134376,0.0729007116249338,1.0310773333608425,19,0.9980337239837944
B0040,1311,1.729274556175907,1.7572478988104012,23587.425311439096,0.0183017808916409,2.0,2.5118095829577314,-0.0001208811236387,0.0410816923183724,0.3533676743170485,20,0.997200276755986
B0040,1313,1.7297962212599596,1.780463661905652,23556.887506563588,0.0183017808916409,2.0,2.4755002008826352,-0.0001209432591134,0.0235808410658933,0.2094673689868806,21,0.9975010991813976
B0040,1315,1.7268942069037494,1.784408411818062,23531.863100813403,0.1619647104158575,2.0,2.492881315345926,-0.0001195289852561,0.0421421372571475,0.3698659095344465,22,0.9958276289341036
B0040,1319,1.7272191689306016,1.779367242927727,23493.220727375738,0.0004415435518152,2.0,2.46155369179224,-0.0001196378243182,0.0252516500951786,0.2536934235358765,23,0.9960150209372732
B0040,1321,1.7285674981160106,1.7631314407684102,23512.39790488361,0.0183017808916409,2.0,2.4788571954021705,-0.0001208456833274,0.0387413205464612,0.3307274061637214,24,0.996792545958992
B0040,1323,1.726636381605547,1.7434818094770923,23482.99517667849,32.37046210064592,2.0,2.527036540293352,-0.0001206229633244,0.0238085880207636,0.3292248080070043,25,0.995678951873076
B0040,1325,1.7262424141835069,1.7579964796387748,23483.07806089252,0.0398672011494779,2.0,2.5041257095532075,-0.0001208114694586,0.490573490753393,7.289124171408504,26,0.9954517673459644
B0040,1327,1.72527259276029,1.7375609894489077,23470.535170557298,0.0004085531099082,2.0,2.535765347883938,-0.000120289593203,0.0244913331840189,0.2397211540205888,27,0.9948925119124176
B0040,1331,1.666802687745505,1.6700579402451934,10906.569969481756,0.0,2.0,6.52906225298787,-0.0002223492935018,1.3515440529779816,15.37713912126852,28,0.96117536430598
B0040,1335,1.666754853762041,1.670021615084993,10941.645101196997,0.0222179128822248,2.0,6.599159101765899,-0.0002247818173782,0.1126144346908758,0.7634697246784979,29,0.961147780449282
B0040,1337,1.6583274448761054,1.6614959070894812,10935.26346310706,0.1458069436684764,2.0,6.559595724054908,-0.0002218455698107,0.2394995331822901,1.3601193655888506,30,0.9562880463813878
B0040,1339,1.65032263550715,1.650321401591109,10891.662705442512,0.2832233136366635,2.0,6.5518862748733255,-0.0002208375660491,1.2583408322039915,13.831977241299755,31,0.9516720077716756
B0040,1341,1.6493406341242296,1.6494167165706628,10875.388405304117,0.0310755426943251,2.0,6.676402753538476,-0.0002264029470228,0.4235631898505981,3.4495747801284726,32,0.951105728665026
B0040,1343,1.641919055037739,1.645174071057166,10838.54591014404,0.4944001257890192,2.0,6.590530981366015,-0.0002220527263681,0.3498092254865511,2.2501095680157697,33,0.9468260145545142
B0040,1347,0.425812451177779,0.4373137614912742,5578.563708266316,0.0001022128268636,2.0,8.704954269898664,0.000488207655484,0.3898349549526291,1.913384888872511,34,0.2455482228915836
B0040,1351,0.5569902643736575,0.5640423639204947,5424.745507730989,0.0015943847867785,2.0,10.453986534793025,0.0005693765181651,0.8975246232022753,6.356406083709151,35,0.3211929787552492
B0041,3099,1.2156494086360898,1.3542956780278506,18518.35716860628,1.4019213925080392,2.0,42.52501724219397,-0.0001402298175271,0.6942445858735677,5.385861588145301,1,1.0
B0041,3103,1.1476416320946563,1.342511800224044,19070.25931784835,0.040511794065934,2.0,42.81696169553437,-0.0001057002693366,0.3238699416453254,2.868642098033328,2,0.9440564227989584
B0041,3105,1.1194574527298191,1.3066816669884136,18967.38858274664,0.0,2.0,40.47466495359204,-9.989946656837617e-05,0.2290813400495239,1.5435052432396712,3,0.9208719592812584
B0041,3107,1.0841325641850128,1.2427678512687574,18859.991212990444,4.0455876798081966e-05,2.0,34.74440191671715,-8.645830932440884e-05,0.3347357876253133,2.0716925893237472,4,0.8918135084698197
B0041,3109,1.0607784232892656,1.1739480364762107,18778.506383434546,0.076716150997274,2.0,39.53526131274924,-6.611145450467706e-05,0.1448130765969119,0.9954827710403722,5,0.872602261600585
B0041,3111,1.0170312865626592,1.1600428920392212,18659.11612156166,0.0288492775858445,2.0,52.220987823066224,-6.309328943019352e-05,0.2371955880388142,1.97338080520322,6,0.83661562234767
B0041,3115,1.0000374999808574,1.127889287836732,18517.833729601207,0.0779730250720391,2.0,43.90694995749159,-4.9528027885007296e-05,0.2851557889741599,1.676578911187831,7,0.8226364384965725
B0041,3117,0.991506494786248,1.0902188129405528,18526.140974900176,0.2161333440651471,2.0,38.048480204812975,-4.399693553924353e-05,0.154951243205987,0.9355422144570992,8,0.8156187859283202
B0041,3119,0.9655644425371016,1.1340267121584515,18350.3253906222,0.0,2.0,58.14405437908046,-4.4719184298514e-05,0.2703770924545408,1.4645293375197703,9,0.7942787087112776
B0041,3121,0.9383311962439672,1.062034188525622,18292.95718381879,0.0772414602749572,2.0,49.840634816065744,-3.649508945051155e-05,0.2197272789051297,2.0982315298749747,10,0.7718764880548392
B0041,3123,0.9298903389240268,1.0454115185991082,18223.21006410777,0.1346064362402967,2.0,38.28997522117525,-3.23586887639258e-05,0.4404706870690716,2.713269154787305,11,0.7649329916322887
B0041,3127,0.9072117399448598,1.0642548928243518,18037.03966992275,0.0662666634432748,2.0,37.429951989944925,-2.750135158746067e-05,0.4471579740243604,4.7974651305086535,12,0.7462774493204544
B0041,3129,0.9176870676937324,1.039155848886105,18056.729090168457,0.0746942979419472,2.0,32.247376152540205,-2.5543203798345037e-05,0.4610772076340499,4.694697597932202,13,0.7548945124921672
B0041,3131,0.9157430721963028,1.0650670767380497,17909.45067336852,177.34707062796852,2.0,54.818074562934605,-2.452777999399881e-05,-0.2375695004020952,6.847482955363499,14,0.7532953709274864
B0041,3133,0.9111662690050432,1.033886149022543,17791.013706583028,0.0179476197608928,2.0,40.7406511730102,-2.066158115546258e-05,0.5137508337392972,4.331102454739414,15,0.7495304670343528
B0041,3135,0.8968901443572698,1.0653330502144596,17608.87176927972,0.1032467385174927,2.0,46.9260223784829,-2.943337512289909e-05,0.229852265950877,1.8752168317304097,16,0.7377868470840987
B0041,3139,0.8862133472800153,0.992785227738914,17624.428141585406,94.40835077217037,2.0,47.93900896166944,-1.2275299308143352e-05,1.1481557674764022,11.297409780361304,17,0.7290040541164836
B0041,3141,0.8931124136187014,1.0527915350543893,17438.311300662936,0.0718428782602398,2.0,55.60950753037696,-2.788946716631808e-05,0.1690639899878808,1.0044682958128068,18,0.7346792646580053
B0041,3143,0.880898507091054,1.043294561164538,17320.891457409605,0.076716150997274,2.0,43.24023898735281,-2.909072140491861e-05,0.3642801121483657,2.2557186183113505,19,0.7246320368628213
B0041,3145,0.8798879382023741,0.98943650704368,17312.680641314815,0.0212326212367929,2.0,50.47281969717468,-1.9630958730373845e-05,0.8260091104609295,8.13310095815318,20,0.723800737245102
B0041,3147,0.8682347537115443,1.0290779161895232,17078.486823230465,0.0,2.0,40.05458236676956,-3.028511526964545e-05,0.2464024968001685,1.7366385800908832,21,0.7142147625322905
B0041,3151,0.8443569490395516,0.9775361302709792,17071.708497005915,0.076716150997274,2.0,28.251190410152915,-1.8663793630492223e-05,0.3229935815264323,2.8539544246678434,22,0.6945727469130154
B0041,3153,0.8657093203148538,0.9846366931811744,17016.77927480316,0.3490685677778433,2.0,50.75741595436976,-2.2682543306935795e-05,0.3159702655090596,2.30812718110442,23,0.7121373269009732
B0041,3155,0.848696904019178,0.9662532457251434,16879.616122969834,0.0472138222462931,2.0,51.36798655887041,-2.5771339260333904e-05,0.363932400087271,3.246772123330631,24,0.6981428181430879
B0041,3157,0.8364948433646345,1.0240943381708547,16764.379597783765,0.1524433372480483,2.0,39.856323524356384,-2.552080862000845e-05,0.350295887470157,2.762388813042483,25,0.6881053348293472
B0042,1745,1.4377344766079456,1.5153080096830491,19057.68740611659,0.0378301756393847,2.0,32.45831363160354,-0.0001691330987994,0.1025436620978144,0.6762101591989383,1,0.830354528228283
B0042,1749,1.5246019289244055,1.6459346676545334,19660.845205435195,0.1363513350028121,2.0,31.486182081899795,-0.000175566369334,0.1175072269877214,1.2574040343136412,2,0.8805242804045023
B0042,1751,1.5215273965539478,1.610198091085069,19559.36233392808,0.0534993813974823,2.0,36.51655258479806,-0.0001819030215825,0.1269854487042195,1.573108102362508,3,0.8787486035201186
B0042,1753,1.5155323631175952,1.5806344548006528,19436.121825798284,0.1226473209668556,2.0,41.31595651656436,-0.0001847560520781,-0.0005957053471334,0.0037995096717412,4,0.875286209565082
B0042,1755,1.5044249661534554,1.6003226058954976,19273.91781241661,0.0,2.0,39.3477077181432,-0.0001823619465463,-0.0003451033459621,0.0006756886638139,5,0.8688712021238174
B0042,1757,1.5001507149498807,1.5787017868936224,19197.996623204563,0.2258157918476232,2.0,40.00645877144953,-0.0001855303169492,-0.0003721625513329,0.0007573545402938,6,0.86640263515306
B0042,1761,1.489011227320312,1.5769357111678963,19021.990858310885,0.0,2.0,31.357312987199258,-0.0001845541678532,-0.0003449242058429,0.000669915667265,7,0.8599690939492779
B0042,1763,1.4810149357562843,1.5808448673031543,18983.0041572146,0.0,2.0,24.94630242289963,-0.0001889342099414,-0.0003539233089424,0.0006903861500616,8,0.8553508859162555
B0042,1765,1.476262027748574,1.6176486754588706,18872.714468493683,0.1629618508461673,2.0,41.57785361248067,-0.0001906576236867,-0.0003540750336175,0.0006692022359993,9,0.8526058737108267
B0042,1767,1.466255102543896,1.575331613027494,18762.620632088747,0.1410253853607634,2.0,28.041704636292067,-0.0001943262566159,-0.0004838175427038,0.00189601227367,10,0.8468264368311114
B0042,1769,1.459328259381702,1.5257352458228617,18670.75182879301,0.1539684278453904,2.0,36.1292558581727,-0.00019588238466,-0.0004339434078294,0.0012143469616794,11,0.8428258820140461
B0042,1773,1.445704157754381,1.516076971901935,18488.58477762705,1.156402212546913,2.0,50.187830543105406,-0.0001957413792224,-0.0003077201035627,0.0009621900638845,12,0.8349573675815489
B0042,1775,1.4400686089389023,1.5325783502387682,18449.45564829691,23.610605632647275,2.0,28.075811684360648,-0.0001997910051328,-0.0191861979698014,0.2731443497413051,13,0.8317025917142937
B0042,1777,1.4290313659547842,1.5306238141350967,18314.650150448917,0.1622022262471445,2.0,33.80729427998506,-0.0002011190635957,-0.0003916609417543,0.0007892604466238,14,0.8253281012641231
B0042,1779,1.414172188151386,1.5182610286386615,18166.453089075505,0.1226473209668556,2.0,32.831117190041574,-0.0002025877088947,-0.0003867383850659,0.0010614679708956,15,0.816746276333618
B0042,1781,1.415603079129078,1.483243807160502,18085.11924621567,0.4463623446313781,2.0,45.85055451172126,-0.0002038044186035,-0.0004394122714205,0.0011648252326914,16,0.8175726784419758
B0042,1785,1.3994410223300702,1.4872478610168494,17970.291228969276,0.0,2.0,30.442198989276665,-0.0002045831597274,-0.0003635213525173,0.0006513334451626,17,0.8082383839203606
B0042,1787,1.395963528579491,1.4855871301314756,17889.43812330266,0.6300097507562983,2.0,44.31032635668657,-0.0002054166385953,-0.0005542608324254,0.0027890162622631,18,0.8062299792186165
B0042,1789,1.3929784652630588,1.4593268188012116,17790.560755614024,0.1580489555967269,2.0,21.882334741666003,-0.0002080812452438,-0.0004516469251169,0.0013093572102012,19,0.8045059746251567
B0042,1791,1.3740772023800918,1.480311013129089,17671.139235924293,0.1226473209668556,2.0,32.90151603139117,-0.0002124636052316,-0.0004270671590222,0.0009925632766184,20,0.7935896688124635
B0042,1793,1.3752493030002435,1.457226109591169,17561.417929707237,0.1970403802638168,2.0,48.486425981442856,-0.0002106725297164,-0.0004256626675666,0.0010013815692762,21,0.794266608173185
B0042,1797,1.3671966130854505,1.461211186743422,17484.659330062368,97.35101000965165,2.0,36.069319140648574,-0.0002115764585474,-0.0238249871421161,0.3289267852723356,22,0.7896158276264581
B0042,1799,1.356887600783644,1.4385547401558167,17407.61320082605,0.1226473209668556,2.0,49.82590792968255,-0.0002151217469045,-0.0003732847651074,0.0006589290288094,23,0.7836619222387525
B0042,1801,1.3449320225969348,1.454359729131122,17283.532207678232,0.547830584731197,2.0,30.29033785786914,-0.0002189057768387,-0.0005593613637224,0.0023521225478637,24,0.7767570530529325
B0042,1803,1.3374691704584258,1.4536486584536734,17170.04291257612,0.4037917406475787,2.0,33.14625475486728,-0.000221147906451,-0.0005448216837526,0.0023019598920021,25,0.7724469296139167
B0043,739,1.713782642126885,1.7326561178308435,11676.796829413515,0.2063952406449974,2.0,14.061945920519316,-0.0002169544604366,0.6864837072962505,6.419967685170299,1,1.0
B0043,741,1.6955681658647108,1.703650849336676,11476.825223098778,0.0681148577070134,2.0,13.863105987426838,-0.0002190062407997,0.2892097949957478,2.2815508234500728,2,0.9893717698998462
B0043,743,1.6814906372051954,1.7007318837494811,11322.630322042884,0.0131685857794495,2.0,13.96652260621671,-0.0002238810930635,0.1611975656053666,1.06831134892085,3,0.9811574676228406
B0043,745,1.6786372409532953,1.692012759371679,11219.943099952963,0.0,2.0,14.239502475590772,-0.0002248734688101,0.3897233584535253,3.5080330995405027,4,0.9794924978759428
B0043,747,1.6694168550864992,1.6884583662442676,11114.630406484384,154.69902839503308,2.0,14.18586451298803,-0.000228851193535,0.2848512935198398,2.6279315708293205,5,0.9741123606052364
B0043,753,1.6611938521224778,1.6747922770338826,10952.912916286255,0.080146683037629,2.0,13.521004850912142,-0.0002336360645067,0.2042819570088284,1.4792211004458105,6,0.9693142008142048
B0043,755,1.6506423382064332,1.669499495267991,10880.99869751239,0.0,2.0,13.707454691362315,-0.0002385986306262,0.2077631843353811,1.709731079759848,7,0.9631573442463558
B0043,757,1.6424273190907783,1.6562722294142729,10832.392921332945,0.080146683037629,2.0,13.923646231549228,-0.000232095188996,1.6775553987765153,16.392235703910462,8,0.9583638430673148
B0043,759,1.6353664801041328,1.6575846516513968,10783.305543857554,0.080146683037629,2.0,14.10795873505138,-0.0002351227047366,0.2981917885246681,2.623220946045972,9,0.9542438112656842
B0043,763,1.633232875930849,1.6476483317464232,10773.905157053025,0.080146683037629,2.0,14.071325455399704,-0.0002349790779541,0.0965533025812136,0.842330519224133,10,0.9529988434845682
B0043,765,1.6258840554387932,1.642913193910161,10728.445420850374,0.0266747200358058,2.0,14.065921902226538,-0.0002387270954122,0.0528252215602098,0.3344033759179572,11,0.9487107731590716
B0043,767,1.617976174654771,1.6324234447365915,10714.255617181114,0.080146683037629,2.0,14.14622163261777,-0.0002375219046378,0.1866035611617023,1.810866191329582,12,0.9440964885995032
B0043,769,1.6136652707273988,1.6284664857672548,10649.149400636588,0.0,2.0,14.061801987383683,-0.0002411464854476,0.2754693789204804,2.663990049997891,13,0.9415810564662764
B0043,771,1.605821026619692,1.6202223834724423,10640.076554056011,19.10946043103306,2.0,14.095625329107506,-0.0002383899436337,0.5375913197551202,5.514412475923016,14,0.9370039041980216
B0043,775,1.6033527961961531,1.6181094433580216,10652.394959102432,0.0256916409195461,2.0,14.269373567493766,-0.0002406880272346,0.1998782089111941,1.5309150095795918,15,0.935563680471356
B0043,777,1.5951342406182645,1.6127455508356068,10612.438639836111,0.0,2.0,14.079230251570213,-0.0002396836453244,0.276425629762158,2.268861279202239,16,0.9307681157504476
B0043,779,1.5878135544728509,1.602857586733692,10567.849327468217,0.0,2.0,13.886106477170149,-0.0002370513453271,0.1891354284502153,1.7029854905048738,17,0.9264964619447305
B0043,781,1.5800601969084245,1.5944895535845331,10557.6114283004,0.1584838845267663,2.0,14.222452391417704,-0.0002385048593116,0.4182103568772685,2.9932016661655645,18,0.9219723423896368
B0043,783,1.575565087879128,1.5992367137236827,10500.314840645742,0.080146683037629,2.0,14.152844813852331,-0.0002426530107594,1.852784439602372,21.22538909113911,19,0.919349425738014
B0043,787,1.5950169012164208,1.6069597683926475,10685.081917557272,723.310650786998,2.0,14.781425372424998,-0.0002385469940399,-0.0062180659759408,2.5810694972997568,20,0.930699647673482
B0043,791,1.5898075522577595,1.604322859092395,10636.918164231773,0.080146683037629,2.0,14.551479498418749,-0.0002445409721811,0.1800231440370416,1.4732462241460935,21,0.927659968760527
B0043,793,1.5807953202097411,1.5960191613398522,10634.849457338549,0.5350572484375182,2.0,14.249314099019385,-0.0002380735391236,0.1079405544701602,0.7228810121065758,22,0.9224012901938952
B0043,795,1.5704333289187615,1.588707144840795,10557.37176658937,0.080146683037629,2.0,14.069194785929426,-0.0002448703930368,0.2117068710049972,1.3794750519582837,23,0.9163550209434844
B0043,797,1.5643368431897875,1.5796492178982184,10471.428808933582,52.92739668469636,2.0,14.429154471323988,-0.0002476441290392,0.2034630854125295,2.8020008938929686,24,0.9127976936727354
B0043,799,1.558307017802491,1.5704752893647471,10427.50434395035,0.0894338139261229,2.0,14.698475830307617,-0.0002505845524939,0.1431356892433617,0.909427041707856,25,0.9092792630158504
B0043,803,1.5537149289772467,1.5723423186005885,10496.715139436385,0.0827211893240443,2.0,14.582556327859775,-0.0002418376679647,0.1218569452049467,0.7907829175048094,26,0.906599758210302
B0043,805,1.549528250585513,1.5651155906169056,10475.46512334274,0.5177472863403483,2.0,14.331139747702196,-0.0002434017584005,0.2325664037620991,1.773553215057523,27,0.9041568122445652
B0043,807,1.5424430535161062,1.5639104373422368,10429.776093282131,0.0002183542903802,2.0,14.14986550125542,-0.0002446148706445,0.2238815893285713,1.9921791854223276,28,0.9000225673903791
B0043,809,1.54256227031715,1.5581274344359648,10342.606806774276,0.1222742853019713,2.0,13.593526135707084,-0.000257371393604,0.1478101835113405,1.1047966759059762,29,0.9000921309383538
B0043,811,1.5309356452520158,1.5464548529827602,10336.570985424549,0.0,2.0,14.362177650312177,-0.0002532235458011,0.256287626600058,2.2713853882603594,30,0.8933079421040538
B0043,815,1.5247733176952427,1.5343783023646589,10333.93438385013,0.0150062578013717,2.0,14.91360144236324,-0.0002472051951672,0.3416336194665614,2.4366330696603127,31,0.889712195826028
B0043,817,1.5196742408779502,1.5354423797960175,10317.550055038388,0.080146683037629,2.0,14.781808311331083,-0.0002448204316633,0.2179964274416511,1.862866403247166,32,0.8867368612112695
B0043,819,1.5123696925788683,1.5281981278092958,10258.522687780103,0.0003054138337236,2.0,14.592041836653468,-0.0002505225686235,0.1502201122935421,1.0954262988630787,33,0.8824746239126021
B0043,821,1.499914486202397,1.5122976697626984,10177.330117890167,0.1168351928064494,2.0,14.666718385415187,-0.0002504102467091,1.0994239395532694,11.680069550412725,34,0.8752069540982936
B0043,823,1.492410627118825,1.5082349658127805,10120.671739415027,0.0,2.0,14.815454676051251,-0.0002517192028157,0.2059918392259883,1.5104721870021145,35,0.8708284180464526
B0043,827,1.492624987952706,1.5086810354508091,10152.552216872717,0.0,2.0,15.379369351158909,-0.0002503482857859,0.1621895870714907,0.8665407805512573,36,0.8709534985721924
B0043,829,1.4924024018806028,1.5116793413164893,10113.39046902485,0.098168053811202,2.0,15.372167667591697,-0.0002586596514762,0.1102831143452571,0.6804477480076346,37,0.8708236185823782
B0043,831,1.4853020201751674,1.5014012571824729,10130.826198812498,0.0151409119450892,2.0,14.950922722344249,-0.0002498077194666,0.629488682917855,4.24653233545311,38,0.866680513423708
B0043,833,1.477208127101587,1.493225071542176,10072.40905992988,0.0088905941793618,2.0,14.798530543450788,-0.000255135370433,0.4232393205319218,3.209377773593152,39,0.8619576898435045
B0043,835,1.4694738525181406,1.4885779467437752,9964.22083080604,8.547554935882453e-05,2.0,15.037131592278666,-0.0002639183508983,0.7791465667515062,7.939435153050706,40,0.8574447052949808
B0043,952,1.5250840516518187,1.554398430569034,19544.97874546884,1.2011451900215055,2.0,34.17669460561205,-0.0001445314756748,-0.0002947016689016,0.0006355281271947,41,0.8898935105090793
B0043,956,1.552568811301301,1.6041572587523862,19991.36067013081,0.0001721324744162,2.0,32.09426290666981,-0.0001492888251343,-0.0002990588655528,0.0006096804481235,42,0.905930993311083
B0043,958,1.5427752626774387,1.6011616498494394,19863.33215007964,0.080146683037629,2.0,25.23118241084805,-0.0001534398358528,-0.0212800511809286,0.3175766545878491,43,0.9002164129535015
B0043,960,1.533193283126468,1.6003664751335789,19715.46464717648,0.7895950643061728,2.0,31.500128897840167,-0.0001563856206462,-0.0003778771482667,0.0013548517689108,44,0.8946252841163702
B0043,962,1.515272194917202,1.5638396413295088,19514.065930101147,0.080146683037629,2.0,31.20671955950364,-0.000157283635985,0.0995948599496518,1.4940077495492636,45,0.8841682472852438
B0043,964,1.5074989761997712,1.6087799848729658,19416.279314856485,0.0,2.0,25.05960663628671,-0.0001609270706521,0.0530582921261986,0.6791749037879982,46,0.879632538656649
B0043,968,1.4896288908647644,1.5379586646217942,19253.78103701504,0.2184537182046264,2.0,21.911498682503524,-0.0001597146815434,0.0410069244146084,0.5649125181671909,47,0.8692052622356268
B0043,970,1.4780778852088083,1.5494724916723173,19184.121854952497,0.080146683037629,2.0,38.45789036267688,-0.0001640252161884,0.4153785816261084,5.996607573922267,48,0.8624651976720012
B0043,972,1.4700035345334466,1.5176685075747112,19059.874981071374,0.080146683037629,2.0,30.329540700472787,-0.0001645686937177,0.0564504579915834,0.6179763170966143,49,0.8577537771704252
B0043,974,1.4565623180137075,1.4982823357328805,18938.20714345852,0.080146683037629,2.0,40.73404006503587,-0.00016920237018,0.5517806360707456,7.7948298578157775,50,0.8499107659335638
B0043,976,1.445976962830235,1.4904853601527814,18849.378217525067,0.1017605745429767,2.0,23.468537662166145,-0.0001680659669303,0.1963848246624358,2.0050104677749188,51,0.8437341628315884
B0043,980,1.4325855992469252,1.4843059579338431,18667.115539930863,0.0,2.0,27.806505707815816,-0.0001705263100774,0.0615620298919156,0.6299594217539288,52,0.8359202410108548
B0043,982,1.4197344854662963,1.4858087919853549,18619.69012047296,0.4366308722163379,2.0,32.89620128145448,-0.0001704940854209,0.1748700566507678,1.9605907089642336,53,0.8284215574177709
B0043,984,1.401262575071573,1.47915138306629,18474.213050781596,0.3014555241925163,2.0,36.48336417074514,-0.0001711744804886,0.1404050283127867,1.230695884275833,54,0.8176431133253516
B0043,986,1.3862945308535968,1.438471522517327,18317.52286709311,0.080146683037629,2.0,5.812648344169379,-0.000172221508284,0.1211438472328495,1.0680739352100466,55,0.8089091911522339
B0043,988,1.384130256052478,1.4569977657075392,18246.67582870684,0.0006889692597846,2.0,25.44395806463898,-0.0001700950144251,0.0372616089745604,0.2534751637381264,56,0.8076463269196771
B0043,992,1.3651743201871416,1.4048562550078307,18146.121748213696,66.89357359998911,2.0,27.11361367227996,-0.0001687883236439,0.2079552478577756,2.7523202554037023,57,0.7965854517541945
B0043,994,1.361508332192898,1.4620086880739398,18031.08139998407,0.001171743177661,2.0,6.085007645841926,-0.0001722768313946,0.0624534978000527,0.4397116016727323,58,0.7944463310138339
B0043,996,1.351001663879717,1.4221330289958072,17918.282291761363,0.0,2.0,30.50738459911345,-0.0001747053573128,0.0924219898230369,0.6547085384652811,59,0.7883156420601042
B0043,998,1.3282588067265129,1.405431629225102,17827.915467897874,0.080146683037629,2.0,36.02046555835594,-0.0001713997622868,0.1392735415124631,1.3867002848260188,60,0.775045081025025
B0043,1000,1.3257206687421472,1.36386711823779,17672.83281969183,0.2495354311495992,2.0,42.64502293781955,-0.000176617099321,0.1011531791221684,0.8487149925100078,61,0.773564065917289
B0043,1004,1.314290971597844,1.383311689109436,17641.879883186208,106.67528818011584,2.0,42.72113784687675,-0.0001717764678358,0.1132987911070485,1.1962981367170464,62,0.766894785424333
B0043,1006,1.300326009481109,1.3542665625252963,17563.00855296403,0.080146683037629,2.0,38.59773669609818,-0.0001695089400393,0.0896487617686065,0.6242388925294637,63,0.7587461662392282
B0043,1008,1.2881071401556836,1.337671985403985,17431.861624521873,0.6300932445657424,2.0,6.331407177546232,-0.0001723967334462,0.0979943938419135,0.8428898930446261,64,0.7516164001737595
B0043,1010,1.2767801501201566,1.345674450131269,17332.44910583426,0.001392137608526,2.0,37.123626057443325,-0.0001702674783316,0.1124468142982088,0.7663622316846013,65,0.7450070497479262
B0044,3241,1.686525555152074,1.689270485234776,11561.053043875098,0.1027616056335068,2.0,14.887574661947252,-0.000171619875156,0.1109011777092692,0.575857205659311,1,1.0
B0044,3243,1.6624606531639186,1.6652026858710325,11354.648899850894,0.1052692345607578,2.0,14.899681048334276,-0.0001850648797678,0.2102866604595426,1.6655589030702964,2,0.98573107776835
B0044,3245,1.6534010755700512,1.6533946457459676,11201.41982550014,0.0626124070768891,2.0,14.924522170645291,-0.0001941969675295,0.4359182484362765,3.6008428729664512,3,0.9803593372891192
B0044,3247,1.6452145903490936,1.64790743469482,11098.38853357839,91.59801645451807,2.0,14.97696156632362,-0.0001952219912495,-0.0415046754982365,1.9898246639436084,4,0.9755052838204664
B0044,3249,1.635664062367341,1.6357453282851384,11003.825047161656,0.1761847491539286,2.0,15.195469546664729,-0.0001959817396195,0.8231443153011829,8.627093971833883,5,0.9698424416817408
B0044,3255,1.6267769765146465,1.6293023952700134,10834.82532428683,0.2110976421470056,2.0,14.54722177339627,-0.0002051765314184,0.7548817678136068,8.289657324750921,6,0.9645729775899898
B0044,3257,1.6159715504743064,1.6191298077764091,10767.060212857708,0.0346468346677321,2.0,14.48253320200072,-0.000204212701716,0.2824659294202779,1.811237108079356,7,0.9581660624932508
B0044,3259,1.6076028386649623,1.607720265182339,10717.124704772352,0.3593572294529556,2.0,14.76287321876286,-0.0002050073245469,0.3878559083131989,2.881422783983743,8,0.9532039605056593
B0044,3261,1.6003360401431612,1.6033437367808787,10677.64377364801,0.0626124070768891,2.0,14.725188932072337,-0.000207108503044,11.39114715939525,140.41329991453088,9,0.9488952214535872
B0044,3265,1.5978700914991917,1.6008645075340624,10662.768487321246,0.0626124070768891,2.0,15.083772769817,-0.0002079668590958,0.2276770057752802,2.1292593554318366,10,0.947433074238304
B0044,3267,1.5900310265163515,1.5929159665515114,10619.229947551989,0.0001917180220119,2.0,15.265010511614705,-0.0002100998394314,0.2651520690471448,1.7334901170980728,11,0.9427850183823504
B0044,3269,1.5816311155652092,1.5816231787552442,10601.018466302125,0.0,2.0,14.947963789127243,-0.0002044384348463,0.1545392322254074,1.0164882623686735,12,0.9378044173321723
B0044,3271,1.5714556311034702,1.5773829807801505,10548.815481634583,0.0335401052437448,2.0,14.864263158557758,-0.0002069220477328,0.1565720859566043,1.2346622992718046,13,0.9317710166341192
B0044,3273,1.563220798569978,1.565768695553181,10537.422756226728,0.4896341818533479,2.0,14.930916235903195,-0.0002069833707312,1.056803228829745,11.6255847867509,14,0.92688829635257
B0044,3277,1.5606775388245586,1.5608209651948195,10557.250532895929,7.592824181124874,2.0,14.945264319602051,-0.0002051500973018,23.281405670748956,281.43463662079216,15,0.9253803086807258
B0044,3279,1.5523886011314287,1.558343563259614,10507.910402721776,0.1343674290503953,2.0,15.137975485091856,-0.0002044615094082,0.3579756249301229,2.440648237046679,16,0.9204655075573106
B0044,3281,1.5444592876561969,1.5474514676772948,10463.179481534067,1493.334454124625,2.0,14.96448509002984,-0.0002052654374692,0.1178679481426475,1.1359790187127294,17,0.9157639402131283
B0044,3283,1.536558134180655,1.53067877884793,10456.795099394094,0.0244390709824425,2.0,15.088312496663017,-0.0002037461704108,0.5222196343823018,3.243021684923068,18,0.9110790699178606
B0044,3285,1.5307255867941072,1.5337153228228135,10398.466454268317,0.037013036604541,2.0,15.093402734673234,-0.0002082535474439,0.2096391499562838,1.0639629183427135,19,0.90762074853712
B0044,3289,1.545242808242328,1.548312130249738,10601.007125980286,0.0,2.0,15.755482041464024,-0.0001951956113781,1.672001019663566,16.856327590284483,20,0.9162285169779082
B0044,3293,1.5397144491816253,1.543024129674171,10556.707567602029,0.0,2.0,15.483771056317092,-0.0002045032473503,0.3560164698633128,2.8552077227201687,21,0.9129505594967336
B0044,3295,1.5305357077773765,1.5336271605561025,10545.732278485531,0.0,2.0,15.388221843557854,-0.0001993397897546,2.456352126926985,22.162273536704127,22,0.9075081626257172
B0044,3297,1.5199735224097084,1.5233585282778728,10473.501944089789,0.0,2.0,15.35456878483712,-0.000196958790429,0.5156344397553442,3.585936704686328,23,0.9012454734328958
B0044,3299,1.5136629526844203,1.5166366874325568,10389.160567742438,0.110023599088289,2.0,15.569346844705006,-0.0002054371843094,0.372892329233708,1.775167796728232,24,0.8975037158852499
B0044,3301,1.501287000699295,1.504465419443613,10357.060231812744,0.0626124070768891,2.0,15.667726975899528,-0.0002009424791269,0.7281787280560126,5.93716062072334,25,0.8901655810154173
B0044,3305,1.5023814734911674,1.5026194849571806,10418.147691812776,0.5630629278172421,2.0,15.58804321524531,-0.0001973126741376,0.2319638180702613,1.348426675612835,26,0.8908145322207689
B0044,3307,1.4980955154277502,1.4982766409139625,10388.7438550057,0.3721902441002777,2.0,15.530430183022002,-0.0002038901380009,0.2139270625567839,1.4508543711977575,27,0.8882732377527875
B0044,3309,1.4906542391377111,1.4940836671086497,10338.099668739624,75.62890845538706,2.0,15.51483895325028,-0.0002022518040236,0.1914047701901185,1.4509940348936372,28,0.8838610447283136
B0044,3311,1.484397163943621,1.4846579835092135,10253.289733578067,0.1332178594592056,2.0,15.631611184051533,-0.0002079245554455,0.1762334677370454,1.1509576575675242,29,0.8801510059595706
B0044,3313,1.4725321936230114,1.4758527977620255,10263.52024376212,0.02959879470142,2.0,15.665083856245918,-0.0001999916703572,0.3026008347750467,1.6706287958412138,30,0.8731158499938847
B0044,3317,1.4663149382113208,1.4664970849583727,10267.14271728508,0.0572826586125376,2.0,15.22352680048115,-0.0001928714106017,0.4438900850168967,4.167438134314035,31,0.8694294217671094
B0044,3319,1.4671298468877776,1.4706971734595085,10237.13100396026,0.0043137989206644,2.0,15.196911883788452,-0.0002011104040132,0.1584349518337271,0.9729919090311973,32,0.8699126096286673
B0044,3321,1.4593858997633138,1.459548756193292,10187.561724689036,0.0626124070768891,2.0,15.050867428913278,-0.0002027772567499,0.1629183453072124,0.8512553505032742,33,0.8653209524783756
B0044,3323,1.4467901368505207,1.4469637624952063,10109.898216200774,0.0048716169136903,2.0,15.067104307348274,-0.0001987426971508,0.7196135738225088,6.774361952245178,34,0.857852484020062
B0044,3325,1.4390669859638228,1.4392095698114564,10059.538250938112,0.2978071815441116,2.0,15.196899046205225,-0.0001984745457484,0.180311375229505,1.035409416768947,35,0.8532731576866395
B0044,3329,1.4389892550462602,1.4390592073059207,10094.902947212177,0.0,2.0,15.576445113524793,-0.0001902265080987,0.8369844705656592,6.615559502779868,36,0.8532270683064193
B0044,3331,1.4386198779578576,1.4418336811899968,10055.66521529295,0.0039280692306741,2.0,15.48011564983727,-0.0002037289981816,0.1547875979195228,0.8672278336262041,37,0.8530080517090874
B0044,3333,1.4313412096653504,1.4283665808883712,10069.93367136794,0.3729190980371675,2.0,15.329732995592488,-0.0001981212447426,0.2006304826956221,0.9557660769076034,38,0.8486922746547333
B0044,3335,1.422973037663468,1.426416778929943,10018.47820100285,0.0768145385156922,2.0,15.409435044346807,-0.0001977715225663,0.094538091671921,0.43065104654758,39,0.8437304927378694
B0044,3337,1.4150153099745095,1.4183458896242116,9916.950777050744,0.0,2.0,15.33859228173796,-0.0002020803439479,0.4446723229244385,2.373172984082773,40,0.8390120776123773
B0044,3454,1.4779954511171076,1.5051410347178222,19442.77464309727,0.0223131799151774,2.0,40.1864170990045,-0.0001269677256375,0.1286018297052391,1.3954465888522976,41,0.8763552064788231
B0044,3458,1.494119871447679,1.527292047438492,19885.010039696117,0.0202006135840124,2.0,34.69646105806191,-0.0001288592486562,0.1681250761865047,2.0255268012165213,42,0.885915939360287
B0044,3460,1.488007820113173,1.5066382292535698,19753.68673169577,0.1855352116965327,2.0,31.39177422430784,-0.0001355622439696,0.5968152015009311,5.222203414801005,43,0.8822918903111429
B0044,3462,1.4748338592717107,1.5012779090260315,19629.572767535818,0.5686170598265194,2.0,34.946560134696426,-0.0001346281353217,0.139773874622115,1.4182122571409557,44,0.874480588074294
B0044,3464,1.4604378044785566,1.5099774657391725,19449.258227600916,0.0010270402979553,2.0,38.29109779567735,-0.0001336936299619,0.1942109846236469,2.0827958936335,45,0.8659446635819693
B0044,3466,1.452380841576719,1.4729240435691422,19363.003651997467,0.0,2.0,41.68801073590204,-0.0001376135035559,1.7011717496353658,23.54412278612857,46,0.8611674084272964
B0044,3470,1.441102888364986,1.4447758261127783,19188.744056977623,0.0626124070768891,2.0,34.001693475256296,-0.0001368215946239,0.0381202357352388,0.239750558682388,47,0.8544803154406052
B0044,3472,1.4300355978410688,1.481404304317886,19141.201604266706,0.9254263605377832,2.0,38.39531015121791,-0.0001371099796122,0.2603617603167469,3.1955660493229767,48,0.8479181317309613
B0044,3474,1.413943296719903,1.48299441308816,19039.78766351761,0.5352341071590772,2.0,42.45985733132854,-0.0001348117380106,0.1723204196117445,2.0296373937115435,49,0.8383764434523543
B0044,3476,1.3972667497450315,1.4375574907808517,18952.27576887454,0.305085422845484,2.0,38.867418631391466,-0.0001328949505232,0.062645398378224,0.4730326311317347,50,0.828488335368888
B0044,3478,1.3865375876825874,1.4225138786891016,18867.599450463924,18.931204225459837,2.0,33.84141521622043,-0.0001319742676482,0.1309880440527649,1.3486236639803362,51,0.8221266398525241
B0044,3482,1.3724753685724698,1.3898730825128076,18706.30973063132,0.016658788492219,2.0,36.89188708135668,-0.0001298806964632,0.1434262299664036,1.116351249384457,52,0.8137886582149736
B0044,3484,1.3598593948812812,1.374897178726328,18685.58399918828,0.4799879849710816,2.0,26.56969580158914,-0.0001279823190719,25.021979946311607,362.3177591975594,53,0.8063082060791321
B0044,3486,1.3486733410392264,1.3594338280110865,18544.547549571005,115.39412052235662,2.0,35.638927513365644,-0.0001282490383704,0.4360906269948339,4.564213219582408,54,0.7996756034435639
B0044,3488,1.3334258933205057,1.3442032102042618,18406.353934409537,1.4633086712855554,2.0,31.969600996079382,-0.0001253784066383,0.1331111517214144,0.9085072272353866,55,0.7906348583020852
B0044,3490,1.3387793081075827,1.349761765952166,18279.473696003333,0.1843010087865257,2.0,40.82208882106862,-0.0001347696260572,0.1878963992590135,1.3350820093636782,56,0.793809085203494
B0044,3494,1.3153320403016997,1.3344747979115827,18242.065210434623,26.454822054984096,2.0,31.152228966576462,-0.000122609729308,0.1406022725911619,1.8211925509804647,57,0.779906379884707
B0044,3496,1.322963328110081,1.381802348516726,18084.866794432244,41.19344712834695,2.0,29.47581095224996,-0.0001354147687131,0.1475475280680461,0.900741196017213,58,0.7844312373854243
B0044,3498,1.3086991524155074,1.332951183798318,18006.267680247,3.368065687821882,2.0,43.59761838401858,-0.0001322595601228,0.4449103067186416,4.644851406332321,59,0.7759735086240671
B0044,3500,1.2897499583900436,1.3094274828259984,17941.05295493493,2.026890465159815,2.0,33.3394169292146,-0.0001257846221703,0.19698348029299,1.908677433469787,60,0.7647378686021433
B0044,3502,1.2906172590904164,1.3428892031169375,17782.22089133638,0.1000266579826951,2.0,32.1128416699152,-0.0001330280209041,1.9619599774298024,22.22264983155097,61,0.7652521215274686
B0044,3506,1.2752011253442166,1.3149295566234631,17778.44193461761,0.0,2.0,39.71085451415322,-0.0001239153905018,0.2047795472890639,1.8474973065038307,62,0.7561113565392916
B0044,3508,1.268607265737458,1.2985556839762529,17687.13989053711,0.0011887612807371,2.0,37.82497894083162,-0.0001252245469619,0.1902514648149787,1.1879507273514072,63,0.7522016265108226
B0044,3510,1.2565759973225976,1.2761082419215797,17575.3385193778,0.0626124070768891,2.0,38.87300809154717,-0.0001249412976077,0.387775717820736,3.793355272989987,64,0.7450678665875847
B0044,3512,1.2486254509320869,1.2614914935435957,17466.456920428496,0.00064719448671,2.0,36.35746549127936,-0.0001250328687853,0.8108356218630735,9.4539263682126,65,0.7403537095051598
B0045,185,1.0819793880779518,1.2479153107318508,21562.752747578328,3.863918760906635,2.0,35.42292000316712,-1.671071982938282e-05,0.3955849225098482,2.679898591979352,1,1.0
B0045,189,0.927952404748273,1.08281512771681,18889.23371502401,0.0,2.0,32.63768585320861,-2.977867277817829e-05,0.5153206744708881,4.619327074325407,2,0.8576433294137931
B0045,191,0.885193608411576,1.0419159304441818,18759.265968828706,0.2169161636568018,2.0,27.18313444870071,-1.8879154767186805e-05,0.5453556380827166,3.2816303390013792,3,0.8181242805226173
B0045,193,0.8581010699478283,1.023587297521491,18617.7237585903,0.1500536765791152,2.0,55.362234190590165,-8.924706175650763e-06,0.92349095379711,8.31003535903898,4,0.7930844888571998
B0045,195,0.8409352213456689,0.9840964188460886,18504.214564240385,0.4795511125349219,2.0,62.66966144042899,-2.1456631094602103e-06,0.6465714492050599,4.6926098190213885,5,0.7772192618562926
B0045,197,0.8245471942901911,1.001199247004438,18382.76271395513,0.0,2.0,45.93343994697887,6.557352547283779e-06,0.7879923010160585,6.399312666295217,6,0.7620729224379514
B0045,201,0.7935960418803983,0.960985737459746,18293.807558513097,0.0161135951393084,2.0,44.49917235165736,2.561880790749944e-05,0.8530418316803665,8.385455868173127,7,0.7334668761945244
B0045,205,0.8183676087159205,0.9605599886208268,18418.133050875174,0.3649759179054546,2.0,32.29777818914907,1.1046145572402566e-05,0.952735420971458,9.616699047792936,8,0.756361551553846
B0045,207,0.7977644276409412,0.9439141083464928,18254.492522539196,0.1500536765791152,2.0,34.52734586925792,1.1435137217126563e-05,0.5538941479378267,4.040365472141146,9,0.7373194318036915
B0045,209,0.7993777411831636,0.9775791348824436,18149.452123910003,0.0,2.0,54.353202135739046,1.5894171469590077e-05,0.5741067801059238,2.7320855555038697,10,0.7388105078445099
B0045,211,0.7783107440628891,0.9172413558986744,18028.603443587752,0.1500536765791152,2.0,64.99938560819221,1.901643619539952e-05,4.352995671752909,38.5170424745721,11,0.7193397144519498
B0045,213,0.7803738231239117,0.9161373371393512,17921.182992118058,0.1500536765791152,2.0,40.05431269610264,2.0370022197456102e-05,0.7263048714110583,4.325419948879753,12,0.72124647818863
B0045,217,0.7713058245640294,0.9279661702284094,17964.584220626144,0.0003407348202366,2.0,39.39913035167223,3.138448344487161e-05,0.8806750746885715,7.492747770244132,13,0.7128655435240696
B0045,221,0.795279016979026,0.961154084331883,18210.50728850489,12.847937964210963,2.0,43.74229709648544,1.3642745088927662e-05,1.086995485273817,9.017295079350443,14,0.7350223356766291
B0045,223,0.7824128169919247,0.9482269517633404,18064.10559656569,0.0,2.0,43.01819278313912,1.4983974477430432e-05,10.013755791985377,131.38857996200528,15,0.7231309816186214
B0045,225,0.7649414992231182,0.9149298811316068,17832.180901414573,0.1500536765791152,2.0,63.69625329225113,1.9024922356241856e-05,0.3561755188522732,2.20444804999266,16,0.7069834302314894
B0045,227,0.7544899426779375,0.8918155697142324,17779.754057214763,0.1570326303969353,2.0,56.756131536086016,2.4522930107215805e-05,0.8310451177159639,8.335223921948005,17,0.6973237669695607
B0045,229,0.7504048978314295,0.9258809229165732,17587.887105059992,2.1517187033748097,2.0,33.09686449853823,2.418837756305361e-05,1.9113364624170623,16.479704265604315,18,0.6935482377020717
B0045,233,0.7407258109620256,0.8729123692525418,17446.43327291782,0.0,2.0,53.7469023299719,3.146335756938711e-05,0.4385559375945529,2.6904591816716,19,0.6846025156522294
B0045,237,0.7308525593793626,0.8862881346296542,18082.58561460777,0.2187583881995904,2.0,50.476379845295455,4.023769028232471e-05,1.5898812619648668,12.840923048249335,20,0.6754773403564208
B0045,239,0.7287255851177903,0.8913564154440837,17226.5046741388,0.0464211054466544,2.0,56.26846685282834,2.9308820469519183e-05,1.188901845638592,7.417307478359089,21,0.673511522629199
B0045,241,0.7161023377036263,0.8459072248449234,17045.37898563844,0.1189572534447171,2.0,33.6902694990449,2.9339098378023672e-05,0.8937534241786843,7.723546591785426,22,0.661844713119465
B0045,245,0.7129204834988017,0.8409527306283588,16939.054207864447,0.2352726911203968,2.0,33.43972607631506,3.477985518285177e-05,1.0296435017238184,7.819101604013829,23,0.6589039415669894
B0045,247,0.7141991829499618,0.8572829442505694,16867.648592024718,0.1786719861807026,2.0,43.223963373209706,3.050379071745193e-05,1.3939983498719668,10.703848618399528,24,0.6600857565490951
B0045,249,0.7190570819844222,0.826357124942403,16802.095588957978,0.7325697220430318,2.0,38.51920462045953,3.352518338293401e-05,1.2043249763348354,8.369015782997261,25,0.6645755824071367
B0045,251,0.7173975428775917,0.8523433810442336,16605.486113634524,0.1924248073811688,2.0,55.364333223333006,3.46154074380793e-05,1.2713900465960415,11.328769056425717,26,0.6630417832191702
B0045,253,0.7071027496463946,0.8703237915418552,16485.476347409975,0.1500536765791152,2.0,43.87086601261454,3.1635232033228715e-05,0.6474904019803828,3.1561967260565327,27,0.6535270056322469
B0045,257,0.703531206505542,0.8395966157047206,16415.321501625134,0.0,2.0,43.0511627826875,4.110496680249772e-05,1.8961207165696636,16.65043058943464,28,0.6502260710856127
B0045,259,0.6941108278958862,0.8159892202077188,16296.968964627276,0.327729557540806,2.0,21.336407002668626,3.002951267965186e-05,1.2538242262100605,13.74145725622402,29,0.6415194554943578
B0045,261,0.6914114388869608,0.8443544709159952,16157.265373273734,4.368649722789512,2.0,30.23863006451085,2.818581705861047e-05,1.46103083579224,12.034319845996183,30,0.6390245937265006
B0045,263,0.6971551798505504,0.8340485470280623,16028.258244165416,0.1229381607276165,2.0,58.9604799069538,2.897861031829692e-05,0.7247374280851432,4.845252182382533,31,0.6443331430638339
B0045,265,0.6832460217432723,0.8155325179600471,15940.52342234807,0.0880888164543516,2.0,49.10496831002229,2.7952440787820316e-05,1.3760922619410711,10.952317468220636,32,0.631477853711246
B0045,269,0.6822029317493292,0.8194954526528563,16402.98591735393,64.73639212667521,2.0,47.18583343270864,5.355646766300877e-05,0.5870844150758234,12.968629601431946,33,0.6305137965347076
B0045,273,0.7289529213213379,0.8743134569452579,16835.80326040838,0.1381856829590936,2.0,45.91916548937499,2.9432900859401428e-05,1.0397713883549031,6.535519211195403,34,0.6737216340287807
B0045,275,0.7139321758287004,0.8546042155287535,16398.39098804154,0.1500536765791152,2.0,61.45838523299446,1.920834613316261e-05,0.5356491503797811,2.5414084588449666,35,0.6598389800169324
B0045,277,0.6957731747455482,0.8347804213669665,16305.658596882182,0.0559560060129061,2.0,34.0369397243463,2.6795838590609368e-05,0.732210587619839,4.6224523217310605,36,0.6430558496881651
B0045,279,0.7018312962317095,0.8266460160985106,16185.108812457109,0.0139987118953874,2.0,50.2775052578722,3.1700155188141266e-05,0.3302467084340326,1.6056779218493218,37,0.6486549595722481
B0045,281,0.6911808244378487,0.8541020448179382,15884.70515568573,0.0623078257625722,2.0,37.510054852170775,2.2552246765513487e-05,1.208466712565254,10.432678568726386,38,0.6388114524673849
B0045,285,0.6843279752855028,0.8042709808104979,15949.007212946788,0.086357481963049,2.0,49.88936931824607,3.938579823003478e-05,0.6393244358619744,5.409409060598436,39,0.632477829823686
B0045,287,0.6741394908812485,0.8244891649527594,15660.838933483748,0.1378579668194077,2.0,59.58857109646339,2.46274180284045e-05,3.3107271375847622,35.27453457605136,40,0.6230613062590797
B0045,289,0.6670070174301739,0.7832373304278679,15606.798351101945,0.0645705332858644,2.0,50.71988083853001,4.232004703902074e-05,29.424209244132506,370.3308925125616,41,0.6164692458837479
B0045,291,0.6804085117374855,0.8170786063798823,15518.851371846133,36.22384305076575,2.0,51.93171248211411,3.209143394846293e-05,0.2750640287923915,2.462710892911478,42,0.6288553360948731
B0045,293,0.6617864063235485,0.7846819928233203,15384.067899488276,0.7431814830753631,2.0,10.681625292539463,2.9076648081523398e-05,2.2419201563488538,22.82257473117062,43,0.6116441899130427
B0045,297,0.6623168733492338,0.8102695595034962,15227.17913495338,0.1238314088284291,2.0,52.52613872458208,3.180897501847976e-05,0.9904029325458428,6.197967234932251,44,0.6121344645259701
B0045,299,0.6679358357181778,0.7991485268032499,15173.725262028773,5.112830410414174,2.0,57.31342357846564,3.059408398499857e-05,1.8430949735549769,14.85198802784403,45,0.6173276894901958
B0045,301,0.6488990885270688,0.7931297262606166,15064.687247250517,0.0002168965196984,2.0,61.99208435164621,2.5304482297661088e-05,6.328550634553658,74.29781523216967,46,0.5997333180993264
B0045,303,0.6503639129625527,0.7785426700687607,15004.884425719318,0.1311808081828769,2.0,32.0952578810575,2.7651189883941053e-05,0.2685009644258985,1.4367780998447828,47,0.6010871557524503
B0045,305,0.6572077690202801,0.790568508592277,14903.02679384444,0.3673751808552234,2.0,28.872300941729684,2.739390799216302e-05,1.703653323041261,11.827706076179146,48,0.607412466690106
B0045,309,0.6363517458476216,0.767125814239322,14831.324587362997,0.336376551523053,2.0,51.19442337793148,3.32516638311045e-05,0.2389295641749322,0.9231565595325378,49,0.5881366621762071
B0045,311,0.6536449360948587,0.7802990564506849,14757.826851600348,0.1494904279025639,2.0,55.867251471690025,2.4621201276645867e-05,0.5076827135256003,3.328272812866695,50,0.6041195824035112
B0045,313,0.6391428272150887,0.7680742555172659,14577.225774310196,0.6987969788984357,2.0,46.68105568614464,2.097583632910287e-05,1.7703889273152895,15.215982139199737,51,0.5907162689582044
B0045,315,0.6482206049496236,0.8072669932525768,14549.551000131709,0.0728050156182579,2.0,9.714189177766604,2.8917376375376813e-05,0.5820648870782917,5.356474421956761,52,0.599106241849149
B0045,317,0.6287957471922729,0.7778587592886526,11669.73508669281,0.2467890935034716,2.0,57.48002198577291,-0.0001100128516776,0.8824253151506094,5.167503530242296,53,0.5811531662440237
B0045,321,0.6380571850193401,0.8216041516298425,15810.298492192547,0.306813178697577,2.0,42.71725790905244,7.150957309312689e-05,5.427961093325524,58.62922276194115,54,0.5897128836740565
B0045,325,0.6554825047832906,0.8554020904749773,15594.668490423044,0.1988412948670767,2.0,34.48613253316785,2.942511640387276e-05,9.922943095650805,103.99714316146144,55,0.6058179222320509
B0045,327,0.6484934835397033,0.8239578457815732,15317.916387701183,0.0,2.0,35.961021183201254,2.31108366672822e-05,1.10777208221249,5.562493964824495,56,0.5993584449808227
B0045,329,0.6454071687844921,0.8041222641856363,15169.969911601922,0.1500536765791152,2.0,56.96751281723134,2.8166569110544645e-05,1.511440069085664,10.350624912706545,57,0.5965059740472555
B0045,331,0.6427008031845645,0.8037154123171534,15153.086203617791,0.0,2.0,42.44379672274726,3.1603440169776986e-05,1.1202551723523004,7.587114575180801,58,0.594004664290574
B0045,333,0.6352454880802477,0.7944969209101663,14962.108216287612,0.6414741139991272,2.0,23.08135525086539,2.7202288128265423e-05,0.7392655318316825,4.232950406598623,59,0.5871142233205658
B0045,337,0.6156760019587869,0.7647508697595556,15036.86501388867,0.1489974740191688,2.0,61.9864945619856,6.516623895078782e-05,0.3174493687310393,1.845432411773589,60,0.5690274775497204
B0045,341,0.6170833682807023,0.773955589257247,15278.86421033886,0.0,2.0,41.53283343374145,5.84588674602919e-05,1.8941341736920745,17.872360315415968,61,0.5703282105742334
B0045,343,0.6434227390858672,0.7816680629202143,15073.70378590839,0.4414608455801692,2.0,49.39329686017094,3.513334959912309e-05,3.3140097531917885,24.44533972392973,62,0.5946719005699871
B0045,345,0.6278124433742752,0.7809197261631273,14749.151421178156,54.22806794437828,2.0,39.27976674507956,2.812825557761265e-05,1.871653826302436,17.894097291875546,63,0.5802443653658993
B0045,347,0.6290078315253372,0.7686132515267499,14745.524335729877,0.4539078081862755,2.0,41.21106138401229,3.5577814736537406e-05,1.0717932961091232,9.48780065521615,64,0.5813491813764755
B0045,353,0.6266355568292261,0.7737608672664961,16302.196808562325,0.1500536765791152,2.0,59.96039364199332,7.512132086191371e-05,1.4366514755513895,11.503554274642685,65,0.5791566491320995
B0045,357,0.6495813516716594,0.8170192169140351,15584.520318249995,0.0185344740245827,2.0,62.98374103319853,4.135816626666974e-05,1.2221149068883508,10.313020015866124,66,0.6003638875464973
B0045,359,0.6337485177966306,0.806435148127754,15311.12830250656,0.8794881481297971,2.0,46.38433284098767,3.719013989228335e-05,2.440447503744947,20.09326305565208,67,0.5857306754451517
B0045,361,0.6298550929085645,0.7692366275004558,15257.517350580734,45.61574365717881,2.0,27.935840748738897,4.4583611131396455e-05,1.133625487144681,9.95451190501824,68,0.5821322474797331
B0045,363,0.6183063778386736,0.79148422525074,14992.577589196046,0.1500536765791152,2.0,45.99326869189122,3.964999480279625e-05,0.5858500304826298,3.449665174364157,69,0.571458555173629
B0045,365,0.6069476168507777,0.7593065137767377,14845.051162879869,0.0,2.0,61.330795876540485,4.2872211823619e-05,1.3669576732334443,10.48332479733316,70,0.5609604245132347
B0046,553,1.7282392323598248,1.836191229925571,22130.94365908096,0.094511174637157,2.0,37.4542579962517,-0.0001661104799523,-0.0002877535199944,0.0006423855541782,1,1.0
B0046,557,1.5161488467923143,1.6205894989066822,19340.89987256309,0.0,2.0,39.1502066668109,-0.0001827802783265,-0.0003194375751798,0.0005105600626957,2,0.8772794983493625
B0046,559,1.503121190703977,1.6043534772257082,19142.83566700367,0.0,2.0,30.557380740174597,-0.0001878428771193,-0.0003406411681745,0.0006145099332388,3,0.869741389131376
B0046,561,1.48586566102824,1.60956101915528,18966.550636170767,5.6745414409373325,2.0,47.87567536877798,-0.0001904810366041,-0.0005617275395241,0.0033597083660107,4,0.8597569324932892
B0046,563,1.4694562316392716,1.5429674971395246,18799.203673857995,0.2287880284760804,2.0,43.09563797532955,-0.0001932454561142,-0.0008419827344142,0.0071199320472548,5,0.8502620494460146
B0046,565,1.458955459264481,1.5781182352823413,18651.53863503704,0.2998020690910881,2.0,33.05390161369645,-0.0001945815401815,-0.0003758899341139,0.0008139979349813,6,0.8441860547699462
B0046,569,1.4556853555098297,1.5750906758201604,18472.3032139644,0.0416857435306614,2.0,26.982798983354776,-0.0001900772540409,-0.000293939894885,0.0008397269745973,7,0.8422938955749567
B0046,573,1.456232262380321,1.545319836645655,18600.78532134732,0.1581909867701955,2.0,45.62035334530232,-0.0001969298502924,-0.057289495478494,0.8109142995553235,8,0.8426103487952349
B0046,575,1.4440592236675138,1.5277700156280498,18427.417339143914,0.2796915772684416,2.0,50.07576407701524,-0.0002003027496084,-0.0011114314176668,0.0107366628995543,9,0.8355667413565903
B0046,577,1.428294264765868,1.5248373066534275,18262.820727275197,0.3522514644149669,2.0,29.271449428440647,-0.0002040647914482,-0.0004492881447911,0.0014150154603952,10,0.8264447641404387
B0046,579,1.4199848948034668,1.5346267213724405,18110.6090890884,3.1051495890240988,2.0,52.687698448009655,-0.0002057399536003,-0.0004056687204265,0.0009064995369627,11,0.821636766609301
B0046,581,1.4043226018516568,1.5142337658803289,17976.87575120543,0.4660719463037376,2.0,55.03606980304957,-0.0002102271209667,-0.0005009484800845,0.0019375221501019,12,0.812574194334267
B0046,585,1.4234351301615986,1.556980577038484,18074.852027790683,1.1100515504337984,2.0,37.5109334966378,-0.0001943951966676,-0.0003239163413582,0.0006401512495852,13,0.8236331542005146
B0046,589,1.4339948857967295,1.516731997871888,18337.6747894272,0.0002939017063881,2.0,47.02570640421881,-0.0002006040576578,-0.000376164241644,0.0008244519331648,14,0.8297432779828061
B0046,591,1.4185177047756572,1.5345310142389514,18169.61229554503,1.1343444357551455,2.0,36.611713011394045,-0.0002068454433663,-0.0005279865177609,0.0023872471494407,15,0.820787815838865
B0046,593,1.4056313337829422,1.5509745928355747,17912.544272484,50.49345287318652,2.0,46.54090547694288,-0.0002082572449372,-0.0335829213406314,0.4616953970079835,16,0.8133314575110198
B0046,595,1.3890214025155618,1.4724454061588648,17776.49411511946,0.0,2.0,51.45461204811085,-0.0002125631997302,-0.0003714685657285,0.0006171170741592,17,0.8037205593457811
B0046,597,1.3723339082737365,1.4887436748411955,17600.801903430656,0.2090273663138166,2.0,33.54718287516142,-0.0002158112658411,-0.0005304549958822,0.0025583335715819,18,0.7940647814133248
B0046,601,1.3615778905990563,1.4799287016823204,17410.096820341278,8.744068968672742e-05,2.0,43.62804960413699,-0.000216762947234,-0.0003790116633864,0.0006353644967242,19,0.7878410957838802
B0046,605,1.4100282016237429,1.5262752813708191,17999.8545584484,64.60089050728796,2.0,31.38520779855189,-0.0002122767881618,-0.044070586190899,0.6074413407662405,20,0.8158755889937873
B0046,607,1.3395671374926488,1.4842392074600068,17185.35166971542,0.375256615538352,2.0,47.91246670919335,-0.00022402139822,-0.0016755921361564,0.0178511065917712,21,0.7751051546628394
B0046,609,1.3291515487117478,1.5139960170126685,17003.979987039187,0.0,2.0,32.50903346615111,-0.0002251359927151,-0.0003882779830588,0.0006426660329693,22,0.7690784492242184
B0046,613,1.3181687033905718,1.4297458661821347,16869.913097087723,0.0,2.0,45.488533693872974,-0.000225383933135,-0.0003750939051239,0.000593085436066,23,0.7627235157662043
B0046,615,1.312423708466101,1.420935761250709,16782.54636602661,200.34020289692688,2.0,37.66092943707972,-0.0002282594220692,-0.0482243381392596,0.640151198147441,24,0.7593993261419322
B0046,617,1.2993237532162487,1.4211807032731714,16647.544057284864,0.2998020690910881,2.0,31.58878765864945,-0.0002336193425747,-0.0003848411142186,0.0006101130995868,25,0.751819382923096
B0046,619,1.2877483042174591,1.4108223622938365,16459.756661483887,0.6808220788104,2.0,34.24508147213367,-0.0002334419475086,-0.000555538295255,0.0023249664220318,26,0.7451215549939245
B0046,621,1.2865282739749122,1.3723637207071242,16383.206233705743,0.5083449696563416,2.0,34.74518276540493,-0.0002351117023707,-0.0005378361884034,0.0020528087873537,27,0.744415616707313
B0046,625,1.2719636386987183,1.4215354300349328,16251.992427971009,0.0,2.0,57.1039314163313,-0.0002344841804387,-0.0004065806077706,0.0010468744616877,28,0.7359881750641172
B0046,627,1.2714495345417192,1.410186215840333,16181.279500137583,0.2998020690910881,2.0,39.22279347439503,-0.0002370819108304,-0.0388167133127818,0.5033183043024524,29,0.7356907022678904
B0046,629,1.2615423884659074,1.376685837190372,16052.146249650465,0.2923642912447083,2.0,37.23515936612671,-0.0002419457428508,-0.0008843961212152,0.0061801099355121,30,0.7299581937758316
B0046,631,1.2421201619204132,1.3556220940345691,15904.356804245914,0.0,2.0,45.17611411600826,-0.000243271847153,-0.0003978055631859,0.0005987900496111,31,0.7187200352027421
B0046,633,1.2402537441669796,1.3982102173448467,15818.26476636918,0.1387978153409869,2.0,58.577451133658464,-0.0002456727499085,-0.0006440318989466,0.0031265518006949,32,0.7176400818499385
B0046,637,1.2851130012242886,1.395887235310126,16278.086734424422,0.0002597246733015,2.0,35.9970607580036,-0.0002245999887267,-0.0003704818307039,0.0006159073946052,33,0.7435967064985156
B0046,641,1.3043327841699193,1.4157115578219424,16700.59752356996,0.2035483986256782,2.0,36.25433330759528,-0.0002307224096329,-0.0004295684789953,0.001109348682124,34,0.7547177264277919
B0046,643,1.2778639041619957,1.4066402746722826,16375.207244611309,0.2998020690910881,2.0,33.41417337972045,-0.0002362041009774,-0.0004875132101747,0.0014028192009697,35,0.7394022078859627
B0046,645,1.272346459165154,1.3881801784544496,16197.028421635052,0.4976630637394186,2.0,41.79632452942473,-0.0002395706669985,-0.0004815282045834,0.0012521816504108,36,0.7362096840191669
B0046,647,1.2477883952768762,1.337144557373196,16022.248275891918,0.3250384548194269,2.0,41.35778366494378,-0.0002452629088865,-0.0006530964078364,0.0031034495881459,37,0.7219998087724714
B0046,649,1.2352499196655526,1.423581515793657,15826.144925705825,0.3145573687696263,2.0,40.08677811245224,-0.0002458357418832,-0.0005350195101036,0.0018483603013832,38,0.7147447509213642
B0046,653,1.229251291851949,1.338587766187223,15732.789874763352,0.2998020690910881,2.0,35.71615451268656,-0.0002470353748991,-0.0004049162502782,0.0006242442869027,39,0.7112738033226265
B0046,655,1.223890910501634,1.2974250631098954,15575.666506395492,0.304844261491468,2.0,50.88469035000689,-0.0002483896013084,-0.000695255263556,0.0032725698562528,40,0.7081721601878415
B0046,657,1.205423323571373,1.3258087286569007,15422.874349184163,0.3599783437690856,2.0,48.57555428497136,-0.0002532374060593,-0.0018282867050657,0.0180168942585266,41,0.6974863786221467
B0046,659,1.1957824090008151,1.2937298774742994,15340.39363415481,5.223133183424618,2.0,44.44822156754323,-0.000256430714492,-0.0006323904388014,0.0025069744159679,42,0.6919079179611226
B0046,661,1.190072949669846,1.3350320739406965,15210.617249181263,0.2998020690910881,2.0,9.87431602257284,-0.0002584970490749,-0.0010523117467864,0.0080573615200094,43,0.688604290069761
B0046,665,1.179201763233652,1.2894818519120983,15092.902557695848,0.0791873909469512,2.0,38.003506820991696,-0.000255914631271,-0.0004578971604696,0.0008063231118093,44,0.682313965077341
B0046,667,1.169504032514554,1.28024283515728,15006.160023169768,1.7841850695865142,2.0,58.716664531438845,-0.0002602673512401,-0.0008399501300235,0.0052439632977657,45,0.6767026292521171
B0046,669,1.16772376849918,1.3035965130754652,14930.720772189788,0.2998020690910881,2.0,42.3303127320162,-0.0002624702144079,-0.0007845600128032,0.0046061883096984,46,0.6756725264850695
B0046,671,1.1579256145829042,1.2880141630549948,14846.073255644178,0.3057597902074022,2.0,32.50416541645928,-0.0002653988258567,-0.0005439611110069,0.0016187216202091,47,0.6700030834283367
B0046,673,1.1499812813376982,1.2644972203925886,14735.459419770414,0.2998020690910881,2.0,32.16276875927081,-0.0002654911607619,-0.0009417922714901,0.0064282616432963,48,0.6654063047553063
B0046,677,1.150285902223034,1.2768005045432926,14655.225506270974,0.0,2.0,56.640817404519,-0.0002616266275695,-0.000383046515233,0.000418095178212,49,0.665582565587506
B0046,679,1.1349452274085248,1.2434456581109563,14602.31905185478,0.9743582494121844,2.0,49.09202834380465,-0.0002700970933288,-0.0005892294961055,0.0018251789035052,50,0.6567060891557319
B0046,681,1.1380960963513609,1.231346779515766,14488.680742408273,0.3763330543865855,2.0,56.29892380430002,-0.0002671064352641,-0.0014208627860826,0.0127011821617819,51,0.6585292562750975
B0046,683,1.123711172150547,1.23090900573212,14369.114321512632,0.4589998764852541,2.0,37.17826236101156,-0.0002712652489878,-0.0005821101622161,0.001889875105889,52,0.6502057997006441
B0046,689,1.214119211354098,1.343188659002532,15593.844067185468,0.0664507460237586,2.0,32.1101380502686,-0.0002437599772968,0.0001191094134601,0.0063559231124095,53,0.7025180244845376
B0046,693,1.211944797522819,1.3017102784067422,15485.478809544044,0.148165861579086,2.0,49.77137329012612,-0.00025301428583,-0.0004335609140187,0.0011032773517271,54,0.7012598573335063
B0046,695,1.1971248679331925,1.301255590640294,15269.309335398517,2.1029819483058536,2.0,8.426489129330957,-0.0002581468104656,-0.0006559962610481,0.0029196213765397,55,0.6926846963765415
B0046,697,1.1822892151870987,1.2911817084478163,15083.261322130158,0.0,2.0,37.575294829667655,-0.0002609715336653,-0.0004197546162481,0.0006046989112428,56,0.6841004376302356
B0046,699,1.1645336676778395,1.2712278267657258,15006.956444892658,0.9225165313095848,2.0,36.56350538177887,-0.0002658648881236,-0.0008339164640464,0.0050513298791503,57,0.6738266588750718
B0046,701,1.1535559567518647,1.274882646866384,14865.809419400275,0.0,2.0,61.453974007328895,-0.0002667685350906,-0.0003922714160389,0.0005496967316753,58,0.6674746962992741
B0046,705,1.1601987101282063,1.307332444927885,14796.27931056826,0.0168597072913742,2.0,43.40852463941241,-0.000255284741617,-0.0009680196500451,0.0070173528755134,59,0.6713183501476312
B0046,709,1.1711716308206082,1.2874358243674715,15075.29562883417,183.00802707945869,2.0,34.745017748102065,-0.0002618944558719,-0.0725768110365405,0.8912933085952944,60,0.6776675409812515
B0046,711,1.1563410270783216,1.2737666771983882,14886.182023492394,0.3598318161204594,2.0,58.95377107613142,-0.0002689104735417,-0.0046676472309546,0.0519863316037318,61,0.6690862037076866
B0046,713,1.141082456193516,1.2491315887975276,14662.296771165533,369.1033982082567,2.0,32.145229363359746,-0.0002690948416023,-0.0258940985252023,0.3094416865892311,62,0.660257234546993
B0046,715,1.1352383596118123,1.2487857371666822,14578.440008774449,0.2998020690910881,2.0,30.98064271097953,-0.0002738022188425,-0.0008546292041303,0.0050337016406401,63,0.6568757023654074
B0046,721,1.2530847858282803,1.390596369088052,16076.006091705727,0.0,2.0,44.73000676416001,-0.0002424276522858,-0.000378731903991,0.000561845608146,64,0.7250644253210565
B0046,725,1.2050453590356518,1.3350823567916592,15442.61565227622,0.2998020690910881,2.0,42.420718965934526,-0.0002544282544193,-0.0004282334510141,0.0006597038654411,65,0.6972676794231909
B0046,727,1.19119860196273,1.2866332838761094,15214.340754440618,0.5906770946768862,2.0,43.20350262210186,-0.0002588037592474,-0.0012364858826894,0.0102978691342044,66,0.6892556190477215
B0046,729,1.17463817374538,1.289015963658693,15079.235254613235,0.0,2.0,37.54025096506229,-0.0002639646195688,-0.0003860666266359,0.0003988147121538,67,0.6796733645153222
B0046,731,1.1555432048235512,1.2956066654872689,14866.175923450292,0.2998020690910881,2.0,37.86759817945158,-0.000267265885773,-0.0004026458673803,0.0005479581388814,68,0.6686245649253746
B0046,733,1.1538041170229467,1.251520358577511,14742.745218662352,0.0016329002138727,2.0,40.81856401627601,-0.0002678097668416,-0.0004398397208859,0.0006498900720107,69,0.6676182876878015
B0047,1,1.6743047446975208,1.7415259469446347,22354.398430071324,0.0328063473450826,2.0,47.743786527167885,-0.0001415379746733,0.1448539045722029,1.4887606663086843,1,1.0
B0047,5,1.5243662105099025,1.6042398899248016,19638.14115076585,0.0110334070843725,2.0,33.498860072345934,-0.0001564538428377,0.0466335699275239,0.556437410699846,2,0.9104472858585216
B0047,7,1.5080762969973425,1.548292885421417,19409.48540672772,0.0,2.0,42.75561890491242,-0.0001609289930529,0.032094068390229,0.353954571480079,3,0.9007179259172385
B0047,9,1.4835577960067696,1.532258722541614,19223.306115080035,1.5502023350575975,2.0,37.26641017882798,-0.0001634491771617,0.143337491152061,1.5562230339004506,4,0.8860739364832826
B0047,11,1.4671391666146525,1.5244710912247996,19045.560426006145,0.0,2.0,16.68610651906167,-0.0001673583740451,0.138592989613747,1.260285424644985,5,0.8762676993307483
B0047,13,1.448858156982267,1.5105462688052378,18897.810688611527,1.7341408449559146,2.0,36.40980387792655,-0.0001673705730983,11.665139541026228,166.02147065742915,6,0.8653491316743638
B0047,17,1.4458534180949325,1.5038963036071618,18767.263766789463,0.2365190036507541,2.0,37.04775040707954,-0.0001648583098003,0.9964359048177506,13.96088958264728,7,0.8635545128053375
B0047,21,1.431118266178283,1.5078266515111776,18868.140363600636,0.3806795652332079,2.0,40.51066827952216,-0.0001664299598534,0.0390264558647513,0.3262744644564793,8,0.8547537541839961
B0047,23,1.419274551657853,1.4929473362785812,18681.94436683805,0.2365190036507541,2.0,30.74604631645186,-0.0001675266859593,0.1013071327379283,0.9946606338199278,9,0.8476799436617847
B0047,25,1.3999974221808271,1.4598731370674074,18518.23831034628,0.2865764011929592,2.0,33.9528047618901,-0.0001706305044133,13.067973088363182,183.0137882730639,10,0.8361664306420813
B0047,27,1.3885156686114437,1.4537341103205106,18362.428690909408,0.0,2.0,35.64507233472497,-0.0001696757353825,0.199526701990089,2.0650315384472275,11,0.8293088059439815
B0047,29,1.3652234669528964,1.401334081211285,18227.0828860554,1.8715212671455064,2.0,40.99996592948274,-0.0001738534462213,0.1231183083503267,1.2730289806786117,12,0.8153972395267488
B0047,33,1.4060442272970963,1.4789717513814948,18444.076184484584,0.0005362549977949,2.0,41.37939976399917,-0.0001633158497029,0.3374626591719467,4.030915566681788,13,0.8397779626140351
B0047,37,1.405754161352578,1.4616967463989967,18645.840632096275,0.0,2.0,35.45528743537187,-0.0001649089132121,0.3366557795187665,4.405626132617441,14,0.8396047170054104
B0047,39,1.3867662881727878,1.4654933309097458,18470.248511704514,0.2365190036507541,2.0,40.56455215748711,-0.0001668046470136,0.1478841801489067,1.662116826092925,15,0.8282639660220997
B0047,41,1.3705053061420225,1.4198401557097526,18174.732985497736,0.0,2.0,41.38733506031022,-0.000173622928197,0.2690531584784024,2.112110775170075,16,0.8185518857796807
B0047,43,1.34974311148236,1.3984458135145537,18067.483195560497,0.0014893069511083,2.0,32.51719892843978,-0.0001696572573693,0.1874914928558921,1.757732736186058,17,0.8061513985174807
B0047,45,1.3251533367939785,1.395277463202521,17879.822525043586,0.0010053847555011,2.0,40.98127850336649,-0.0001724060369973,0.1368780283396268,1.2693434648409103,18,0.7914648399526456
B0047,49,1.3111943869635805,1.3616646307827796,17709.24255706941,0.0299480909595857,2.0,31.491027672996815,-0.0001722197235116,1.0185042659250565,12.458531954925736,19,0.7831276779905801
B0047,53,1.3394234405932892,1.38135810357295,18297.15868898599,0.1020656216703135,2.0,43.08908904459025,-0.0001643673895171,0.4179411168552387,3.3284705257799296,20,0.7999878426165894
B0047,55,1.2849157142560723,1.3494465520213306,17504.117696683697,0.2749119760516832,2.0,5.570653073800544,-0.0001717149450072,0.2099859459890581,1.4598472804298894,21,0.7674324034052742
B0047,57,1.281719159327807,1.3299351948426263,17310.564378755353,0.8135025147839211,2.0,35.20042487939321,-0.0001744023110137,0.3480420509254197,3.926312658026722,22,0.7655232199436679
B0047,61,1.2600051642942829,1.3406846166311217,17207.28221984985,0.0,2.0,38.8948813143072,-0.0001709509014474,0.2706322975002129,3.072655930873752,23,0.7525542576909527
B0047,63,1.266070385993126,1.3646897375656435,17083.20601331676,0.2365190036507541,2.0,33.028050399852795,-0.0001774198937754,0.2046031259567149,2.080048661925028,24,0.7561767892032425
B0047,65,1.2413590294280803,1.310782713620663,16976.127072066512,64.07024781030302,2.0,28.471103403201727,-0.0001756195875096,0.1938933532779891,1.7760274283175532,25,0.7414176143019554
B0047,67,1.2298873703485311,1.309538188967625,16769.21619601996,0.2365190036507541,2.0,41.94390502435557,-0.0001776706825395,0.1922270119671016,1.7280732639900105,26,0.7345660186674811
B0047,69,1.228088614506696,1.3037635004264947,16691.207471606212,0.2365190036507541,2.0,47.40353502361908,-0.0001786642715268,2.290085972719544,26.12514815967397,27,0.7334916886522722
B0047,73,1.2139857189070042,1.316623128902234,16591.44148056132,94.93886353226706,2.0,35.95701248776992,-0.0001760978569295,0.1454194162653896,1.6603417673844023,28,0.7250685532318206
B0047,75,1.2173435064564189,1.2507537119948602,16479.067626051805,0.1802352484876719,2.0,34.4576402737249,-0.0001854201176795,0.1463386744731894,1.1488372082875429,29,0.7270740349459761
B0047,77,1.2073445944515917,1.2641390529464929,16360.673522600342,0.2365190036507541,2.0,42.85114540381298,-0.0001853371408403,0.1082320353655602,0.8433594097531959,30,0.7211020564059323
B0047,79,1.18804049227045,1.23511355766495,16251.051833817655,53.25243291580517,2.0,6.01824829156052,-0.0001797755564288,0.0952821608250047,0.5474723804265395,31,0.7095724335924766
B0047,81,1.186304749886542,1.264134715960737,16125.114973216892,668.6158326239294,2.0,37.15788886829165,-0.0001887376772521,0.1141807639799084,0.8797146303913351,32,0.7085357391738499
B0047,85,1.2613935471028506,1.3141841209035994,16733.432582679023,0.1101174798227793,2.0,34.215327128211456,-0.0001817290106814,0.1090273154664148,0.8040139620728358,33,0.7533834871445302
B0047,89,1.2648246158850651,1.3497877054227512,17100.32526985857,100.97547714003476,2.0,27.398848767213718,-0.0001803319701353,0.098784659477606,0.915969250530414,34,0.755432737015607
B0047,91,1.24664945489822,1.3141353684104786,16744.967986768293,71.19004450427083,2.0,29.152893204508626,-0.0001858183754366,0.1163656412521669,1.2915546869118204,35,0.7445773888214354
B0047,93,1.2333924152795082,1.2672442788397795,16553.350156372213,4.689573979357621,2.0,30.24041088098509,-0.0001891039292335,0.0684490173072697,0.4425444752711849,36,0.7366594517429575
B0047,95,1.2129250072037692,1.2604862402797403,16386.468306916424,0.2365190036507541,2.0,34.07545891952306,-0.0001900268390922,1.5702166902587693,18.425977141411444,37,0.7244350295518608
B0047,97,1.1999106597943647,1.2670156981879137,16198.803773123878,0.0,2.0,30.830134997263027,-0.0001885283191788,0.5575399926262449,6.18196571557688,38,0.7166620435105678
B0047,101,1.1902559038393383,1.2473570499215814,16122.47877589676,0.261943626632067,2.0,37.14821729745714,-0.0001887219374729,0.2268833629575917,1.6864961199891335,39,0.7108956165888245
B0047,103,1.1892563795455853,1.2886261527301934,15901.121276568208,36.30866056279142,2.0,32.54540117256928,-0.0002023167437443,0.1532932358484003,1.8011745003417008,40,0.7102986378745739
B0047,105,1.167069685125939,1.2381096852530646,15772.957516461756,0.025989252644913,2.0,38.61360092648355,-0.0001994479979341,0.0997612621984675,0.6783471796146476,41,0.6970473498459693
B0047,107,1.1615348403090369,1.2403107934328712,15721.55234644326,0.0,2.0,40.79812412791885,-0.0001941343620038,0.0907903787910929,0.6378941377857311,42,0.69374159273429
B0047,109,1.1555563844349988,1.2325746185102893,15575.659418688409,0.2365190036507541,2.0,34.471948942275354,-0.0002010888791462,0.1862833146390468,1.7340463267141493,43,0.6901708832245835
B0047,113,1.1488524666097713,1.216269098228319,15482.631771024744,0.0743271284231396,2.0,24.591596988845545,-0.000196881550427,0.1926875839887145,1.4894306196827436,44,0.686166882252563
B0047,115,1.143572986788779,1.2004170572065622,15398.488792688377,0.0,2.0,43.318536417253,-0.0001970757512723,0.3461978315820893,3.7187232702889954,45,0.6830136451625336
B0047,117,1.1418015379428537,1.19181302132482,15288.30326358584,0.0012208809747553,2.0,44.67172570789712,-0.0002084822005164,0.0886774909337358,0.6138448884836555,46,0.6819556246011421
B0047,119,1.136058647502255,1.190954846494421,15220.275531462235,0.0015924263949983,2.0,34.80447262400825,-0.0002091506711346,0.1742474253540605,1.366460408629368,47,0.6785256095702547
B0047,121,1.1236364680969286,1.1864656311526944,15109.192211731008,1.5108183715091312,2.0,38.26595984314355,-0.0002071594283986,0.1625882819501471,1.234269368099678,48,0.6711063034704141
B0047,125,1.1320498900328944,1.188570878350936,15025.729453393174,0.2365190036507541,2.0,40.43399803694764,-0.00021532533375,0.1318758831462388,0.9371931524330258,49,0.6761313277156185
B0047,127,1.117010176215815,1.180197099451609,14999.092865667431,0.2365190036507541,2.0,39.99450646235824,-0.0002084703330595,8.444455576174827,102.03971677796312,50,0.6671486655899155
B0047,129,1.120043039721982,1.1912413044526018,14843.737128265831,1.6204685517525856,2.0,33.97759111301588,-0.0002189853591886,0.5660811310601418,5.6657109671659045,51,0.6689600822485446
B0047,131,1.1059773445917065,1.1698849928278452,14765.122402797835,0.2713272070754305,2.0,26.156713312283127,-0.0002088590252672,1.0285732042834694,11.971794169517093,52,0.6605591652859539
B0047,137,1.1907902374762016,1.2437776883704308,16146.674176040344,0.0087082958385171,2.0,8.090350487294057,-0.0001863451450909,0.1451146208289421,1.071377235302812,53,0.7112147542121009
B0047,141,1.2012387088454022,1.270844139529252,15964.640888789245,70.13976593790466,2.0,37.32767858131589,-0.0002021649500707,0.1461219665711311,1.4347713296951636,54,0.7174552378530215
B0047,143,1.1906909549024802,1.2507938995628032,15695.25923289078,0.2459250458474789,2.0,35.10568699122215,-0.0002126218638897,0.1826990569974283,1.335191686069682,55,0.7111554564205633
B0047,145,1.1764375730308343,1.2683524698421549,15525.17289744806,0.0,2.0,20.712781555515807,-0.0002075461258759,0.1674608691758808,1.588023755315447,56,0.7026424411425586
B0047,147,1.1628110372792353,1.241757831842332,15458.252033347397,0.5637872857055082,2.0,38.71517326265524,-0.0002135245268357,0.1202485250111145,0.8060304564378153,57,0.6945038177558939
B0047,149,1.1516152840582583,1.1910536240571736,15325.079317278662,0.3229327088531503,2.0,34.08112232269174,-0.0002131058676275,0.119971415194576,1.0072759653336771,58,0.6878170104369552
B0047,153,1.1583673498348623,1.24298813606734,15331.077741017363,0.0107306833136732,2.0,38.9550135403048,-0.0002075366441885,0.0886710306537132,0.6564586906251901,59,0.6918497683909584
B0047,157,1.1692285288386206,1.2325045849851988,15586.639681147266,0.2365190036507541,2.0,45.21737570927062,-0.0002055876040942,0.1363218735445052,1.013577425916485,60,0.6983367469640976
B0047,159,1.1588148476218465,1.2597999237341757,15364.68047614234,0.2271129614540293,2.0,34.06362564281018,-0.0002143578339202,0.2096130485505601,1.7407064906688068,61,0.6921170421882771
B0047,161,1.1439588147705455,1.2594887019366472,15111.919794600137,1.4613554293494262,2.0,36.1201904032784,-0.0002201658676729,0.5704221116298148,5.330529698486361,62,0.683244085877098
B0047,163,1.1383941068159398,1.189030016910226,15036.593017339304,1.6138065937139638,2.0,25.449224398929992,-0.000220359638905,0.1129678276179226,0.8880266468868541,63,0.6799204926231046
B0047,169,1.2213102850395667,1.2990327238966914,16695.792403857373,0.8637215510197062,2.0,48.27996840979908,-0.0001822343287207,0.4270479053303588,3.367137008115744,64,0.7294432443719845
B0047,173,1.2031062978889062,1.2660194655831958,15984.871314236578,0.0004525801215398,2.0,28.97129121604381,-0.000204243000328,0.1107723195428274,0.8318392526104906,65,0.718570679381464
B0047,175,1.1897147112197684,1.2417675993647304,15708.87728799212,0.0,2.0,38.59912756689394,-0.0002125171698451,0.09790894356402,0.8799748655219195,66,0.7105723823500851
B0047,177,1.177422568842014,1.2337638616398057,15587.674268351144,0.4601792549720757,2.0,35.868075457641886,-0.0002138234723848,0.1258198513955955,0.9576432430523388,67,0.7032307425341058
B0047,179,1.158443027293818,1.2292489503560429,15350.506278604524,0.2365190036507541,2.0,45.86159058148831,-0.0002187858533719,0.1336928152533325,1.3496590513986513,68,0.6918949677247088
B0047,181,1.1567087516841796,1.204608244505778,15218.845224481332,9.187592137463556,2.0,30.47796381754315,-0.0002179786298256,0.3698114928373048,3.3674842858022447,69,0.6908591493558421
B0048,369,1.6579955793677608,1.7013819438541056,22293.635580190792,0.2178537253266204,2.0,37.83304938770088,-0.0001212350482454,0.1467855448772571,1.6844012804556352,1,1.0
B0048,373,1.5076933476098775,1.5452132811198465,19537.851602540795,0.1869422354404828,2.0,34.630869534859755,-0.0001410360341373,0.1230204740387465,1.5036570178237003,2,0.9093470250293444
B0048,375,1.4989223343608031,1.5386050829993898,19309.212332587005,1.2912576562593805,2.0,38.17099705651478,-0.0001470529081551,0.0808438310124173,0.6194950121614904,3,0.9040568943690328
B0048,377,1.4782919502497789,1.514772298915139,19164.430157387116,1.017572417726127,2.0,32.05871947504157,-0.0001448847184913,0.0538866096964799,0.5807318424831952,4,0.8916139274710806
B0048,379,1.461856891390611,1.468998782347576,19006.604717996444,0.1989764327581799,2.0,35.893517132912095,-0.0001442113856344,0.1342300067789362,1.046754850698758,5,0.8817013203063286
B0048,381,1.4509592706473475,1.466232472698546,18859.650425527783,0.1131036083601277,2.0,36.61294061361261,-0.0001454886953322,0.0929404307013658,0.699045857679137,6,0.8751285520318686
B0048,385,1.451746997147108,1.4961916046001116,18727.867666389844,0.1945710188321759,2.0,31.95773268583623,-0.0001453090586916,0.0308666999581861,0.3353811865615718,7,0.8756036597520356
B0048,389,1.444392866287476,1.4730578884191834,18850.898652109357,0.0844578136568957,2.0,31.529034647531823,-0.0001449322375149,0.260969760570457,2.0333045822193774,8,0.871168104584611
B0048,391,1.432738323965376,1.459719120454243,18654.56731795064,0.151982509496463,2.0,29.37183313568721,-0.0001479850871827,0.8357183780399955,10.827371187703356,9,0.8641388082058207
B0048,393,1.417241201438662,1.4799749096331594,18494.09158621545,0.0014839238697886,2.0,5.077811824554343,-0.0001501513221101,0.1637106928727012,1.2631117811340722,10,0.8547919060068272
B0048,395,1.4057559944573452,1.4075281785357867,18334.281510463097,0.0010675559462883,2.0,34.449970374389466,-0.0001507607073177,0.3537314258829637,2.870006437385266,11,0.8478647421927377
B0048,397,1.3902706269897065,1.4377603860706136,18232.977509907643,125.70072627199173,2.0,35.20583398954,-0.0001491845415322,0.0549607911898977,0.573549307689351,12,0.8385249299155881
B0048,401,1.4196659307880326,1.494101446182415,18414.991791518496,0.0134721412513356,2.0,6.545846989441424,-0.0001426319179979,0.0832083790502225,0.5150790632911224,13,0.8562543522156978
B0048,405,1.4190563985232272,1.4303804751658218,18621.612224263,0.0,2.0,31.05181589931904,-0.0001427123321437,0.8556732557054896,7.707477669244985,14,0.8558867201952084
B0048,407,1.404272356704056,1.4673402854347493,18436.63506986256,0.1296755663785002,2.0,35.419382817569605,-0.0001462654189732,0.1001664366366559,0.5329000347252717,15,0.8469699040087572
B0048,409,1.3916140490958342,1.4046695120252886,18160.720413293973,0.0,2.0,35.62779021356503,-0.0001519890837221,0.1308505462080934,0.8463726473311465,16,0.8393351987262203
B0048,411,1.3749618350294734,1.386468995749157,18039.921516432307,45.19032793326232,2.0,37.130413420624194,-0.0001498928748078,0.2657798951779953,1.9396818014449697,17,0.829291617022154
B0048,413,1.3545155713071164,1.3828440831313535,17884.444277084134,0.2587059722169902,2.0,30.28039448067554,-0.0001478835875222,0.2930257848686062,1.9621486666594283,18,0.8169597001118847
B0048,417,1.3440223073315984,1.4018324153879596,17717.341869958625,0.0,2.0,28.2173264551733,-0.0001490563265765,0.5197731196047343,4.623769675559266,19,0.8106308147360146
B0048,421,1.372384475860572,1.3815874033911035,18293.92179305608,129.40508963054882,2.0,34.81821831346443,-0.0001442128979489,-0.6234866071853833,14.8289672279459,20,0.827737113981872
B0048,423,1.318410575267441,1.329790910705309,17513.26574483279,0.2755805361223912,2.0,28.078387683946584,-0.0001479925828153,0.8198870336140598,6.003390472161461,21,0.7951834080101633
B0048,425,1.3112727599578604,1.3459167733678965,17315.882948156814,3.14188607798231,2.0,24.673510165524167,-0.0001518325096565,0.3538672594071571,2.4579947300576803,22,0.7908783209529936
B0048,429,1.2970172419001187,1.3295767609407985,17213.433751632583,0.1457427171656042,2.0,28.8970249968738,-0.0001482884558075,0.2437240503903562,1.6756533321687537,23,0.7822802774870528
B0048,431,1.2995219526631718,1.352659434215224,17082.152584053067,0.099933041448928,2.0,32.22792934715778,-0.0001572787372548,0.2224759061715287,1.3095555483260282,24,0.783790963519164
B0048,433,1.2826154066729571,1.341271431615357,16974.14165488122,54.84423599324451,2.0,5.108120588215437,-0.000154592338289,0.6147456633431315,5.441717839942626,25,0.7735939845883386
B0048,435,1.2752890152407,1.3190249458883896,16760.255936004185,0.1660502748757813,2.0,39.68643004315446,-0.0001592236505504,0.390258298317596,4.026214640079817,26,0.7691751601213573
B0048,437,1.2735572473264072,1.301889339482896,16674.236246141216,1.377593251838202,2.0,37.151548774109706,-0.0001631510531922,0.3638807254911597,2.188182375811351,27,0.7681306652289445
B0048,441,1.2594114333938535,1.3082991348355542,16592.267750010968,0.0079110569046909,2.0,5.836741421389215,-0.000158066163357,0.8100161059785878,8.163732328517456,28,0.759598788480547
B0048,443,1.2631632585495876,1.2766361526958807,16482.4836956142,0.1979654209897004,2.0,42.59153625158336,-0.0001665063391447,1.01413044495685,11.01216321827206,29,0.7618616564896189
B0048,445,1.2491717310136363,1.2962181848735443,16382.3246397761,0.4796169527736895,2.0,33.732863072165024,-0.0001634792379195,0.3361805173004284,2.095522194269114,30,0.753422835717077
B0048,447,1.233984347835307,1.2436987779514224,16249.931960434393,0.3624183141169285,2.0,28.08221812952313,-0.0001610738723426,15.560287838201887,196.6799372123064,31,0.7442627490634559
B0048,449,1.240031992028868,1.2633475937244212,16132.049762719584,0.475456939036965,2.0,31.57001177244588,-0.0001724348454648,7.528867355094111,95.70130819215484,32,0.7479103125846248
B0048,453,1.30370857198071,1.3057827395635764,16735.174372502377,0.9902235799991708,2.0,36.79198926806097,-0.0001617155925923,0.2305817119666869,1.5018223667287194,33,0.7863160723732748
B0048,457,1.315055963470538,1.3600910317715156,17082.541638053473,0.1945710188321759,2.0,35.946078268296745,-0.0001620890607019,0.2304001297888136,1.9243484798468764,34,0.7931601144389089
B0048,459,1.2888738300982074,1.31497586069534,16739.499959119665,0.2189285981387451,2.0,29.432652038497725,-0.0001647639568887,0.1520717820741123,0.8673179544329482,35,0.7773686770562382
B0048,461,1.2877137595885193,1.3712938762418807,16532.66688124726,336.09464095559565,2.0,23.55648784121649,-0.0001743096126829,0.3959058851745946,3.8452858253778177,36,0.7766689945455463
B0048,463,1.2673379985315465,1.298178314466473,16381.968731839965,0.1945710188321759,2.0,32.19294618070087,-0.0001719400074145,0.2770738236939479,2.152626221177829,37,0.764379600466014
B0048,465,1.250594345697306,1.2620577766559462,16189.69693024314,0.1945710188321759,2.0,27.111827680917347,-0.0001731886136316,0.2480486432953668,1.555655092923073,38,0.7542808685739633
B0048,469,1.2487131179395878,1.30700556029949,16122.121273092964,0.135706001485349,2.0,6.489995168764118,-0.0001726430100755,0.1345927692996771,0.735675860798468,39,0.7531462287829238
B0048,471,1.248002326082933,1.277062124780256,15903.511109148778,0.0,2.0,34.56489316648475,-0.0001844844020604,0.8763232627920782,8.069518165824526,40,0.7527175232631383
B0048,473,1.2300895244599586,1.2954562715865685,15777.208944936972,0.4169507600395776,2.0,30.893981901240213,-0.0001819803920997,0.4140870805534986,3.760318220821818,41,0.7419136334060827
B0048,475,1.2244197121500937,1.2406521252470255,15704.250705083974,0.3559704357288865,2.0,41.429029412705454,-0.0001821342565491,0.6796874244836747,6.587198858005451,42,0.7384939546201917
B0048,477,1.2186682845116386,1.2566071499486642,15574.78544558301,0.1574366215245676,2.0,36.59380740926,-0.0001865938637743,0.7228835471875908,6.779106228076921,43,0.7350250505350263
B0048,481,1.2037865236033616,1.2452207019780193,15502.921615749876,4.948745220515679,2.0,5.604088099603588,-0.0001772010528674,0.8242841632099773,5.560763745886712,44,0.7260492962607286
B0048,483,1.1947642300832226,1.236134965518172,15410.09905306006,0.0972334579992709,2.0,40.2198026317526,-0.0001780076853406,0.321533386185023,2.650906380788587,45,0.7206076089411644
B0048,485,1.2052091893871495,1.236806621205203,15291.505746169842,0.0,2.0,21.512928928366208,-0.0001910673847012,3.5180008307544,39.196037977115296,46,0.7269073599380337
B0048,487,1.1955746593628465,1.212455615240846,15225.158919639442,0.1945710188321759,2.0,27.54026317797921,-0.0001919344533605,0.5241146325522638,4.351710037356672,47,0.7210964095686865
B0048,489,1.1888497102149884,1.21056239730006,15103.247450548792,0.1945710188321759,2.0,30.796404688552077,-0.0001936625063791,0.1592374042316313,1.6001529909063053,48,0.7170403377482644
B0048,493,1.1915605250807406,1.2277886437683567,15043.120563305503,63.80118877698599,2.0,41.99796577016626,-0.0001949104522586,0.2883599319798319,2.3676228288879604,49,0.7186753329795459
B0048,495,1.1726587153109655,1.2603787838201332,15013.712340214275,0.0013928319833348,2.0,38.91590214534806,-0.0001894992752105,0.5888355004802638,5.277874854231118,50,0.7072749348090135
B0048,497,1.1841133872494156,1.2008604909205356,14854.955229738856,80.73298131591417,2.0,23.701412678813547,-0.0002020993767725,0.5013302312273853,5.81809081702321,51,0.7141836817809554
B0048,499,1.1576825122317769,1.184278584773527,14784.589329050848,0.1450261541425251,2.0,37.50055668509318,-0.0001891083934308,0.0990103917144736,0.6880022033130333,52,0.6982422188804828
B0048,505,1.259355851168598,1.2894388243756294,16142.98174044924,0.0323561230965915,2.0,40.32868032395673,-0.0001717485845074,1.2616320886521877,10.511441519572562,53,0.7595652647329886
B0048,509,1.265883375278026,1.278158682980952,15945.005337882036,0.0,2.0,30.888416599627767,-0.000187902628753,0.227346433458204,1.5841514475176597,54,0.7635022620269846
B0048,511,1.247259867318412,1.3096235823746216,15702.77815931028,0.2621518547430251,2.0,33.1843205784016,-0.0001901466391321,0.2622299899240441,1.9660614709774311,55,0.7522697182305073
B0048,513,1.232808747256218,1.232942280706068,15518.870969632786,0.1945710188321759,2.0,34.522744240643554,-0.0001926668228421,0.1934096606284782,1.6914879394059257,56,0.7435536997790559
B0048,515,1.2319592783041904,1.2760867955585975,15442.171592774186,39.2169851114684,2.0,26.99076191512342,-0.0001978509504465,4.848769657839153,59.58321228062379,57,0.7430413528448431
B0048,517,1.220785786262778,1.2229491199134848,15305.496099052589,0.1945710188321759,2.0,39.011588046587846,-0.0001992489742864,0.7208085125256372,7.935444439749841,58,0.7363021961302799
B0048,521,1.2275441303266783,1.2480522507637282,15334.639647737406,0.0171156116276717,2.0,37.91271758831043,-0.0001918486592689,0.1858323456329746,1.6833614086548707,59,0.7403784096907994
B0048,525,1.2386788414290355,1.271328182430673,15560.050530507786,0.0323090977319377,2.0,34.47632334784318,-0.0001937320071006,0.3777990016394696,4.080073124274716,60,0.7470941761505647
B0048,527,1.2283577755407058,1.2761162539266526,15341.67871630812,0.1945710188321759,2.0,44.76049524273263,-0.0002005969540387,0.2501045727662661,2.4472136444867134,61,0.7408691499702987
B0048,529,1.2095481507570451,1.2547039188817406,15121.884236997646,0.001466963198799,2.0,39.72625924423957,-0.0001997737330127,0.2322898857994109,2.4573807972621484,62,0.7295243520602624
B0048,531,1.2082142070681048,1.2224427328730474,15034.121148274768,0.0013816713623714,2.0,29.10310010828021,-0.0002043092976848,0.2628568152200111,2.902980346029804,63,0.7287198000424283
B0048,537,1.2998734542832149,1.3521125839302108,16680.36666630252,36.72274037492835,2.0,29.859137772868092,-0.0001707404182512,0.0305419865935223,2.458636602789264,64,0.7840029674740703
B0048,541,1.2691220651743778,1.2918397586348025,15961.059409740124,0.057226030271811,2.0,42.889453785417885,-0.0001864205098093,0.1104542286457199,1.0586581296629207,65,0.7654556387046152
B0048,543,1.2555144634690785,1.2829338168090731,15697.189615005538,11.936836392083,2.0,28.939743424355377,-0.0001914830478474,1.3186041318189397,15.410550546047338,66,0.757248378157824
B0048,545,1.2519876926897655,1.2848466864125572,15566.60789086638,0.0,2.0,41.7231236981969,-0.0001959682207116,0.6917438279051267,8.47553189820699,67,0.75512124897654
B0048,547,1.2374982003019996,1.2629405281771289,15346.324519537333,1.5697413069610962,2.0,37.30990509691276,-0.0002017806607587,-0.0012173934014778,0.0110276182679698,68,0.7463820867205759
B0048,549,1.2231273969878986,1.2623339238372977,15222.700927537906,0.0011454570864625,2.0,34.33983553872403,-0.0001999770424203,0.4776988490622665,5.775969129557545,69,0.7377145103452633
B0049,4267,2.378643730568756,2.545006191147286,14938.212357180397,0.0,2.0,66.53383621944609,-0.000259656091077,-0.0002478676281218,0.0012372558813695,1,1.0
B0049,4271,1.0605357965671216,1.2859012839931012,18785.097038151413,0.3137918459052306,2.0,52.45385931827675,0.0001207669518013,0.1478541387617898,1.1793851877160535,2,0.4458573526324337
B0049,4273,1.0069932376659496,1.198993084058377,8570.933187690789,72.32751320866593,2.0,64.37575309079257,-0.0001666980298579,0.0586381225535235,3.5100158771070022,3,0.4233476517415107
B0049,4275,0.9298775334359536,1.1564962444723663,8772.709644961775,0.1154893147737523,2.0,47.9655936244205,-0.0001049735845454,0.7352881735992767,6.341808235704579,4,0.3909276204274657
B0049,4277,0.9232377029483808,1.1308959751723608,8504.605576890397,0.0,2.0,15.508135320579232,-9.587797916061536e-05,1.535238851569083,12.46145022141086,5,0.3881361849542832
B0049,4279,0.9053279121173716,1.0466081916160306,10028.32884055491,0.0,2.0,28.690970529856024,9.576343933258444e-05,0.5374046054395838,3.027696055384375,6,0.3806067720368107
B0049,4283,0.8595848360639872,1.0799474871707055,5985.320124791418,3.3402510911983825e-05,2.0,51.035491923591614,-0.0007663804185442,-0.0005388712216662,0.0008719201934201,7,0.3613760333324286
B0049,4285,0.8369614294820705,1.0594265027575742,8680.01621108799,0.0,2.0,49.61246681063069,-1.907723695531855e-06,0.4284086231892767,2.230616938692373,8,0.3518649803356408
B0049,4287,0.8456824187653132,1.0172107797297396,9535.625766057256,0.1968456199763507,2.0,65.00634033695884,0.0001020123495243,0.6699267318098721,5.42614555519543,9,0.3555313508690528
B0049,4289,0.8071214007577537,1.0509212248324464,5777.26707046372,0.0007540839245484,2.0,23.108966980860792,-0.0008158803748973,-0.0006185399397847,0.001510831505429,10,0.3393200042466063
B0049,4291,0.7820744360746734,0.9977018073502488,5520.644155775285,0.1093006096431485,2.0,16.80810112906334,-0.0008148377935536,-0.0005487759665334,0.0008347796222817,11,0.328790068905221
B0049,4295,0.7953019444133349,0.965054587082514,5363.146310930388,0.1093006096431485,2.0,58.69101782547322,-0.0007859021588709,-0.0005622887574484,0.0008450430732314,12,0.3343510144846999
B0049,4299,0.7752051154719997,1.0506525380876612,5715.609934821769,0.3456203578282486,2.0,33.646740258978234,-0.0008080342556566,-0.0005707981899582,0.0020602088460523,13,0.3259021540340725
B0049,4301,0.7711865903845158,0.9442405600854196,7473.595423806715,5644.79234668718,2.0,51.85647331836207,-1.4739718542085402e-05,0.4367584308224749,3.99128661541821,14,0.3242127353809802
B0049,4303,0.7585098914517947,0.9451510104698524,5203.863936768683,0.1093006096431485,2.0,12.38479434848961,-0.0008103164786882,-0.0006447350582442,0.00111983851022,15,0.3188833542845981
B0049,4307,0.7349386490499009,1.0012543141537102,5405.6507012880975,0.0003933077173193,2.0,74.50991038995005,-0.0008514673889839,-0.0005779336374845,0.0009419452838552,16,0.3089738238664981
B0049,4309,0.7366758033690756,0.9050626827366184,5024.393739348892,0.889884541821801,2.0,34.940295158209096,-0.0008255652429709,-0.0012231293828639,0.0054136625384339,17,0.3097041368162055
B0049,4311,0.7093946599203638,0.960059946426158,5227.244867215426,0.1093006096431485,2.0,62.85612728649286,-0.0008935592526858,-0.0011562877481967,0.0048316943864663,18,0.2982349356499642
B0049,4313,0.7186465009220309,0.8942470256122447,4933.496261351673,0.392324554713031,2.0,73.1896751080157,-0.0008645271854447,-0.0020710728154013,0.0125867193330941,19,0.3021244803021408
B0049,4315,0.6913885231046639,0.9471274401973544,5124.266234953422,0.0992118486902855,2.0,53.23726215321146,-0.0009181480676732,-0.0007001725179354,0.0012458002137217,20,0.2906650181443299
B0051,4453,2.330873478782131,2.415179448975363,15239.530170838829,379.40589956508353,2.0,42.9714632205266,-0.0002048035798352,0.8954946528719295,16.50268217353063,1,1.0
B0051,4457,1.0092808819126011,1.0950087417636571,19218.824893617515,0.2400566051760948,2.0,68.90941821877506,0.0001163922843635,0.3369222573857698,2.6147087165071965,2,0.4330054338427434
B0051,4459,0.9565659895125322,1.0383693432828742,8886.10607932252,0.0003156636226898,2.0,56.28499987930351,1.5529556089832907e-05,1.0151222694956064,10.491481201439845,3,0.4103894948482287
B0051,4461,0.901956291365404,0.9570718569001838,9227.588912328392,0.0,2.0,11.384269551233697,7.876372870567653e-05,0.3231577218541753,2.5082266727944926,4,0.3869606392521448
B0051,4463,0.8897906666138162,0.972548428341796,8856.726592211775,0.0553481030096094,2.0,70.55987317229233,4.72337444835016e-05,1.131842355046474,7.500808798868862,5,0.3817412977210274
B0051,4465,0.8830717036634559,0.936276858827532,10247.68091932641,1.1167782129078472,2.0,61.519759325376086,0.0001232244009957,0.5926769772821617,6.534733597611391,6,0.3788587032724128
B0051,4469,0.8431270354481757,0.8935041643247655,6415.59204461282,0.0,2.0,51.34799291416726,-0.0001984085003615,13.282533218728553,127.77726818042632,7,0.3617214933041776
B0051,4471,0.826559103449663,0.8855185335917946,9108.356543663722,0.2973479566735914,2.0,58.86571217461041,0.0001114852853074,1.0069038415864011,7.786589949906755,8,0.3546134575616416
B0051,4473,0.8352681546837963,0.9225339216343766,9741.313285045264,0.163081515753912,2.0,58.58546044658737,0.000119233251909,1.0776096241690845,11.688458091163271,9,0.3583498470797392
B0051,4475,0.8025719464987874,0.8796244407497733,6206.056518759557,0.0,2.0,66.15690577867308,-0.0002466344093112,2.5571859240973773,20.90467241813857,10,0.3443223983646367
B0051,4477,0.7839218784699513,0.8412707089028492,5912.857211155415,0.4295938018973158,2.0,69.69417949130259,-0.0002571430172594,1.3624475707435697,8.784004117705223,11,0.3363210768863981
B0051,4481,0.7910763493036002,0.8458785151930749,5670.672474172648,0.1916382168155437,2.0,63.343612842424896,-0.0003296644090028,2.0045812576872977,15.607598841631688,12,0.3393905145451882
B0051,4485,0.7654538269480236,0.8291209878654228,6251.130750836195,0.0562363058587567,2.0,54.15186179892619,-0.0001296592772034,0.5555572824484902,3.032742741343112,13,0.328397844806218
B0051,4487,0.773177347633947,0.8369397426027525,7737.072741524658,0.09461371414218,2.0,22.418482369990976,7.1449425755918e-05,0.8169409626791816,6.040200575483521,14,0.33171141834688
B0051,4489,0.7605293776416485,0.8304097827473597,5455.776536429705,0.8586481480709248,2.0,56.73723287509237,-0.0004021813019166,10.9134233877169,92.35023139849858,15,0.3262851392684862
B0051,4493,0.7376430319247004,0.8198040858375675,5849.278593876609,0.4481679836848975,2.0,67.95739921498742,-0.0002379418438346,5.103053891887495,33.77665740779052,16,0.3164663541970176
B0051,4495,0.739179500257907,0.8008819161788867,5263.942776609874,0.1773598662847279,2.0,11.559540653403989,-0.0004031239027264,10.16475078905302,82.79188993503371,17,0.317125535549928
B0051,4497,0.7014575429842594,0.7759953911732661,5666.834733630774,0.2112119802985385,2.0,70.62769764235193,-0.0002004740896147,0.1902763737702028,1.5287611609334602,18,0.3009419212881375
B0051,4499,0.7047349480541781,0.7616239674612653,5227.785512512599,0.0721239877330918,2.0,26.79106700165498,-0.000296884235373,0.3166595685624431,2.5426983686595657,19,0.3023480057881127
B0051,4501,0.677848893570423,0.7531015521124789,5576.037713010785,0.2271139362733583,2.0,17.709963023110348,-0.0001821096346972,0.2435326355931195,2.0370974485840487,20,0.290813250800981
B0053,6672,1.06914178861943,1.30448610022649,7239.102260372543,0.0113360129040938,2.0,35.5040546692085,-0.0005119632291098,-0.0003853182270546,0.000811359160211,1,0.9264075842474392
B0053,6676,1.1540727934432229,1.4231807415794493,7963.605657162582,0.0,2.0,58.53374186919945,-0.0005201390103353,-0.0003947418622793,0.0007398258011126,2,1.0
B0053,6678,1.1501525413826983,1.398577905672602,7844.256781578457,0.5387583502322207,2.0,12.789694197675928,-0.0005474716094589,-0.0008967979482036,0.0048470731629443,3,0.9966031154336216
B0053,6680,1.1305863853936766,1.3794569880251728,7752.062336283283,0.2451579286960691,2.0,33.02130412985764,-0.0005422327475901,-0.000611527220477,0.0021748344396455,4,0.9796491103654964
B0053,6682,1.121790272357562,1.374887056528469,7696.107687925636,0.0917640391238123,2.0,41.21885533355437,-0.000552136726674,-0.0006203052315354,0.0022846917312141,5,0.972027309482494
B0053,6684,1.1135982401443856,1.3746350796206577,7689.606092898883,0.1965205087880369,2.0,48.4861552052266,-0.000550284659064,-0.0030067030977469,0.0271782591021231,6,0.9649289424993028
B0053,6688,1.0864654057095062,1.3799162392981876,7703.597991928395,0.0522012643973299,2.0,43.708984336080505,-0.0005645532587539,-0.0004799025933591,0.0012776717693884,7,0.9414184372789802
B0053,6690,1.0647493568993147,1.3783915490816092,7647.8104361690785,0.0917640391238123,2.0,30.138044081151467,-0.0005744698178717,-0.0006218799904233,0.002240277082912,8,0.9226015576734912
B0053,6692,1.0809288094959644,1.3638433743015907,7587.42052812626,0.0167395389560683,2.0,68.62325298121029,-0.0005944150809325,-0.0005501746720193,0.0017150143063133,9,0.9366209962120062
B0053,6694,1.0852752041846463,1.3557207277535592,7563.886521704912,0.1080259021762274,2.0,13.31244527325067,-0.0005662507480895,-0.000518200331021,0.0012181955850358,10,0.9403871318607936
B0053,6696,1.0504799933740894,1.3640211388424162,7552.163104273837,0.0003913961780686,2.0,49.70389912208135,-0.0005804248249787,-0.0004249549856945,0.0007610716615529,11,0.910237204570034
B0053,6700,1.0853550177054303,1.338331929984515,7481.543330871728,0.0265287210554318,2.0,66.14669077539921,-0.0005626550341616,-0.0004033889765299,0.0006953862429494,12,0.9404562899946975
B0053,6702,1.0508395690790722,1.3503624557774234,7527.410941149978,0.7039793424407222,2.0,16.894378689310173,-0.000583641922755,-0.0008764767826897,0.0041364603161568,13,0.9105487756485878
B0053,6704,1.060906788333118,1.3446042950993904,7462.365912326666,0.0026220765312493,2.0,14.261646054245098,-0.0006067596819804,-0.0004173323228125,0.0006875624985997,14,0.9192719855806146
B0053,6706,1.070582461063814,1.338612998852462,7468.603299794974,0.0917640391238123,2.0,51.15025367903893,-0.0005734820135449,-0.0006973844219362,0.0028936781406277,15,0.9276559218328748
B0053,6708,1.024036665663697,1.3427662147016417,7437.718085873859,0.4529925095561967,2.0,57.1815358378698,-0.0005992955360879,-0.000618991661042,0.0020672996652933,16,0.8873241544915397
B0053,6712,1.0670957253433857,1.330374220349115,7420.455851366407,0.0,2.0,32.71979096816701,-0.0005706287400637,-0.0004193709269775,0.0007015179285317,17,0.9246346776442604
B0053,6714,1.0279237850447498,1.3389276699961998,7431.048122765377,0.0669228158685156,2.0,16.861396707681358,-0.0005938943535849,-0.0008593519303131,0.0044739054324693,18,0.8906923297081613
B0053,6716,1.0325426399701008,1.3341650410250367,7381.823120505811,138.0511240218681,2.0,39.7646112789135,-0.0006102172920793,-0.0440760131712521,0.4409643536627973,19,0.89469455118985
B0053,6718,1.055948784653705,1.307915356697295,7311.767911337121,0.0917640391238123,2.0,65.39127965053801,-0.0005885947873895,-0.0008539260517197,0.004262865583206,20,0.9149758929012086
B0053,6720,1.0445313831308718,1.3309620217889708,7399.554666154182,0.0283327378489725,2.0,53.36053390265132,-0.0005901375521864,-0.0004796771178103,0.000863016227549,21,0.9050827548013416
B0053,6724,1.035313906812183,1.356274287722922,7513.358354232548,0.2825183873460984,2.0,15.73925620489468,-0.0005572548300468,0.0001949737879581,0.0061646157318233,22,0.8970958441220004
B0053,6728,1.076341053101982,1.3579744628472317,7572.090959486375,0.3420064801824917,2.0,74.5378924911517,-0.0005632354825279,-0.000136104702601,0.0029454911708687,23,0.9326457214979263
B0053,6730,1.0352223140423542,1.3398946519251511,7442.504096316436,0.0357596028087157,2.0,70.97997530888786,-0.0005968973887118,-0.0003610694758758,0.0007048551951417,24,0.8970164793103965
B0053,6732,1.0514287056908256,1.3433363663102795,7433.967128606544,0.0917640391238123,2.0,66.58987594845624,-0.0005859556625936,-0.0004614550626431,0.0008860004096592,25,0.911059260442182
B0053,6734,1.060332934638968,1.311057552491793,7314.789170618233,0.0086446223919091,2.0,57.30208871684445,-0.0006041105665521,-0.0004101967995793,0.0006702217721322,26,0.9187747433811536
B0053,6736,1.0236966462748538,1.3251712566356737,7371.902241877262,0.0917640391238123,2.0,34.64022961406948,-0.0005975764072523,-0.0998006798129956,0.991262437727993,27,0.887029528891859
B0053,6740,1.0465884668750889,1.3178482318363007,7353.350495853623,0.0,2.0,33.63417178167172,-0.0005805874737163,-0.0004390210206826,0.000768052099438,28,0.906865210601274
B0053,6742,1.0031121684812232,1.323577756125643,7344.377883999668,0.0091414501194402,2.0,39.87991680621053,-0.0006058998380414,-0.0004656067259753,0.0007894565440521,29,0.8691931515761648
B0053,6744,1.0461578935615607,1.300560102770982,7237.623015529697,0.1378361834041097,2.0,58.14788968538358,-0.0006255779012667,-0.0008183775032947,0.0036411316605965,30,0.906492120345638
B0053,6746,1.0156263513525603,1.309762176304353,7288.170130572053,0.6627991927191573,2.0,59.78718897703051,-0.000600660028271,-0.0015925585808316,0.0116748001674488,31,0.8800366468413123
B0053,6748,1.0250054893129452,1.302250303711218,7222.348001862184,0.0,2.0,53.32291636968748,-0.0006328352185993,-0.0004333912152906,0.000668260707497,32,0.8881636367622876
B0053,6752,0.9801331625592912,1.307337530813264,7252.866158547491,0.0592648458792233,2.0,48.20902830819248,-0.0006096684899637,-0.0003875193251244,0.0018257794883602,33,0.8492819240933878
B0053,6754,1.036777776420363,1.285792629309656,7177.890695455766,0.0,2.0,68.01641216348388,-0.0006140896789274,-0.0004335146571743,0.0006558069367594,34,0.8983642819679463
B0053,6756,1.026830062058722,1.2895238497462544,7196.487918910805,112.21916487828108,2.0,31.91985084490371,-0.0006008531694416,-0.0755043461193755,0.7298592354659336,35,0.8897446226031661
B0053,6758,1.0150379662805102,1.2920611953254084,7205.522431055522,101.41309925711344,2.0,68.02424969958606,-0.0005963373179418,-0.1181486021647772,1.1447263776541072,36,0.8795268132542172
B0053,6760,0.9904614739486176,1.2965671011947228,7198.137630613543,0.0,2.0,16.102538869436238,-0.0006143503975061,-0.0004302619000101,0.0007038760959363,37,0.8582313694386086
B0053,6764,1.0145765174582757,1.2935437693617649,7199.945331234632,0.0917640391238123,2.0,37.74676409008704,-0.0005973814879455,-0.5642774777382693,5.46677634276256,38,0.8791269694793217
B0053,6766,0.9811308944080388,1.2962636973482904,7188.919432231383,0.1605938741725602,2.0,75.06501849274979,-0.0006195044558016,-0.0005178601612306,0.0010424892626736,39,0.8501464552169149
B0053,6768,1.0041687429386437,1.289737650353853,7125.939704777311,0.1402510656383392,2.0,66.69592210737044,-0.0006479814981655,-0.0005501083496854,0.0011597812167955,40,0.8701086696123089
B0053,6770,1.007820487960787,1.2739909127666065,7112.272029636291,0.0130256048057772,2.0,48.15733660686854,-0.0006097797548755,-0.0004436633958997,0.0006779740723979,41,0.8732728937781419
B0053,6772,0.982454133084564,1.2884193494643938,7165.271448987418,0.18362939459745,2.0,16.136676689741755,-0.0006235612908936,-0.0006951470342559,0.0023076896471795,42,0.8512930368572093
B0053,6776,1.1096775355538029,1.3769841830053215,7691.312862999555,11.51512928808148,2.0,75.05973397927337,-0.0005089365047504,0.0006954223851268,0.0109005472465557,43,0.9615316658172272
B0053,6780,1.1136801589914762,1.3678898298358486,7697.023476106478,0.1464597871420927,2.0,42.03910578137712,-0.000532608899174,0.0001904081649906,0.0057749455196382,44,0.9649999248910168
B0053,6782,1.0385009100572404,1.365382114754918,7622.771364326447,0.0,2.0,46.216466910904415,-0.0005751500975655,-0.0004182307085592,0.0006857216136888,45,0.8998573711791878
B0053,6784,1.0768815902180078,1.3333861274119707,7500.081494448965,62.4909616881397,2.0,29.024419882977316,-0.0005587154733061,-0.9770886450815568,9.519540195998552,46,0.933114095000098
B0053,6786,1.0721705505837382,1.3309118550486028,7444.439119843551,0.0,2.0,14.283596995653385,-0.0005906197783586,-0.0004281171895808,0.0006627089295279,47,0.9290319957936743
B0053,6788,1.0124588999851116,1.3284076970415022,7413.585302433038,0.2997532480309293,2.0,59.60816348635395,-0.0005933047882679,-0.0006005289855518,0.0017931316917094,48,0.8772920614170269
B0053,6792,1.0279944857549583,1.317634623633101,7345.62228582026,301.6085563807658,2.0,70.44997488668233,-0.0005921329253435,-0.3411695298350164,3.2864102270137816,49,0.8907535916238829
B0053,6794,1.0304147279049998,1.3248484966234206,7405.420465266719,0.0917640391238123,2.0,45.97248147854333,-0.0005906163710367,-0.0004479506245832,0.0007903919801002,50,0.8928507228999963
B0053,6796,1.0556163273995052,1.3019493027562288,7297.148189835719,0.2004283990700066,2.0,54.59830998013592,-0.0006001455904781,-0.0005289438827046,0.0010853140824812,51,0.9146878198644915
B0053,6798,1.0011115418162628,1.3123600661493835,7327.169853646995,0.0356586397628591,2.0,17.321142814964283,-0.0005960399303844,-0.0007279533731569,0.002889409296748,52,0.8674596156360346
B0053,6800,1.0466839215498662,1.285973293546638,7236.919168662674,0.0633670501614135,2.0,61.47701709356282,-0.0005850173770175,-0.0027826069849249,0.0222672378802933,53,0.9069479217398778
B0053,6804,1.047181656018543,1.2919510616832748,7237.965751348651,0.0,2.0,61.8456964397318,-0.0005882236257858,-0.0004640047827506,0.0007468845978927,54,0.9073792068992756
B0053,6806,1.0102740078425778,1.3087716234272977,7312.186014777254,0.3702601541159219,2.0,69.14090478483054,-0.000597560842269,-0.0005927288847384,0.0017811410871429,55,0.8753988600912984
B0054,6813,1.1665440238116096,1.2908700843791194,9183.472504305388,0.0077353129780585,2.0,64.41206126664103,-4.952589726418971e-05,0.542894490654838,4.823157576970014,1,1.0
B0054,6815,1.1052521456138635,1.2144444821789102,9332.212022677497,0.0749203227902853,2.0,69.05516544160416,-9.106415656877224e-06,0.2956385290211854,3.3795500126938767,2,0.9474585811194004
B0054,6817,1.0960302257185877,1.5163718884156778,8166.076435550076,0.1182727609230319,2.0,55.40981755153341,-0.0005591761926012,-0.0003642545505694,0.0008851275571243,3,0.9395532473239864
B0054,6819,1.0754450685609742,1.153874866806352,9363.3237382162,0.1742488821429764,2.0,49.900191452015854,1.8426185242913056e-05,0.2770837898011376,3.085473070730097,4,0.9219069718835168
B0054,6821,1.0655493528023796,1.482305689776216,8032.330077014771,623.6814423840391,2.0,51.535619490500935,-0.000588934783834,-0.0925141939297522,1.0791443653905397,5,0.9134240380579584
B0054,6825,1.0568368579972396,1.168675054114829,8327.14813465815,0.0875186687777817,2.0,15.190862732704469,-0.0001174855171451,0.3220649052418939,3.46415363037443,6,0.9059554002463543
B0054,6827,1.0449064445364842,1.3440817023981595,7561.640583969815,0.1182727609230319,2.0,54.18273840655729,-0.0005560351942932,1.0593228973198274,11.786504268896277,7,0.8957282564633247
B0054,6829,1.0458363976936966,1.1478752696377308,9055.873462539086,0.0,2.0,70.8280230088464,-2.100558629294372e-05,0.390004161350895,3.961260651359094,8,0.8965254429717034
B0054,6831,1.018187920878015,1.134164656949701,8926.752331280544,0.1089429015256553,2.0,52.14678461426885,-3.449142049814379e-05,0.0442213433474649,0.1720672882159338,9,0.8728242570315946
B0054,6833,1.0226409233672231,1.315545907941031,7417.997640271973,0.0,2.0,51.11889597672621,-0.000577542280793,0.2846349803064451,3.1483220590421004,10,0.87664151758783
B0054,6837,1.03890961861509,1.1119590614911534,9001.132733466178,5.035339138400835e-05,2.0,55.44921873994795,-7.484465543489727e-06,0.3644942582052796,3.0079773475313485,11,0.890587579558736
B0054,6839,1.0173250354350074,1.3599653626375945,8139.60340211832,0.1182727609230319,2.0,17.71608288615851,-0.0004219218233287,0.5077286677157676,5.176538020994725,12,0.8720845631791602
B0054,6841,1.033183911994548,1.1040949464198349,8883.73232617657,69.51756914692488,2.0,54.78865415628906,-1.8298441300017955e-05,0.1985565867739373,4.283663751360334,13,0.8856793150580672
B0054,6843,1.0095232119739597,1.0831381916742713,8828.481157753342,0.5143495021976688,2.0,63.59890735458865,-1.4890831293435845e-05,0.1771013391558663,1.650321783516477,14,0.8653965828699767
B0054,6845,0.9862483259626476,1.405784299453779,7990.2690802168,0.1182727609230319,2.0,48.937850445714346,-0.0005130457473758,50.33004498891309,566.9676540705043,15,0.8454445831715316
B0054,6849,1.0080048320000436,1.3803962730405817,7861.930167265105,0.1854390565938652,2.0,48.75770081268671,-0.0005288957833292,0.8604530534564332,9.44435638135475,16,0.8640949774929633
B0054,6851,1.0153387761254196,1.3555536445036274,7815.4018590713695,0.0397261901789701,2.0,69.53304023518629,-0.0005201747452378,0.2643767266442455,2.7240977882201456,17,0.8703818762088924
B0054,6853,1.0106786853355956,1.3158137413691773,7973.797402493445,246.22831257369535,2.0,42.692337954280674,-0.0004294529670628,0.1061449122142444,1.598214354801248,18,0.8663870927333426
B0054,6855,1.010409656585336,1.0948132527812866,8641.557586221557,0.1182727609230319,2.0,53.95905706483359,-3.73632231263433e-05,-0.0152108425033752,0.5148804880908938,19,0.8661564724183196
B0054,6857,0.9801433323963482,1.378172482394013,7868.607713537185,0.1675581846019763,2.0,64.85905781286793,-0.0005218894793216,0.4743459782785795,4.811551441103064,20,0.8402111813952732
B0054,6861,1.1016641723624383,1.435466056743132,8319.775424501724,81.50508220480458,2.0,59.27966862569191,-0.000465034607987,0.0512442120210915,1.7892237879697512,21,0.9443828521471652
B0054,6865,1.0826512239001271,1.1913011777870814,8892.990715893,0.0727851812495445,2.0,43.09817048492471,-0.0001070499999397,0.4727148229895846,4.441272608324963,22,0.9280843258384984
B0054,6867,1.0575008387868343,1.4186575061543707,8149.604576294409,0.1776350931127357,2.0,62.529549009692005,-0.0005197616328361,0.2423131600978385,1.516817184825627,23,0.9065245864716844
B0054,6869,1.0385517331615322,1.3576408660893933,8063.680366064834,0.0,2.0,55.620559148739815,-0.0004650705667421,0.3086143488650211,2.4133149199832165,24,0.8902807883479008
B0054,6871,1.0073294901291132,1.3791190794469592,7998.684851915512,18.823500836447632,2.0,20.43793817742499,-0.0005055639170859,0.3629261664317667,3.2934798159933534,25,0.8635160521741195
B0054,6873,1.0160400308540347,1.0938253472243789,8680.874602709391,105.88795554169155,2.0,11.107049798835696,-4.769211118140438e-05,0.1056497458740027,1.1331506675367375,26,0.8709830148837311
B0054,6877,1.0158319636440951,1.1150432349890678,8567.767785509724,0.0623548068762823,2.0,71.5372455735361,-8.063762251762213e-05,0.4111949913764822,2.4859920289093416,27,0.8708046528110681
B0054,6879,1.0015383803216271,1.1676502887830758,8329.805447741903,1010.022883865757,2.0,35.96729222533873,-0.0001745628004711,0.1918620247459966,2.2806893092391074,28,0.8585517219051564
B0054,6881,0.981248861591824,1.3561025553011423,7734.395336088777,0.1669206523602425,2.0,68.94531249599635,-0.0005387072141969,0.4778749195493155,4.3881718992799,29,0.841158877472669
B0054,6883,0.9987416030110134,1.0991821648165658,8422.135514201218,2.124912162685802e-06,2.0,52.570017492809576,-8.522333256722915e-05,0.4274535842310548,3.974861999255844,30,0.8561542321803576
B0054,6885,0.9584014230949642,1.354843398015064,7730.122474858826,0.0795501681604828,2.0,50.25829738860453,-0.0005394172605876,0.3987562817588623,2.508423571214874,31,0.8215732998772284
B0054,6889,0.9800846133894624,1.306201800591651,7689.195613505773,0.0,2.0,52.92086374314755,-0.000484726438065,1.4335987229937517,12.702980692449708,32,0.8401608455265128
B0054,6891,0.9720372198962766,1.0551567434575346,8415.72759976548,0.0,2.0,62.22063407328278,-5.08829942427634e-05,0.2927032184092026,2.5599680866548105,33,0.8332623544889508
B0054,6893,0.9693202807518412,1.3011220425479777,7666.064643812224,0.1178670944510022,2.0,56.540633943581255,-0.0004964434224509,0.4393113264147467,4.374727561346304,34,0.8309333046725899
B0054,6895,0.9479786388506264,1.324944908038191,7652.159117269015,0.0004717469712616,2.0,51.323046932426415,-0.0005271998215171,0.4266605766012757,3.650042144944081,35,0.812638545567415
B0054,6897,0.9638519569071228,1.272845154357367,7620.552979683759,0.1182727609230319,2.0,42.50545857520715,-0.0004734567924144,2.125710791383387,21.818043333355178,36,0.8262456771736714
B0054,6901,0.9682336695484696,1.0679426923335584,8236.747195994034,0.1182727609230319,2.0,36.75500523027053,-8.360389925249104e-05,0.2738673433761299,1.6908506474814942,37,0.8300018257217817
B0054,6903,0.9407020864603765,1.3284432820269343,7581.383473317527,0.0622730310715237,2.0,53.179153421055744,-0.0005476307727106,0.5532798777793846,4.849979366439972,38,0.8064008449391317
B0054,6905,0.9618442077038964,1.1661097406905852,7911.40817600791,5132.310089018515,2.0,14.808198339672597,-0.0002529206013791,0.0952221809454525,2.3385305664587475,39,0.824524568358021
B0054,6907,0.9332340144199704,1.037255462384008,8208.744934230657,0.101655860828584,2.0,12.116586086606516,-5.6124573408186425e-05,0.3578598037735025,3.265724401679858,40,0.7999989673520308
B0054,6909,0.9313454737145216,1.322983816224071,7462.527911505354,0.1182727609230319,2.0,42.85865126594792,-0.0005691162753195,0.2414702302827832,3.0291429862271317,41,0.7983800479911667
B0054,6913,0.9976429099116704,1.348721735154419,7810.986457981488,5.228543111627723,2.0,54.541534950146485,-0.0004905185001544,4.994351212188577,49.21915970135972,42,0.8552123962299636
B0054,6917,0.9833315262972036,1.35149940247906,7754.306083160336,90.45954707784897,2.0,47.00477060458415,-0.000517432799869,1.4713273652353305,15.325087998950837,43,0.8429442063268469
B0054,6919,0.9904370062777442,1.095573446636943,8348.671857824484,0.7924029565202902,2.0,49.261030417416606,-9.914526177228936e-05,0.4225328695656997,3.3598957703812617,44,0.8490352580450015
B0054,6921,0.9499871340436294,1.3340298188582167,7627.829954224573,0.2981512847725063,2.0,63.24847257049671,-0.0005444074103878,3.769198632703872,37.6526270199877,45,0.8143602938700983
B0054,6923,0.9526027840900876,1.3174156617474402,7553.444503399269,1.0515706824490498,2.0,51.67325844206776,-0.0005448372836224,1.6912364485171472,16.972578006852366,46,0.8166025153320126
B0054,6925,0.8850175175465715,1.2126632377445703,7144.239615659411,0.0973546355959523,2.0,46.8877229073415,-0.0004459269685818,0.2883955905948485,1.849248033611865,47,0.7586661964585204
B0054,6929,0.9937402750241768,1.361408759163972,7853.129125476522,0.1867003503241202,2.0,52.36927267325573,-0.000502011636291,0.4681786373691807,3.3259643819336504,48,0.8518669289284022
B0054,6931,0.995507330519279,1.3270489646299808,7776.953189491291,0.9317712872756704,2.0,60.45513715477954,-0.0004937112907635,0.3825152467326913,3.0852182002532325,49,0.8533817071613989
B0054,6933,0.975407870968116,1.3276244227375698,7631.760360564003,0.0538332313569437,2.0,66.48173714667823,-0.0005337237404369,0.327572085760591,2.792247254262295,50,0.8361517877233915
B0054,6935,0.965960558373922,1.3097569610519582,7576.232758763419,0.0947533226810646,2.0,35.19953173437375,-0.0005367865409975,0.4315705581536593,3.3807374522671823,51,0.8280532398749139
B0054,6937,0.9573702621688754,1.3057158865924712,7562.384588102081,0.0012041484829888,2.0,23.87945638761888,-0.0005338782519965,73.12843523274616,766.1949278836516,52,0.8206893547323898
B0054,6941,0.9294756591964932,1.3109299903476677,7593.743093620071,0.0134602496870417,2.0,23.101692327287367,-0.000513215408247,3.903528657735122,40.1412684654269,53,0.7967771813355913
B0054,6943,0.9323553879823946,1.3032350453888537,7557.094375573174,0.1128406670283376,2.0,47.908560563461805,-0.000524003354154,0.9125079769841012,6.421597275906906,54,0.7992457798000471
B0054,6945,0.954568378404969,1.0964628687718891,8040.014962825623,0.1182727609230319,2.0,12.626423695574024,-0.0001410140827354,0.7011315245691351,5.473859752608746,55,0.8182874875874607
B0054,6947,0.9330242104372936,1.3058598982309455,7407.313105327059,0.0,2.0,42.16794370424368,-0.0005598455259714,0.4010326126298946,3.391783833926447,56,0.7998191164605133
B0054,6949,0.923294184000959,1.29466432170035,7435.577638586188,0.1182727609230319,2.0,56.77795512664058,-0.0005439530700664,1.8086180125358988,17.34146551293736,57,0.7914782169850333
B0054,6953,0.9257799164262976,1.2747056456738846,7345.816094327956,0.0,2.0,21.90061548085828,-0.0005340513853719,0.2664134914335183,2.0382419483637206,58,0.7936090687785359
B0054,6955,0.9162765793280084,1.2833146322105808,7413.00650727861,0.0136094307491047,2.0,32.67670501214656,-0.000546635662297,0.5185278570955763,4.69928479729894,59,0.7854624948779318
B0054,6957,0.9387011679112468,1.0798244622404276,7877.443090850997,0.0941537783789997,2.0,12.801222875068053,-0.0001560991135225,0.2352112870560135,1.8147821844156484,60,0.8046855915853904
B0054,6959,0.9158990586877171,1.2881508661182337,7299.980527078235,0.3024812212495434,2.0,18.84930992002822,-0.0005771613942639,1.241970730008389,9.833566856494492,61,0.7851388717376258
B0054,6961,0.9202608990433788,1.0240570511110945,7971.744397657731,0.0600954658336941,2.0,73.00093850829882,-7.72620791702796e-05,0.3086044782338671,2.4533780976914703,62,0.7888779851072263
B0054,6965,0.9111253917360888,1.2830744595770445,7254.767004506131,0.1403753555466333,2.0,18.101230792805996,-0.0005724626189003,0.2084887684446083,1.2961908953722932,63,0.7810467270313928
B0054,6967,0.8980507043695345,1.2813396503181356,7292.263524200061,0.0445289454933841,2.0,34.27489515761518,-0.00056121617029,0.1201103723726042,0.6357717740240201,64,0.7698386739278043
B0054,6969,0.9278864624016372,1.0417970571634765,7879.532586066392,1.1301692630575892,2.0,12.198128568576372,-0.0001039551556878,0.4023543739985911,3.190127991268532,65,0.7954148694447264
B0054,6971,0.9118415396987224,1.2632209231095457,7145.758479787373,0.2590456846029315,2.0,47.45287285635315,-0.0005910934310743,0.9786038095966958,9.281413680786558,66,0.7816606326774854
B0054,6973,0.8936491649329469,1.2657670162476131,7260.496676590159,0.0003298619529515,2.0,37.03736672033332,-0.0005573740183753,0.6388685873448577,4.707718386496196,67,0.7660655291970929
B0054,6977,0.9100864492604256,1.2777225795621765,7364.226640389968,150.4447385758846,2.0,69.01470656881168,-0.0004997423305758,1.763851993278967,16.624046986374847,68,0.7801561112856891
B0054,6981,0.911490473146094,1.282112828663914,7422.048970399452,66.74803771856027,2.0,19.1182500140295,-0.0005177553991998,2.437079831959355,24.47421479767151,69,0.7813596868533568
B0054,6983,0.9337172811638196,1.0616350411399205,7864.367784060387,0.0435824021809771,2.0,36.957625492291214,-0.000136661990338,1.3386941162424022,7.638019405776092,70,0.8004132395389219
B0054,6985,0.8981517756068776,1.2824707324560831,7259.981799153024,0.134772538180707,2.0,19.1958465971218,-0.0005774604925075,1.150021301745651,10.32638169609282,71,0.7699253155249323
B0054,6987,0.9139367135371254,1.224349118876497,7243.038625324789,191.7350964894276,2.0,69.44373163045971,-0.0005059737250448,-0.059173490305234,6.5920615833903415,72,0.7834566847729367
B0054,6989,0.8764848617154279,1.2660315957563524,7225.903224279156,4.864943251414709,2.0,45.9320263267868,-0.000562468639891,4.284683249521203,37.92333246230533,73,0.7513517225449996
B0054,6993,0.8854917958581964,1.2622827143839468,7166.174598000122,89.17519337616204,2.0,71.6909548998661,-0.0005627546960028,0.0824296718063501,1.268235067293223,74,0.7590727634649461
B0054,6995,0.8819074622846708,1.257093678391163,7191.143546019497,0.3239386018524647,2.0,20.31938351986517,-0.0005699664411419,2.599327524756582,18.207413070144774,75,0.7560001545446123
B0054,6997,0.9045809105944796,1.1646193518739831,7294.474856972704,0.0806137383050718,2.0,15.324631637524217,-0.0003995416550836,1.691027036807617,15.608746909772098,76,0.7754365820149831
B0054,6999,0.8734606349455996,1.2500778883240151,7114.461773599659,0.1137991547852876,2.0,19.92635279209336,-0.0005820664625451,1.1211756645689446,9.539825458957583,77,0.7487592556443962
B0054,7001,0.903131190986828,1.0854483115943887,7506.395634007379,0.1715489868691295,2.0,69.5840809463314,-0.0002232947546112,0.4754832915074748,3.612155688620724,78,0.7741938345677717
B0054,7005,0.8712217754060124,1.2659963256789006,7072.4564470931455,0.1182727609230319,2.0,20.75217364681028,-0.0005788730808023,102.30977308424742,995.803537322992,79,0.7468400314283467
B0054,7007,0.8936499043476617,1.2043539729902089,7077.771513433245,0.2797035334403172,2.0,40.03763547815994,-0.0005248328911489,1.5443005300695536,11.748516783602232,80,0.7660661630477661
B0054,7009,0.8835064014687892,1.2392762722834965,7010.406676896129,39.87320014405178,2.0,55.7832438005804,-0.000591687241277,0.324983987498442,2.246147587214685,81,0.7573708179327749
B0054,7011,0.8779403705367915,1.238251294262764,7025.0728440863895,0.0944116605335883,2.0,43.933344796381206,-0.0005925404271517,0.5992607516631474,4.624845748582475,82,0.7525994326970844
B0054,7013,0.8599389109365094,1.244755115043102,7017.895201122773,0.1182727609230319,2.0,19.632291454978084,-0.000596677253234,0.7254355385380871,4.979176242001671,83,0.7371679879913258
B0054,7017,0.8697358119609565,1.2322143753996024,7011.697391176811,0.0277303843479452,2.0,38.15781650959522,-0.0005749865231866,0.3907288964402773,3.1510184019933263,84,0.745566214568696
B0054,7019,0.8638271814812677,1.2378964976587976,7013.749090102863,0.0,2.0,51.4564645971492,-0.0005980551761237,0.3492098539091069,2.122558231208984,85,0.7405011417046795
B0054,7021,0.8865694537789144,1.065736351722373,7397.088472575353,0.1074582260125426,2.0,13.439518072082066,-0.0002333210568813,0.4490472831671923,3.3522114510256302,86,0.7599965673666599
B0054,7023,0.8690078572313327,1.2345143395088705,6923.629648350118,0.0,2.0,17.43881625155524,-0.0006003153022307,0.8243702139369832,6.003973665115474,87,0.7449421877726516
B0054,7025,0.8474446088377652,1.2290079529905118,6991.957165775542,0.1182727609230319,2.0,55.44140921681157,-0.0005873005415614,0.6171127871605496,4.614714648982629,88,0.7264574602755179
B0054,7029,0.8799727721580702,1.2724654427244273,7479.577224931836,129.26557917373344,2.0,18.48454644943313,-0.0004155738370341,-1.9837686205553005,24.77749747201133,89,0.7543416743783181
B0054,7033,0.9110444582768508,1.2919422281145352,7458.015513953285,0.0441407119876118,2.0,43.50288742431615,-0.0004987555118935,0.4310554974962897,2.9724882900077105,90,0.7809773482016307
B0054,7035,0.912172429335506,1.2748688410793272,7431.480524999986,0.1182727609230319,2.0,52.70870017236033,-0.0005063166452171,0.3116583434211519,1.8572895776922296,91,0.7819442821840874
B0054,7037,0.8872043975884799,1.260054829407099,7276.173674083974,0.0,2.0,73.37117943422189,-0.0005223301464577,0.1682784439581779,0.8219866510987507,92,0.760540862135314
B0054,7039,0.8961236767959215,1.203093733729903,7360.054965600193,1.3205305859246654,2.0,53.75177077269327,-0.0004280340166073,0.7464920263659057,3.935536073822949,93,0.7681867623545775
B0054,7041,0.8851334001128452,1.243812248516338,7199.128963545541,588.77365454862,2.0,57.22813497844948,-0.0005363558807813,3.552076814485684,31.900281985564533,94,0.7587655348151605
B0054,7045,0.8793386645436118,1.0737380527538585,7559.488097871004,0.0061262070308132,2.0,14.628278583441142,-0.0001870203781739,1.0801517832261824,9.268466058030564,95,0.7537980964236803
B0054,7047,0.8461224238450626,1.243768594104108,7180.562779891907,0.1041723441631323,2.0,40.25285008914824,-0.0005315429403963,0.6617208928124415,3.2856862383426684,96,0.7253240397052574
B0054,7049,0.8705933152969343,1.1806023080412666,7186.242206052081,0.1336800463925432,2.0,53.30978433819544,-0.000442614482575,0.6218274863396628,4.797648665323484,97,0.746301294701528
B0054,7051,0.8440520909609104,1.22670222665524,7078.601154340133,94.43122462471958,2.0,44.05722693628311,-0.0005525296335128,0.8577815542252802,5.191262810424019,98,0.7235492820948352
B0054,7053,0.8536244678403578,1.2045152883743762,7003.377001769045,1.2051427520451476,2.0,16.158765625300838,-0.0005368069815169,0.1488653631236106,0.7284072098799272,99,0.731755039172198
B0054,7057,0.8524519337958137,1.1878220342426613,7037.571016593597,501.1978391421797,2.0,15.476656627422612,-0.0004840900726228,0.9457379909367364,16.156140383297192,100,0.7307499043289257
B0054,7059,0.8373919001793014,1.2196143037318992,7079.159902948912,0.3341399471016235,2.0,18.849338612002004,-0.0005390240987835,0.6304321283749418,4.87935905303949,101,0.7178399469598891
B0055,7318,1.319892156462878,1.3703617023801242,9301.87194092627,0.3765470310701388,2.0,61.62698499835948,-0.000102078385134,0.2253275187570677,1.743218688855539,1,1.0
B0055,7320,1.2769832801132015,1.3328951879927238,9376.178564951811,0.2922806008623582,2.0,12.007296990425004,-0.0001034031870465,1.2200463853061896,12.211665306785788,2,0.9674906194876812
B0055,7322,1.2572591312230863,1.302358663382618,9060.376345313258,0.1034603860651341,2.0,62.662954681823685,-0.0001258529564755,0.7716090452568168,8.87842846872792,3,0.952546861549932
B0055,7324,1.206763751299412,1.2605269384185658,9387.409151633452,0.0003600554012889,2.0,34.769332627008374,-7.215989360047896e-05,1.0936255135128805,7.337703317648442,4,0.914289660250248
B0055,7326,1.2077322536103197,1.2559898634203293,8958.52912591063,0.2204615600007068,2.0,63.640479886656976,-0.0001146381161113,0.0372168982024595,0.1937335596631213,5,0.9150234340712116
B0055,7330,1.2009614290093835,1.26654235181739,8416.929316940044,0.1034171857416173,2.0,55.24836646948957,-0.0002062210716325,1.076916534861054,9.07839639000326,6,0.9098936023892952
B0055,7332,1.189059086549973,1.2511396365754277,8141.468789469198,0.1034171857416173,2.0,12.674606620029692,-0.0002400693802386,0.099107771592834,0.7789530786804927,7,0.900875939543789
B0055,7334,1.169708782604433,1.2080170070069385,9215.119657400446,0.0003063795183035,2.0,56.96123121939714,-6.459151468951153e-05,0.8345412179525044,7.332963914815544,8,0.8862154206136696
B0055,7336,1.1483647194613424,1.2066423196408087,9042.394475020626,0.0972222237061251,2.0,66.67950081936911,-9.074370414908382e-05,1.5542776183431757,14.383935370262906,9,0.8700443546378784
B0055,7338,1.1527726060972296,1.2021532564523347,8000.693557240843,97.42229804668038,2.0,67.5363223014285,-0.0002332937024172,0.1743558371759922,2.1966709249536835,10,0.8733839355379572
B0055,7342,1.1318370471727228,1.179001471473298,9069.797382223762,0.1182516075504095,2.0,39.416409744100704,-7.614323760832685e-05,0.3272608778004091,1.8606149926868545,11,0.8575223677409252
B0055,7344,1.1326525803383347,1.19639769523953,8840.438046757863,0.1034171857416173,2.0,46.42029703485122,-0.0001126548890246,0.2323346446813406,1.8093934383781416,12,0.8581402463771597
B0055,7346,1.1160565716574584,1.1612738482577205,8998.117130173045,0.2341618933475613,2.0,49.17814297752891,-6.674315044693773e-05,0.3062832454285095,1.667096529342072,13,0.8455664852561365
B0055,7348,1.0984641825068853,1.152151346131019,8922.437984349197,0.0,2.0,64.91506904845589,-7.416729995772523e-05,0.3897076961657503,2.1521882378505253,14,0.8322378287712626
B0055,7350,1.092569410309668,1.1519996223543336,8888.395902705455,0.9217375546394312,2.0,48.84027493100554,-7.83811609439882e-05,0.1909831923911184,1.6593664549350036,15,0.8277717273793016
B0055,7354,1.109167680712031,1.177064939124017,8644.765897764844,0.4283867092766674,2.0,74.86573385926383,-0.0001314866587191,0.2145762228238067,2.01537714046588,16,0.8403472020656911
B0055,7356,1.107503502890571,1.1741793016647206,8539.093941305775,0.2195174078849448,2.0,54.616166148473525,-0.0001453909872641,0.3241865720889768,3.3044374445900258,17,0.8390863582813628
B0055,7358,1.106751675424531,1.172708663275951,8633.35832618907,0.0490457708261907,2.0,45.35051403932592,-0.0001331168846531,0.1717294137042292,1.411623574652426,18,0.8385167454820452
B0055,7360,1.0726694124582823,1.1160270281147644,8791.804563779198,0.0,2.0,38.213021154715584,-6.022248034791151e-05,1.3520177896098575,9.623572117996003,19,0.8126947396466714
B0055,7362,1.0776844021506693,1.1469293436703705,8707.112742424059,0.1033739854181006,2.0,61.28275367088638,-0.0001085709576078,0.3263379169715956,2.812172901192722,20,0.8164942846836132
B0055,7366,1.1981714734535909,1.2472986719839023,9117.418971396928,0.0,2.0,58.31875775868021,-0.0001245652031817,0.1924330417627388,1.8506633300304396,21,0.907779827000805
B0055,7370,1.162538155268093,1.212686305319875,9123.189946166838,0.0165823311950907,2.0,41.739193679901454,-0.0001086430826179,1.4710446049533084,10.90946623522925,22,0.880782683324317
B0055,7372,1.1556827465844224,1.211336239101355,8972.62665044288,0.1034171857416173,2.0,10.727503397728086,-0.0001184041491943,0.1644284364022711,1.121938767774206,23,0.8755887675561969
B0055,7374,1.137444098422356,1.219517973423333,8721.670176725362,0.0005168338688318,2.0,36.62071174089368,-0.0001773612535513,0.2128095718374726,1.8530785253626332,24,0.8617704809084882
B0055,7376,1.1126375352125493,1.1923281217174018,8789.82149134916,0.1034171857416173,2.0,14.585836284071862,-0.0001391273019035,-0.0545075858519279,2.746978661121867,25,0.8429760944971887
B0055,7378,1.098656067845981,1.1463874595010717,8832.567106143251,0.2468422180200533,2.0,49.96794302321643,-0.0001037302589029,0.4456112852842167,2.185490088047245,26,0.8323832083298547
B0055,7382,1.098530275888464,1.1434807675956598,8791.268782218875,0.1034171857416173,2.0,51.59889246429726,-0.0001017611277522,0.3317951047055539,1.697630417271033,27,0.8322879036059794
B0055,7384,1.1029370400968537,1.15677945796976,8691.4975498093,0.0048816248588678,2.0,54.3201365793791,-0.0001175805056151,0.1885675024064612,0.8335962992433337,28,0.8356266341127194
B0055,7386,1.0949644922735318,1.1818557184142526,8489.059819537579,452.5707606022526,2.0,73.94627918853382,-0.0001781516885322,0.0929232342642942,1.7706155082344115,29,0.8295863316650656
B0055,7388,1.0890679714830998,1.1348704539574914,8636.456604956991,0.1034171857416173,2.0,10.405041917372714,-0.0001113150806321,0.8631848587007783,5.43870963927113,30,0.8251189054730395
B0055,7390,1.073323391636053,1.151892243733534,8577.551095936939,0.0001662175736086,2.0,40.13517890609474,-0.0001359489471983,0.2381036690792428,2.286881172182224,31,0.8131902188981909
B0055,7394,1.095373856745309,1.1922248103812758,8332.238883463455,0.878628420187092,2.0,48.27907097931045,-0.0002146538648912,2.632810988310076,26.148650558461032,32,0.8298964816040381
B0055,7396,1.0639517466243125,1.131499590115791,8556.587712941611,9.36464771957082e-05,2.0,46.57000341947326,-0.0001230314667841,9.472267811094124,98.03119123152608,33,0.8060899077357583
B0055,7398,1.085798072407703,1.161850357841571,8371.694275384056,0.038156729457654,2.0,51.68345604423027,-0.0001820630481756,0.3449993717856142,1.8527390006718545,34,0.8226415068011967
B0055,7400,1.0588748965507555,1.141422078574536,8468.97651135753,0.3259826858924118,2.0,13.36717463944692,-0.0001451479971815,0.1206023038737264,0.8019894657393886,35,0.8022434949446087
B0055,7402,1.0813260035191288,1.1644778234389346,8253.814556700736,0.0927204770477387,2.0,35.2085633895619,-0.0002054172108576,0.3120594685398655,2.2528441468351263,36,0.8192532990096157
B0055,7406,1.061601862588323,1.1172617372678693,8465.7829308318,0.0001253747789616,2.0,63.42864618698939,-0.0001193624610992,1.490397386702568,14.595007618703066,37,0.804309547102139
B0055,7408,1.0593920670581127,1.1551842107578811,8381.552256749106,0.1034171857416173,2.0,59.95446885664742,-0.0001709364728693,0.0808902138409574,0.3745527122739833,38,0.8026353227957137
B0055,7410,1.0742513141424723,1.123704704967032,8355.201801875617,1.7242587462388188,2.0,56.071744542905975,-0.0001528945978344,0.5474783548536046,2.3533707538384143,39,0.8138932479311886
B0055,7412,1.04056147341315,1.1190282552779,8339.321755394998,0.0001734592479507,2.0,11.842102611645462,-0.0001491534834718,1.4655572250836069,13.301636323887546,40,0.7883685559596822
B0055,7414,1.0575656535324895,1.1510516111334947,8236.763366697262,0.1034171857416173,2.0,66.39680899956376,-0.0002036393747323,0.2591897951172891,1.8424207121930172,41,0.8012515631327138
B0055,7418,1.0983528970914622,1.1768708735125728,8635.587182870666,0.0804054684906765,2.0,33.40010928063606,-0.0001515635501437,0.3799043347363648,3.495587541640413,42,0.8321535147499404
B0055,7422,1.109758993739737,1.2357203094344793,8426.473884157549,9.964063994617112e-05,2.0,70.04513422209197,-0.0002526728475049,0.4953000156280645,2.990182249948945,43,0.8407952030821458
B0055,7424,1.0793315779206871,1.1273017439144135,8589.185030886561,0.0145026024373934,2.0,49.91870865113758,-0.0001218308347877,1.458155270107076,10.697215374551156,44,0.8177422470735345
B0055,7426,1.0716159094756148,1.1697233517788654,8403.09768795794,0.0002825903791682,2.0,34.202586837036016,-0.0001937217927074,0.2550059538046533,2.3008104051443503,45,0.8118965661159712
B0055,7428,1.0746464211019795,1.1729780572162964,8282.07382215074,0.1034171857416173,2.0,37.99040726576785,-0.0002189423248906,0.0525645407489249,0.2104703066447846,46,0.81419259584198
B0055,7430,1.08643683065179,1.2168508460446683,7699.476610502224,0.2127445461905953,2.0,71.84580261444141,-0.00034395650933,1.5970650423533717,13.652458386872295,47,0.8231254541001933
B0055,7434,1.1340138347387958,1.2527725116549189,8508.34008806884,208.9747990597728,2.0,36.0396404723329,-0.0002582526267044,0.1341879561179148,1.443284837390988,48,0.859171583970762
B0055,7436,1.1176964717951587,1.212318772895199,8449.189995360503,0.1034171857416173,2.0,49.72692565885788,-0.0002263410786842,0.1167184167242932,0.9921923525490578,49,0.8468089353530407
B0055,7438,1.1046468529644289,1.1994513679800691,8324.789163907682,0.2400211598853205,2.0,59.35319823016757,-0.000238989270556,0.1620708324292558,1.2633562320069829,50,0.836922052726432
B0055,7440,1.089700148407426,1.1849889992458356,8283.55866577903,0.0,2.0,46.69165989937559,-0.0002308975862322,0.6068470934331823,5.8505098501696535,51,0.8255978665163571
B0055,7442,1.075533547538172,1.164925344692576,8304.519085564416,0.0983771608299965,2.0,58.553338547322674,-0.0002066599125956,0.5303316252594472,3.727322349476724,52,0.8148647162359445
B0055,7446,1.0609866776144368,1.157406604155998,8379.674740524053,0.0895474859155074,2.0,38.900190307521385,-0.0001859662291804,0.547750341530409,4.242078317856469,53,0.8038434598003288
B0055,7448,1.0518218041615568,1.1297766930356266,8376.343116169566,128.99612796612556,2.0,67.43266915320302,-0.0001561447545004,0.0694964311917124,2.614611099681611,54,0.7968998065571422
B0055,7450,1.0553857898132757,1.1058981571106836,8365.292023546774,0.0,2.0,26.119130162121795,-0.0001220902367079,0.1952660985666053,1.150378552178342,55,0.7996000162934208
B0055,7452,1.0533102333691788,1.1442594617684203,8180.731303440622,0.4745341892603437,2.0,33.31439691076431,-0.0002080820183995,0.3701753906305522,3.4285651684235297,56,0.7980274965735833
B0055,7454,1.0315365260084348,1.1043020860606012,8290.70588180875,0.0,2.0,44.773705080843975,-0.0001431814645126,0.2923219047095441,2.0408780239287783,57,0.7815309159596834
B0055,7458,1.0533401053259417,1.163251418795897,8018.135838399376,0.1034171857416173,2.0,56.46757760240128,-0.0002596067924832,0.2515896257424959,2.293517422990881,58,0.7980501286928944
B0055,7460,1.0317876798810788,1.1136932862752782,8242.32063976357,639.8520557482727,2.0,52.13677775580062,-0.0001578841609247,0.0240755872447988,1.0335461114148,59,0.7817211995911256
B0055,7462,1.0354207912157296,1.0832454014448625,8216.908401492024,0.0,2.0,37.38361437297644,-0.0001394555502586,39.79265576560173,379.91491270232393,60,0.7844737815478114
B0055,7464,1.0322251791310608,1.1371366024699194,8054.64446434784,0.0,2.0,43.966366756552105,-0.0002232674459155,0.1378656648002912,1.010133191335606,61,0.782052665497518
B0055,7466,1.011543397303472,1.0761647467728817,8194.624158926057,0.0801641657710267,2.0,11.702474441146457,-0.0001326910389642,1.1554895159703606,10.7585446091055,62,0.7663833687854191
B0055,7470,1.0413760568150228,1.15324762172816,7968.892590587042,0.1034171857416173,2.0,13.658499505082684,-0.0002647490521404,0.2901446976817398,2.292648260652313,63,0.7889857150191433
B0055,7472,1.02174193386881,1.0924677141694668,8120.009603279783,0.0,2.0,53.112668818107664,-0.0001592681987319,0.6072805057159074,2.8216561485418272,64,0.774110164126539
B0055,7474,1.0133135547969283,1.0621398038010668,8176.34669058942,48.85659465924139,2.0,46.67856826450647,-0.000112847322713,1.3266158337534613,11.911582544113555,65,0.7677245067600549
B0055,7476,1.029994255962691,1.1363613500845609,7829.937413118021,0.1034171857416173,2.0,64.79695911251972,-0.0002667671218889,0.4646721830119453,4.205859244212258,66,0.780362434096834
B0055,7478,1.0189349807814327,1.1193209413173852,7999.867548614283,0.1314667813767747,2.0,67.88251376632545,-0.0002244901847541,0.3070647245892939,1.512682072478216,67,0.7719835107680559
B0055,7482,1.0290879520854015,1.1199967038776004,8203.079603915285,0.0460648207306689,2.0,50.23715251556875,-0.0001791776793961,0.3022166028069133,2.462921024755391,68,0.779675784151343
B0055,7486,1.0567629241900045,1.1998162027708714,8089.194814382066,0.0,2.0,40.08326761188653,-0.00028548865762,0.1934121880867096,0.8978897404913867,69,0.800643385155025
B0055,7488,1.0291668536316647,1.0863340613827757,8185.630015280745,0.1034171857416173,2.0,56.65411249453732,-0.0001424392039999,2.6549386146135823,21.8511675461014,70,0.7797355629339328
B0055,7490,1.032129844490102,1.1403501539150471,8020.974027757154,0.1589501539905987,2.0,52.61808811132471,-0.0002421764438448,0.4278379854339854,3.797047777618812,71,0.7819804363835771
B0055,7492,1.0409230283951276,1.1099908466740975,7938.0060996898355,1.892228556122806,2.0,59.44444714597207,-0.0002096431963247,1.073431523740362,7.049451382332927,72,0.7886424836288536
B0055,7494,1.011161098766987,1.1162796789682363,8000.796910207575,0.1632678413433804,2.0,53.8141710596871,-0.0002104641189202,0.2945741108822522,2.3930657681324607,73,0.7660937250182271
B0055,7498,1.0337876112911784,1.1458454813878125,7876.154596278105,0.1034171857416173,2.0,42.68378652057736,-0.0002788242413636,0.5465416181056805,4.950148450859358,74,0.7832364229374474
B0055,7500,1.003994224020383,1.083607305689204,8034.560525953417,0.0,2.0,44.81940627365522,-0.0001765937263432,0.5443234833700462,3.950028293841151,75,0.7606638308321672
B0055,7502,1.0334195479955004,1.0867556269230063,7876.69660250259,556.841748648755,2.0,39.97270407563698,-0.0002019575607324,0.2574993591357865,2.8348937970145607,76,0.7829575643247375
B0055,7504,1.009893656411646,1.1197705602983714,7857.682766459857,0.4087896991567131,2.0,63.46812923276373,-0.0002468967195815,0.2615083985182619,1.8883222926430383,77,0.765133462962623
B0055,7506,1.0126262447940628,1.05913754546544,7945.459412301947,0.1034171857416173,2.0,8.692936765026888,-0.0001515839566529,0.2589993794775233,1.3194224051531434,78,0.7672037748203279
B0055,7510,0.9948742055727694,1.0850661106889228,7908.611568845516,0.1322604910203361,2.0,39.5067108027472,-0.0001986673519552,0.7483871050933076,3.187576432061031,79,0.7537541614300443
B0055,7512,1.0240799556179332,1.111078158492881,7737.011272470318,0.0,2.0,60.23015937566555,-0.000248842878672,0.4915841998464781,3.783040355751161,80,0.7758815374449385
B0055,7514,1.0208889510043029,1.145639833352465,7670.536465158517,0.249555195492467,2.0,13.40288447133334,-0.000315169896582,0.6302706459195538,4.203299601243431,81,0.7734639121882041
B0055,7516,1.016100815944114,1.1273150770958806,7714.869859952247,0.0004239644504523,2.0,65.39054119347789,-0.0002989715317384,1.862100327942088,13.957051032761704,82,0.7698362407631232
B0055,7518,0.9987875345106276,1.0867709718092844,7820.258941267556,0.1034171857416173,2.0,33.92671866146109,-0.0002158060349012,0.4935074244711394,4.091835626603624,83,0.75671904679488
B0055,7522,1.0158868294923784,1.1417397934837832,7698.520560344812,0.1034171857416173,2.0,49.26167028660645,-0.0003064900567994,0.4323294512733785,2.460828920469373,84,0.7696741165693488
B0055,7524,0.9963437517762594,1.0814876878025947,7828.943393776415,14.518805749633332,2.0,64.62217630182218,-0.000204387749019,0.2604931185574309,1.6817427948039914,85,0.7548675449714907
B0055,7526,1.0053777381419529,1.059883157111218,7842.810225420832,0.1034171857416173,2.0,34.45697379910061,-0.0001692978111002,0.4848713625724327,2.847091913254344,86,0.7617120332287004
B0055,7528,1.009132291002791,1.1321237085526106,7573.068902037798,0.7070887268728652,2.0,64.52183822033082,-0.0003246686991212,0.4170716410782987,3.523981765459845,87,0.7645566238586651
B0055,7530,0.9984581240784204,1.100095760369666,7752.2595531197,0.1034171857416173,2.0,27.57739211450769,-0.0002453617375596,0.4966147209949835,2.9765947005348536,88,0.7564694730470595
B0055,7534,1.0892389324114138,1.292577174009523,8003.499883489127,0.032443682414923,2.0,68.91853183984308,-0.0004134068077271,2.897577167144498,26.395797685047743,89,0.8252484319100873
B0055,7538,1.0793936031703524,1.2278351602361974,8107.788051351512,0.2455900079219071,2.0,59.89531452798248,-0.0003224979505727,2.2123373204327303,20.310197944602947,90,0.8177892397383227
B0055,7540,1.032614295314224,1.1055491553293084,8315.998701524171,0.3660797763276328,2.0,39.432680392800506,-0.0001460447228163,0.2091871471041698,1.5000212897073746,91,0.7823474745705608
B0055,7542,1.0498572649026638,1.1781973559977807,7936.194984075569,0.1034171857416173,2.0,30.80139815481981,-0.0003052421927929,0.8320654947664158,5.973275050082624,92,0.7954113976373123
B0055,7544,1.0453902697248565,1.104555048081565,8079.809169645076,0.1267616937145104,2.0,8.879872931693944,-0.0001764721741804,0.3752541236951213,2.259552516729378,93,0.7920270338800653
B0055,7546,1.0001607736713514,1.0737293754949977,8092.355005610751,0.1034171857416173,2.0,46.61079152829205,-0.0001459567843751,0.0462418160387016,3.1319884173139587,94,0.7577594644941591
B0055,7550,1.0084094786878155,1.0540306338857377,8061.688990435086,0.1205294838454061,2.0,33.58704557563962,-0.000122435883784,1.4678092738885071,10.73531443645108,95,0.7640089940303975
B0055,7552,1.003655158082039,1.1434288578570178,7875.553522106967,1.3350398138657849,2.0,36.40805366627336,-0.0002859264851438,0.3959817719195563,2.55914319722202,96,0.7604069417093068
B0055,7554,1.028526967659532,1.0918868631482348,7876.035134503265,0.3615155100866609,2.0,53.53194847654306,-0.0002016316401465,0.1757638170962709,0.7196765921127832,97,0.7792507612257028
B0055,7556,0.9816844358987022,1.0940666899901372,7903.720551485236,0.1631365461723749,2.0,34.38488268577399,-0.0001989620948778,0.3411364234894317,2.08518532054416,98,0.7437610952469601
B0055,7558,1.0127121434171131,1.1186588634618937,7692.244376137553,0.0397557579981945,2.0,61.57893421139533,-0.0002809733994974,0.2726128959873494,1.745188865987063,99,0.7672688548517757
B0055,7562,1.0201379996149256,1.1143754245912976,7732.077201199334,0.1034171857416173,2.0,59.6673271512259,-0.0002521277893221,0.5544027850009089,4.321296271761724,100,0.7728949631375561
B0055,7564,0.9907591663373164,1.1078962857963504,7844.519095873346,0.0020724752858081,2.0,68.3204081702742,-0.0002396439450223,0.4126524188674006,2.9122248056282656,101,0.750636452748086
B0056,7066,1.3443555553017368,1.3472174532509325,9259.129474741378,0.0,2.0,51.94270462929162,-4.95501248728986e-05,0.2407959808871228,1.8436029356244965,1,1.0
B0056,7068,1.317502710734752,1.3202094915368687,9335.043074393709,413.5255852494983,2.0,54.762381723455896,-6.568571983650462e-05,1.6064900625024434,22.31756893199272,2,0.980025489193625
B0056,7070,1.2973654679476911,1.3002185647588709,9007.811272808163,0.0487095137023472,2.0,47.69570708498701,-8.971117729855673e-05,0.179818051733572,0.8483718293563767,3,0.9650463843670444
B0056,7072,1.263960414854898,1.2671925918177187,9322.30658731836,0.1182250909615109,2.0,46.13416177818446,-4.901664768301679e-05,0.9353185505627968,10.454229207199784,4,0.9401980077890968
B0056,7074,1.2589496187032136,1.2699021535805048,8908.473385883719,0.0777462125344074,2.0,49.564067107368665,-8.783652911243041e-05,0.6343714165616721,5.712790030880692,5,0.9364707228964037
B0056,7078,1.28061976902026,1.2832883945127889,8351.69091134761,0.3291052984648587,2.0,54.671413698354925,-0.0001829099519569,17.48683226865536,199.39571121024403,6,0.9525900822664646
B0056,7080,1.2572786868607095,1.2601730662324184,8089.467697509122,0.0777462125344074,2.0,53.6031274223776,-0.0002128846611152,0.4583932043753275,4.353823068549221,7,0.9352277988530474
B0056,7082,1.2226260041048898,1.2257521616946083,9141.573601614506,0.0777462125344074,2.0,45.55629504661907,-4.4081059006585866e-05,0.627353136983241,4.673494487200922,8,0.909451371910666
B0056,7084,1.2292772249257495,1.226721889311733,8977.797267924565,0.0878474005636058,2.0,45.26050198760197,-7.483564912589981e-05,0.8581818798450547,6.891909659392226,9,0.9143988880604148
B0056,7086,1.2275780135689456,1.2305855023643817,7945.530007069114,0.0345640184671599,2.0,42.840094940674255,-0.0002177611773513,0.9895371472239256,9.513145317743104,10,0.9131349282767826
B0056,7090,1.2133872888296768,1.2162381461128633,9011.342474160494,0.0519406064738301,2.0,42.72186034799972,-6.704041485197579e-05,1.1613488523186033,8.472091883888115,11,0.9025791458550082
B0056,7092,1.230223614493081,1.2300463090451714,8778.379498446951,0.0,2.0,55.86882304787786,-0.0001048946584455,0.7650256576652086,7.772587743956158,12,0.9151028607286564
B0056,7094,1.1927530108462678,1.1961938985883085,8920.819986450075,0.0378634689316795,2.0,34.30327213237214,-6.60537542379843e-05,1.3754453592475104,9.79947640280559,13,0.8872303209834677
B0056,7096,1.18671066359878,1.1899237598427106,8848.583060965831,0.0126105001032984,2.0,38.89057575463751,-7.102578122450572e-05,0.7531922874645707,6.654857190728983,14,0.8827357159486177
B0056,7098,1.1914875140242167,1.197531936070273,8818.87069128789,0.0,2.0,43.13098033942177,-7.608629122504275e-05,0.7010861649697314,5.118578642632125,15,0.8862889801179055
B0056,7102,1.214178606017816,1.2169833281244231,8594.66835905929,0.000250683150322,2.0,52.60037513028712,-0.0001182841455733,0.2951712955976996,2.609339467344035,16,0.9031677678047731
B0056,7104,1.2094387558721402,1.2122907662343945,8489.008398573169,1.935675351993916,2.0,50.88318392220963,-0.0001343634672113,0.7932619734186396,6.702322446477568,17,0.8996420263244161
B0056,7106,1.207072299940321,1.2102547182914232,8580.608421534553,0.1489515330144525,2.0,55.25639433137493,-0.0001225649963178,0.6345815834956462,6.266259466777708,18,0.8978817361076751
B0056,7108,1.162961249391913,1.1691584346876307,8732.56594292693,0.0470510617769343,2.0,44.93882029038709,-6.7706327593294e-05,0.0768975953841144,0.2700345392443444,19,0.8650696944015601
B0056,7110,1.17887968705904,1.1820574424608885,8678.825253228135,0.1528656005924881,2.0,53.920105771410434,-9.146300805890635e-05,0.6503522530636916,5.308504201843929,20,0.8769106375243443
B0056,7114,1.2945104146044433,1.2974090248940016,9047.202948725311,90.43560315039392,2.0,42.877198171732125,-0.0001281287250018,0.7762052654526315,6.140201328886438,21,0.9629226505586864
B0056,7118,1.2602567563003473,1.2574549001915951,9054.429131937672,0.0,2.0,44.096965637549545,-0.0001127347291291,0.9456512672010012,5.723264846816272,22,0.9374430382872084
B0056,7120,1.2408721291565108,1.2441203182857528,8938.115186022806,0.3231108923690236,2.0,32.85526952730864,-0.0001121266384209,1.2998166586176625,11.37501062639382,23,0.9230237672339596
B0056,7122,1.252197340273113,1.2555657314916222,8701.003585725535,0.0777462125344074,2.0,34.89168646198599,-0.0001540294968686,1.3581480628544622,12.684637918970196,24,0.9314480349598144
B0056,7124,1.2279025700477384,1.231119177823468,8756.571495155247,0.0475965867260608,2.0,42.95234684335488,-0.0001320394078105,1.337240728533194,12.301578086342992,25,0.9133763498839704
B0056,7126,1.1917170308946994,1.2011240542855794,8758.847439502104,329.0340006286688,2.0,38.254560464029566,-0.0001014534611613,-0.0842909603027842,2.6469123304415083,26,0.8864597064332597
B0056,7130,1.1858570240011006,1.1890144809604206,8735.84016752207,0.0777462125344074,2.0,29.104648168871,-9.689291032035148e-05,9.039678435293034,71.89392025675893,27,0.8821007354225857
B0056,7132,1.1840938286611429,1.1842877600356234,8659.544154213932,0.4756712974983229,2.0,42.40464876043082,-0.0001045557237884,0.324516466833345,1.8177281079623584,28,0.8807891810997697
B0056,7134,1.2059829135917657,1.2090318536439013,8483.219663672975,0.000162230845523,2.0,9.652839492030242,-0.0001511514513666,1.5755478649771923,12.60892423090542,29,0.8970713951645674
B0056,7136,1.165428493679393,1.1770199733600344,8602.404228000185,0.0777462125344074,2.0,21.501183446522692,-9.649846862960848e-05,0.569352405986857,4.112376048179603,30,0.8669049561206417
B0056,7138,1.1790060613193858,1.1872534495719926,8562.599670561778,0.0777462125344074,2.0,44.32499887089275,-0.0001093495712113,0.6796869414917939,4.061599250546161,31,0.8770046411232044
B0056,7142,1.2013113747183153,1.19838894803077,8365.107358406147,0.0075412474930314,2.0,41.546351675084345,-0.0001602949665737,0.2972453299043733,1.315737887606515,32,0.8935964670809757
B0056,7144,1.165597803317432,1.1687904663486888,8516.912244261715,0.1289695376983537,2.0,50.98923468457188,-0.0001152532779036,0.6888876584300556,6.1277308654217535,33,0.8670308972359747
B0056,7146,1.180303335055002,1.183582632514622,8387.649707476958,0.2409053515509226,2.0,7.927042260042903,-0.0001414278738482,0.3766854174315865,2.746637706317392,34,0.8779696192724002
B0056,7148,1.1658134189695046,1.1688126142092985,8460.761004690914,0.0021206700089795,2.0,44.75121839317077,-0.0001220976282912,0.1574164523905524,0.8335426005783756,35,0.8671912831184315
B0056,7150,1.176396051577376,1.182896472730138,8285.185958627706,0.1406218790605425,2.0,35.06311116702011,-0.0001581000672147,1.039584045772621,5.866716610458996,36,0.8750631832018109
B0056,7154,1.1458325512940766,1.1459883026367284,8437.040638545706,0.1422664457485893,2.0,22.66019511904122,-0.0001082193105396,0.1006099324148592,0.4851698476346908,37,0.852328498048939
B0056,7156,1.167557759980296,1.1707892707228944,8400.774085462097,0.3534707623983116,2.0,53.772882175995626,-0.000133835902149,0.4928582844246697,3.5620798736345343,38,0.8684888126327867
B0056,7158,1.145636654711916,1.152066897860147,8370.137375343686,0.000422838069807,2.0,22.92848213913525,-0.0001204748647733,0.513206033611594,4.075871263196111,39,0.8521827802130673
B0056,7160,1.1443667002824445,1.1510816466283156,8335.533209976727,0.0244059775828027,2.0,38.21440564952209,-0.000125213293287,0.6141894529830677,2.496618025226069,40,0.851238123552511
B0056,7162,1.1605177686388095,1.1669080673603898,8294.526266496392,0.1600560457298749,2.0,48.4569460652849,-0.0001468001613823,0.1269166272604951,0.5319741229944989,41,0.8632521092073254
B0056,7166,1.227201304260248,1.2271500323966795,8609.950587154704,0.0012878263059307,2.0,41.4448767452202,-0.0001556884553619,0.6740097774205651,4.008368803867819,42,0.9128547127436136
B0056,7170,1.2454797202045476,1.2486764246647857,8496.644791486211,0.015220704916802,2.0,41.70588262072164,-0.0001927648871944,1.060766322118735,8.157210579692052,43,0.9264511276743326
B0056,7172,1.1722288849037228,1.1755582921074226,8563.44234881808,0.0,2.0,6.974734132589419,-0.0001218530510884,1.3197418910176946,11.1190809284281,44,0.8719634327993083
B0056,7174,1.1953514999944956,1.2022027298409967,8429.216048090979,446.94404813342607,2.0,46.47017819272643,-0.0001577741313315,0.0630199010665631,1.3563590192107124,45,0.8891632093015768
B0056,7176,1.1919514716203925,1.1951417203464871,8329.484302940902,0.0,2.0,54.90383857557304,-0.0001773627020658,1.5760586876328826,12.71065204439908,46,0.886634095362415
B0056,7178,1.2296223665252586,1.2327831625852643,7754.907746117482,0.1071476978237228,2.0,9.374428939389098,-0.000284688270112,0.4091995188175847,2.749248262260773,47,0.9146556219268
B0056,7182,1.2774519419396988,1.2807014693340553,8577.665785236652,0.0073122756878197,2.0,45.00825277487964,-0.0002112499413747,2.269255196096072,21.917975715023584,48,0.9502336914529864
B0056,7184,1.2433879751668584,1.246344070500214,8483.014957682435,0.0,2.0,42.71913356729959,-0.0002028117720026,0.4693155864609676,3.2956697163977102,49,0.924895181385094
B0056,7186,1.230802542912592,1.2340254623443483,8361.733946775252,324.6714200919752,2.0,8.75400839768026,-0.0002022659368183,0.2108555072309678,2.123263497290291,50,0.9155334971159038
B0056,7188,1.2162358534094664,1.222507196066268,8323.069506164891,0.0777462125344074,2.0,42.022922083006165,-0.0002025104254623,0.189393871756226,0.9558551082812629,51,0.9046980529912608
B0056,7190,1.2088335726499548,1.208732312320092,8323.293082048513,0.0307508947332527,2.0,34.06765213836035,-0.0001945103456246,1.1041589765105448,9.589299121025006,52,0.8991918602803226
B0056,7194,1.1946181162240357,1.1979253716872618,8403.252548779654,0.0777462125344074,2.0,53.254705372469815,-0.0001656722364958,0.5910691929345432,4.678116499283192,53,0.8886176811728256
B0056,7196,1.1734248134794991,1.1769502508084095,8380.57304875689,0.0,2.0,47.862051656716034,-0.0001520736099859,0.7515493077383741,5.820005758114504,54,0.8728530252669111
B0056,7198,1.1404596305913128,1.1405950839101475,8368.07029557055,0.0,2.0,39.44344213094906,-0.000114234934567,1.7054518636930875,17.061333712660975,55,0.8483318465071839
B0056,7200,1.1821716406845988,1.188398895533715,8215.618363374386,0.0777462125344074,2.0,9.004986172473101,-0.0001895750154596,-0.0206452935822102,1.5349355760909411,56,0.8793593599717477
B0056,7202,1.1480663382055174,1.148042998176168,8294.091358999165,0.4457296684770807,2.0,35.032647166838785,-0.0001397325753489,0.7727365488780339,6.206524359591129,57,0.8539901023043247
B0056,7206,1.1825381935034152,1.1888763597417993,8094.324694173105,0.0001680216290368,2.0,8.603044020149795,-0.0002061569717803,0.6046731578039733,4.58242935638977,58,0.8796320205914556
B0056,7208,1.15520928628466,1.1582398970272774,8251.19197302025,0.0568229488687954,2.0,34.60894341780112,-0.0001564071704241,0.2884022767182311,1.6588349031765628,59,0.8593033901848804
B0056,7210,1.1216816712671696,1.1250288825755566,8243.475017825314,0.0086640215861899,2.0,43.54147218988573,-0.0001239896217607,2.120904939310763,20.40853834610479,60,0.8343638458171219
B0056,7212,1.162666262561457,1.1692146735495188,8117.931104474278,36.3792490001942,2.0,44.073704587004976,-0.0001914463586161,0.4341689862289455,2.597481118463848,61,0.8648502682019266
B0056,7214,1.124695615744926,1.1248301126526787,8198.512293939162,89.06690464908104,2.0,25.190028421584373,-0.0001342215941856,0.4991356593432951,5.045841449788737,62,0.8366057709282804
B0056,7218,1.1664177948797931,1.1696921112507337,8056.47000765192,0.1120666032442713,2.0,9.00711525221963,-0.0002003926140762,0.8090154990943084,8.105891354214787,63,0.8676408486428979
B0056,7220,1.1346745156379463,1.131420937972157,8154.337153663175,0.2463833096732527,2.0,39.271096657360495,-0.0001578149827262,0.6251391244345287,3.6782405027871135,64,0.8440285839286555
B0056,7222,1.1012231317092755,1.1013709764523292,8180.163627216347,0.0,2.0,42.42546011483672,-0.0001015995754164,0.4224256245470223,2.8758900011220163,65,0.8191457441198353
B0056,7224,1.1560733948472832,1.1527238677985436,7927.183580629551,0.0095106297385377,2.0,43.449951279164615,-0.0002145949356689,0.4230179646004852,2.568555349744303,66,0.8599461580592092
B0056,7226,1.1385609898764002,1.1418903474466646,8093.447731711639,0.315231320907852,2.0,25.64445245278322,-0.0001760018557624,3.167948964813795,21.464876327136707,67,0.8469195410293473
B0056,7230,1.1757265448773706,1.17928996241106,8221.438591633705,8.047887087090146,2.0,51.07359665902999,-0.0001780642172239,0.8831420619880578,6.274129037487087,68,0.8745651700851432
B0056,7234,1.1969385632452556,1.2035430295714251,8221.192599243157,0.0251772322228597,2.0,51.44383510674222,-0.0002119630853217,0.3636813382642738,2.2005372868813384,69,0.8903437476230803
B0056,7236,1.1267457988726266,1.1338941505786009,8205.603845001835,0.6442229221913263,2.0,8.253874485179745,-0.0001365226467934,0.249713858276863,1.0437572632167282,70,0.8381308013561425
B0056,7238,1.1601031368559531,1.160138842008322,8109.065700334178,65.59330809608204,2.0,43.27080080524189,-0.0001901929707186,0.5675758526557131,5.3027886634964,71,0.8629436850101544
B0056,7240,1.1361458729690277,1.1329417109158182,7994.168024841816,0.0,2.0,6.954648759150336,-0.0001816796180647,0.5125268904970569,2.660372977764947,72,0.8451230543053939
B0056,7242,1.1397253894261876,1.1433534122786295,8081.253122292785,0.3326123349822478,2.0,9.40772057816427,-0.0001779860853776,0.6657288366948376,5.23656698607139,73,0.8477856806046965
B0056,7246,1.1560010024767575,1.1593366280261763,7993.854140642853,0.1041292495949007,2.0,35.92978407232268,-0.0002045087146723,0.6393264251082764,3.0483973173952714,74,0.8598923089340724
B0056,7248,1.126818619026835,1.1268771070834114,8066.948040632338,0.0847028762537758,2.0,29.703951701123444,-0.0001660647658172,0.253687182150616,1.104676884402376,75,0.8381849686885281
B0056,7250,1.116688355680394,1.1199867566422512,7947.595647634569,0.0777462125344074,2.0,37.025072575870816,-0.000168275471448,0.7495458225112586,6.083851864718161,76,0.8306495638572018
B0056,7252,1.1330613197666846,1.1298657570578725,7965.420832189739,0.0777462125344074,2.0,9.14731945545238,-0.0001888826185561,-1.0526015574612655,16.533288817613645,77,0.8428286068356167
B0056,7254,1.0893839897995972,1.0930660386734654,7997.87919976897,0.070789548815039,2.0,6.4193073505329385,-0.0001316532571656,0.7591597142436023,6.587276917926248,78,0.8103391885453161
B0056,7258,1.112083645925937,1.1188716749293788,7983.901224414177,7.520572843522059e-06,2.0,38.20192570595067,-0.0001638225818096,0.3360683532430609,1.5929373940868918,79,0.827224346669459
B0056,7260,1.1279950254648337,1.1314508792028113,7819.631105974448,0.1174572991670277,2.0,41.96150134186295,-0.0002092136861989,0.409140121917657,2.448484577141912,80,0.8390600395976779
B0056,7262,1.1386774565024178,1.1487975827366133,7824.134851823928,0.1917050015178951,2.0,30.26879239216201,-0.0002178263420267,0.0942583394312333,0.4187434917463883,81,0.8470061748261567
B0056,7264,1.1271136962200643,1.127161505224555,7856.351058971632,0.6896553971203897,2.0,39.18862170013531,-0.0002043746669822,5.684610451293114,50.424695596912,82,0.8384044621045857
B0056,7266,1.110150886965375,1.117099843498445,7902.512018495895,0.3415738038455622,2.0,40.77497423456114,-0.0001802405889408,0.0762805816951158,0.3111436018912255,83,0.8257866623061669
B0056,7270,1.1344632260422465,1.1381085024313695,7840.160331376475,0.0,2.0,46.15843668589396,-0.0002023439231814,1.6447516458769025,12.865268390923028,84,0.8438714159868365
B0056,7272,1.108458756302863,1.1155123514292182,7898.187106699192,0.1548151177499924,2.0,12.94869137389654,-0.0001776869497756,0.1745235017858124,0.8611237294203802,85,0.8245279695028839
B0056,7274,1.0768220870214844,1.0772664258676157,7907.206414339633,0.2303419813583844,2.0,34.335732640615994,-0.0001378992035313,128.15841060027824,1234.685463924503,86,0.800995006696569
B0056,7276,1.128398212919817,1.12163662473871,7727.786940079337,0.0,2.0,41.09273379313676,-0.0002330987827595,1.2024102712296916,9.40815112608428,87,0.8393599509220246
B0056,7278,1.1066350346531368,1.110276469965657,7876.468311904755,0.2787124903313921,2.0,9.0866308883457,-0.0001810511539216,0.9397546020224268,6.262755999479833,88,0.8231713926341129
B0056,7282,1.271609072217319,1.2749525336289107,8260.09016058642,0.0127347486102244,2.0,30.300854759557232,-0.0002694070111776,0.3067247344718615,1.8714049606089975,89,0.9458874679414032
B0056,7286,1.2415767175377967,1.245180268634739,8279.390854627836,0.01034581792068,2.0,26.07553262982769,-0.0002419180432074,0.6571754043094824,4.797332718681246,90,0.9235478758884798
B0056,7288,1.174652904422814,1.17834164163999,8339.52566198221,0.0,2.0,9.629179257085417,-0.0001689632724443,0.2100361769584538,1.2477699190591285,91,0.8737665417384067
B0056,7290,1.1989389885187762,1.211451701713509,8074.757321535925,0.0777462125344074,2.0,8.50311570104791,-0.0002475094138606,0.5474506273461178,3.963995279440931,92,0.8918317656296498
B0056,7292,1.1461398965188565,1.1586382568479323,8141.552486259656,0.0777462125344074,2.0,6.798894825223362,-0.0001692760987058,50.041313324147694,484.1213402829508,93,0.852557117050488
B0056,7294,1.129224378671885,1.132795303107887,8130.837058813242,0.0777462125344074,2.0,42.88967018753914,-0.0001627716396274,1.5121466696953545,13.422674524423677,94,0.8399744950051058
B0056,7298,1.1103432888019913,1.1172027184034763,8087.354037167547,0.1728293386294406,2.0,8.124699488724897,-0.0001372896700804,0.4479109342752973,3.1950501817577592,95,0.8259297805726535
B0056,7300,1.153909472897475,1.157399363904967,8063.601344017181,0.0777462125344074,2.0,13.188679478138209,-0.0002085461648941,0.9766466084327614,6.860680156558447,96,0.8583365229137491
B0056,7302,1.1302191455340138,1.130338100019395,7960.237265252594,0.0777462125344074,2.0,41.79693147116493,-0.0001862058909996,0.3114584114617192,1.689545394774748,97,0.8407144531643932
B0056,7304,1.1258719408034097,1.1258067969129997,8003.956187056669,0.0,2.0,10.740435643919207,-0.0001815527544252,0.4468813378004688,3.347437315947977,98,0.8374807813032104
B0056,7306,1.1430108283920968,1.1468334552808137,7819.173781855896,0.0,2.0,37.24376541593588,-0.0002298662602892,1.2227922690812638,7.320575178403952,99,0.8502295571170911
B0056,7310,1.1372731775310292,1.1410727812175585,7849.1984002220415,39.31399396266773,2.0,19.779207035545756,-0.0002137055288502,0.527842958550392,5.323184166719266,100,0.8459616007431691
B0056,7312,1.1290590137779504,1.1290941108800512,7978.502614671398,0.0777462125344074,2.0,45.87531468545436,-0.0001926964896103,5.438229190053386,48.45381708285453,101,0.8398514881909617
